solid OpenSCAD_Model
  facet normal -0.363527 0.606502 0.707109
    outer loop
      vertex 66.9699 36.1808 9
      vertex 67.8116 36.6853 9
      vertex 65.5866 40.0152 5
    endloop
  endfacet
  facet normal 0 1 -0
    outer loop
      vertex 62.2559 35 9
      vertex 15 35 22.2
      vertex 62.2559 35 22.2
    endloop
  endfacet
  facet normal 0 1 0
    outer loop
      vertex 15 35 22.2
      vertex 62.2559 35 9
      vertex 15 35 9
    endloop
  endfacet
  facet normal -0.302355 0.6392 0.70711
    outer loop
      vertex 66.9699 36.1808 9
      vertex 65.0821 39.7128 5
      vertex 64.5502 39.4612 5
    endloop
  endfacet
  facet normal -0.363537 0.606497 0.707108
    outer loop
      vertex 66.9699 36.1808 9
      vertex 65.5866 40.0152 5
      vertex 65.0821 39.7128 5
    endloop
  endfacet
  facet normal -0.34303 -0.618333 0.707103
    outer loop
      vertex 65.6592 61.4958 9
      vertex 64.801 61.9719 9
      vertex 63.0324 58.3788 5
    endloop
  endfacet
  facet normal 0.238209 0.665774 0.707108
    outer loop
      vertex 12.0972 35.4306 9
      vertex 13.2597 39.263 5
      vertex 11.1732 35.7612 9
    endloop
  endfacet
  facet normal 0.803192 0.59572 0
    outer loop
      vertex 7.2699 38.6561 22.2
      vertex 6.6853 39.4443 9
      vertex 6.6853 39.4443 22.2
    endloop
  endfacet
  facet normal 0.803192 0.59572 0
    outer loop
      vertex 6.6853 39.4443 9
      vertex 7.2699 38.6561 22.2
      vertex 7.2699 38.6561 9
    endloop
  endfacet
  facet normal 0.514102 -0.857729 0
    outer loop
      vertex 9.44429 61.3147 9
      vertex 10.286 61.8192 22.2
      vertex 9.44429 61.3147 22.2
    endloop
  endfacet
  facet normal 0.514102 -0.857729 0
    outer loop
      vertex 10.286 61.8192 22.2
      vertex 9.44429 61.3147 9
      vertex 10.286 61.8192 9
    endloop
  endfacet
  facet normal -0.699449 0.1038 0.707104
    outer loop
      vertex 72.2077 44.0198 9
      vertex 68.2222 44.4125 5
      vertex 68.1358 43.8303 5
    endloop
  endfacet
  facet normal 0.970028 -0.242991 0
    outer loop
      vertex 5.19215 54.9509 22.2
      vertex 5.4306 55.9028 9
      vertex 5.4306 55.9028 22.2
    endloop
  endfacet
  facet normal 0.970028 -0.242991 0
    outer loop
      vertex 5.4306 55.9028 9
      vertex 5.19215 54.9509 22.2
      vertex 5.19215 54.9509 9
    endloop
  endfacet
  facet normal -0.402002 -0.58171 0.707113
    outer loop
      vertex 66.4665 60.9379 9
      vertex 65.6592 61.4958 9
      vertex 64.0307 57.7589 5
    endloop
  endfacet
  facet normal -0.210441 -0.977607 0
    outer loop
      vertex 62.0065 62.8676 9
      vertex 62.9658 62.6611 22.2
      vertex 62.0065 62.8676 22.2
    endloop
  endfacet
  facet normal -0.210441 -0.977607 -0
    outer loop
      vertex 62.9658 62.6611 22.2
      vertex 62.0065 62.8676 9
      vertex 62.9658 62.6611 9
    endloop
  endfacet
  facet normal 0.0347291 -0.706254 0.707106
    outer loop
      vertex 15.0981 59 5
      vertex 15 63 9
      vertex 14.0198 62.9518 9
    endloop
  endfacet
  facet normal -0.305171 -0.952297 0
    outer loop
      vertex 62.9658 62.6611 9
      vertex 63.9004 62.3616 22.2
      vertex 62.9658 62.6611 22.2
    endloop
  endfacet
  facet normal -0.305171 -0.952297 -0
    outer loop
      vertex 63.9004 62.3616 22.2
      vertex 62.9658 62.6611 9
      vertex 63.9004 62.3616 9
    endloop
  endfacet
  facet normal -0.336879 0.941548 0
    outer loop
      vertex 66.0827 35.7612 9
      vertex 65.1587 35.4306 22.2
      vertex 66.0827 35.7612 22.2
    endloop
  endfacet
  facet normal -0.336879 0.941548 0
    outer loop
      vertex 65.1587 35.4306 22.2
      vertex 66.0827 35.7612 9
      vertex 65.1587 35.4306 9
    endloop
  endfacet
  facet normal 0.606499 0.363532 0.70711
    outer loop
      vertex 6.6853 39.4443 9
      vertex 10.0152 41.6693 5
      vertex 6.18079 40.286 9
    endloop
  endfacet
  facet normal -0.941548 0.336879 0
    outer loop
      vertex 71.4947 41.1732 9
      vertex 71.8253 42.0972 22.2
      vertex 71.8253 42.0972 9
    endloop
  endfacet
  facet normal -0.941548 0.336879 0
    outer loop
      vertex 71.8253 42.0972 22.2
      vertex 71.4947 41.1732 9
      vertex 71.4947 41.1732 22.2
    endloop
  endfacet
  facet normal 0.103682 -0.699464 0.707107
    outer loop
      vertex 14.4125 58.9663 5
      vertex 14.0198 62.9518 9
      vertex 13.8303 58.88 5
    endloop
  endfacet
  facet normal -0.146741 0.989175 0
    outer loop
      vertex 64.2068 35.1922 9
      vertex 63.2361 35.0482 22.2
      vertex 64.2068 35.1922 22.2
    endloop
  endfacet
  facet normal -0.146741 0.989175 0
    outer loop
      vertex 63.2361 35.0482 22.2
      vertex 64.2068 35.1922 9
      vertex 63.2361 35.0482 9
    endloop
  endfacet
  facet normal -0.280812 -0.648959 0.707105
    outer loop
      vertex 64.801 61.9719 9
      vertex 63.9004 62.3616 9
      vertex 63.0324 58.3788 5
    endloop
  endfacet
  facet normal -0.103762 0.69946 0.707099
    outer loop
      vertex 64.2068 35.1922 9
      vertex 63.4256 39.12 5
      vertex 63.2361 35.0482 9
    endloop
  endfacet
  facet normal 0.59571 0.8032 -0
    outer loop
      vertex 9.44429 36.6853 9
      vertex 8.65607 37.2699 22.2
      vertex 9.44429 36.6853 22.2
    endloop
  endfacet
  facet normal 0.59571 0.8032 0
    outer loop
      vertex 8.65607 37.2699 22.2
      vertex 9.44429 36.6853 9
      vertex 8.65607 37.2699 9
    endloop
  endfacet
  facet normal -0.113506 -0.993537 0
    outer loop
      vertex 61.0314 62.979 9
      vertex 62.0065 62.8676 22.2
      vertex 61.0314 62.979 22.2
    endloop
  endfacet
  facet normal -0.113506 -0.993537 -0
    outer loop
      vertex 62.0065 62.8676 22.2
      vertex 61.0314 62.979 9
      vertex 62.0065 62.8676 9
    endloop
  endfacet
  facet normal 0.941548 -0.336879 0
    outer loop
      vertex 5.4306 55.9028 22.2
      vertex 5.7612 56.8268 9
      vertex 5.7612 56.8268 22.2
    endloop
  endfacet
  facet normal 0.941548 -0.336879 0
    outer loop
      vertex 5.7612 56.8268 9
      vertex 5.4306 55.9028 22.2
      vertex 5.4306 55.9028 9
    endloop
  endfacet
  facet normal -0.594034 -0.383557 0.707113
    outer loop
      vertex 69.0412 58.0062 9
      vertex 68.5089 58.8306 9
      vertex 65.2552 56.4955 5
    endloop
  endfacet
  facet normal -0.706254 0.0347417 0.707105
    outer loop
      vertex 72.2077 44.0198 9
      vertex 68.2511 45 5
      vertex 68.2222 44.4125 5
    endloop
  endfacet
  facet normal 0.0347153 -0.706256 0.707104
    outer loop
      vertex 14.4125 58.9663 5
      vertex 15.0981 59 5
      vertex 14.0198 62.9518 9
    endloop
  endfacet
  facet normal -0.148804 -0.691272 0.707108
    outer loop
      vertex 62.9658 62.6611 9
      vertex 62.0065 62.8676 9
      vertex 61.3569 58.9158 5
    endloop
  endfacet
  facet normal 0.706255 0.0347003 0.707106
    outer loop
      vertex 5.04816 44.0198 9
      vertex 9 45.0981 5
      vertex 5 45 9
    endloop
  endfacet
  facet normal 0.606499 -0.363532 0.70711
    outer loop
      vertex 10.0152 56.3307 5
      vertex 6.6853 58.5557 9
      vertex 6.18079 57.714 9
    endloop
  endfacet
  facet normal -0.397127 -0.917764 0
    outer loop
      vertex 63.9004 62.3616 9
      vertex 64.801 61.9719 22.2
      vertex 63.9004 62.3616 22.2
    endloop
  endfacet
  facet normal -0.397127 -0.917764 -0
    outer loop
      vertex 64.801 61.9719 22.2
      vertex 63.9004 62.3616 9
      vertex 64.801 61.9719 9
    endloop
  endfacet
  facet normal 0.0491143 -0.998793 0
    outer loop
      vertex 14.0198 62.9518 9
      vertex 15 63 22.2
      vertex 14.0198 62.9518 22.2
    endloop
  endfacet
  facet normal 0.0491143 -0.998793 0
    outer loop
      vertex 15 63 22.2
      vertex 14.0198 62.9518 9
      vertex 15 63 9
    endloop
  endfacet
  facet normal -0.699451 0.103761 0.707108
    outer loop
      vertex 72.0637 43.0491 9
      vertex 72.2077 44.0198 9
      vertex 68.1358 43.8303 5
    endloop
  endfacet
  facet normal -0.457082 -0.539507 0.707113
    outer loop
      vertex 67.2153 60.3035 9
      vertex 66.4665 60.9379 9
      vertex 64.4797 57.3785 5
    endloop
  endfacet
  facet normal 0.103762 0.69946 0.707099
    outer loop
      vertex 14.0198 35.0482 9
      vertex 13.8303 39.12 5
      vertex 13.0491 35.1922 9
    endloop
  endfacet
  facet normal -0.989175 0.146741 0
    outer loop
      vertex 72.0637 43.0491 9
      vertex 72.2077 44.0198 22.2
      vertex 72.2077 44.0198 9
    endloop
  endfacet
  facet normal -0.989175 0.146741 0
    outer loop
      vertex 72.2077 44.0198 22.2
      vertex 72.0637 43.0491 9
      vertex 72.0637 43.0491 22.2
    endloop
  endfacet
  facet normal -0.639222 0.302319 0.707106
    outer loop
      vertex 71.0751 40.286 9
      vertex 71.4947 41.1732 9
      vertex 67.7947 42.7057 5
    endloop
  endfacet
  facet normal 0.427543 0.903995 -0
    outer loop
      vertex 11.1732 35.7612 9
      vertex 10.286 36.1808 22.2
      vertex 11.1732 35.7612 22.2
    endloop
  endfacet
  facet normal 0.427543 0.903995 0
    outer loop
      vertex 10.286 36.1808 22.2
      vertex 11.1732 35.7612 9
      vertex 10.286 36.1808 9
    endloop
  endfacet
  facet normal -0.0229424 -0.706736 0.707105
    outer loop
      vertex 60.7392 58.9864 5
      vertex 61.0314 62.979 9
      vertex 60.3845 63 9
    endloop
  endfacet
  facet normal -0.280699 -0.648995 0.707116
    outer loop
      vertex 63.0324 58.3788 5
      vertex 63.9004 62.3616 9
      vertex 62.4923 58.6124 5
    endloop
  endfacet
  facet normal -0.507789 -0.492081 0.707111
    outer loop
      vertex 67.8982 59.5988 9
      vertex 67.2153 60.3035 9
      vertex 64.4797 57.3785 5
    endloop
  endfacet
  facet normal -0.427543 0.903995 0
    outer loop
      vertex 66.9699 36.1808 9
      vertex 66.0827 35.7612 22.2
      vertex 66.9699 36.1808 22.2
    endloop
  endfacet
  facet normal -0.427543 0.903995 0
    outer loop
      vertex 66.0827 35.7612 22.2
      vertex 66.9699 36.1808 9
      vertex 66.0827 35.7612 9
    endloop
  endfacet
  facet normal -0.688523 -0.161063 0.707103
    outer loop
      vertex 68.0682 46.4948 5
      vertex 71.993 47.2777 9
      vertex 66.2491 54.2712 5
    endloop
  endfacet
  facet normal 0.0491143 0.998793 -0
    outer loop
      vertex 15 35 9
      vertex 14.0198 35.0482 22.2
      vertex 15 35 22.2
    endloop
  endfacet
  facet normal 0.0491143 0.998793 0
    outer loop
      vertex 14.0198 35.0482 22.2
      vertex 15 35 9
      vertex 14.0198 35.0482 9
    endloop
  endfacet
  facet normal 0 -0.707107 0.707107
    outer loop
      vertex 15.0981 59 5
      vertex 60.3845 63 9
      vertex 15 63 9
    endloop
  endfacet
  facet normal 0 -0.707107 0.707107
    outer loop
      vertex 60.3845 63 9
      vertex 15.0981 59 5
      vertex 60.3196 59 5
    endloop
  endfacet
  facet normal 0 -1 0
    outer loop
      vertex 15 63 9
      vertex 60.3845 63 22.2
      vertex 15 63 22.2
    endloop
  endfacet
  facet normal 0 -1 -0
    outer loop
      vertex 60.3845 63 22.2
      vertex 15 63 9
      vertex 60.3845 63 9
    endloop
  endfacet
  facet normal -0.741 0.671505 0
    outer loop
      vertex 69.327 37.9289 9
      vertex 69.986 38.6561 22.2
      vertex 69.986 38.6561 9
    endloop
  endfacet
  facet normal -0.741 0.671505 0
    outer loop
      vertex 69.986 38.6561 22.2
      vertex 69.327 37.9289 9
      vertex 69.327 37.9289 22.2
    endloop
  endfacet
  facet normal 0.639224 -0.302313 0.707106
    outer loop
      vertex 9.4612 55.2943 5
      vertex 6.18079 57.714 9
      vertex 5.7612 56.8268 9
    endloop
  endfacet
  facet normal -0.0491143 0.998793 0
    outer loop
      vertex 63.2361 35.0482 9
      vertex 62.2559 35 22.2
      vertex 63.2361 35.0482 22.2
    endloop
  endfacet
  facet normal -0.0491143 0.998793 0
    outer loop
      vertex 62.2559 35 22.2
      vertex 63.2361 35.0482 9
      vertex 62.2559 35 9
    endloop
  endfacet
  facet normal 0.523851 0.474939 0.707116
    outer loop
      vertex 10.7608 40.7608 5
      vertex 10.3656 41.1967 5
      vertex 7.92892 37.9289 9
    endloop
  endfacet
  facet normal -0.238209 0.665774 0.707108
    outer loop
      vertex 65.1587 35.4306 9
      vertex 66.0827 35.7612 9
      vertex 63.9962 39.263 5
    endloop
  endfacet
  facet normal -0.148783 -0.691278 0.707105
    outer loop
      vertex 61.9321 58.792 5
      vertex 62.9658 62.6611 9
      vertex 61.3569 58.9158 5
    endloop
  endfacet
  facet normal 0.685916 -0.171816 0.707105
    outer loop
      vertex 9.12004 54.1697 5
      vertex 9.26297 54.7403 5
      vertex 5.4306 55.9028 9
    endloop
  endfacet
  facet normal -0.103682 0.699464 0.707107
    outer loop
      vertex 63.2361 35.0482 9
      vertex 63.4256 39.12 5
      vertex 62.8434 39.0337 5
    endloop
  endfacet
  facet normal -0.697632 -0.115394 0.707102
    outer loop
      vertex 68.2238 45.5541 5
      vertex 71.993 47.2777 9
      vertex 68.0682 46.4948 5
    endloop
  endfacet
  facet normal 0.103682 0.699464 0.707107
    outer loop
      vertex 14.0198 35.0482 9
      vertex 14.4125 39.0337 5
      vertex 13.8303 39.12 5
    endloop
  endfacet
  facet normal -0.242943 0.970041 0
    outer loop
      vertex 65.1587 35.4306 9
      vertex 64.2068 35.1922 22.2
      vertex 65.1587 35.4306 22.2
    endloop
  endfacet
  facet normal -0.242943 0.970041 0
    outer loop
      vertex 64.2068 35.1922 22.2
      vertex 65.1587 35.4306 9
      vertex 64.2068 35.1922 9
    endloop
  endfacet
  facet normal -0.52397 0.47483 0.707101
    outer loop
      vertex 69.327 37.9289 9
      vertex 69.986 38.6561 9
      vertex 66.8903 41.1967 5
    endloop
  endfacet
  facet normal 0.803192 -0.59572 0
    outer loop
      vertex 6.6853 58.5557 22.2
      vertex 7.2699 59.3439 9
      vertex 7.2699 59.3439 22.2
    endloop
  endfacet
  facet normal 0.803192 -0.59572 0
    outer loop
      vertex 7.2699 59.3439 9
      vertex 6.6853 58.5557 22.2
      vertex 6.6853 58.5557 9
    endloop
  endfacet
  facet normal -0.0802615 -0.70254 0.707104
    outer loop
      vertex 62.0065 62.8676 9
      vertex 61.0314 62.979 9
      vertex 60.7392 58.9864 5
    endloop
  endfacet
  facet normal -0.421148 0.568021 0.707098
    outer loop
      vertex 68.5998 37.2699 9
      vertex 66.0592 40.3656 5
      vertex 65.5866 40.0152 5
    endloop
  endfacet
  facet normal 0.427543 -0.903995 0
    outer loop
      vertex 10.286 61.8192 9
      vertex 11.1732 62.2388 22.2
      vertex 10.286 61.8192 22.2
    endloop
  endfacet
  facet normal 0.427543 -0.903995 0
    outer loop
      vertex 11.1732 62.2388 22.2
      vertex 10.286 61.8192 9
      vertex 11.1732 62.2388 9
    endloop
  endfacet
  facet normal 0.474939 0.523851 0.707116
    outer loop
      vertex 11.1967 40.3656 5
      vertex 10.7608 40.7608 5
      vertex 7.92892 37.9289 9
    endloop
  endfacet
  facet normal 0.421147 -0.568019 0.707099
    outer loop
      vertex 11.1967 57.6344 5
      vertex 11.6693 57.9848 5
      vertex 8.65607 60.7301 9
    endloop
  endfacet
  facet normal 0.903999 -0.427535 0
    outer loop
      vertex 5.7612 56.8268 22.2
      vertex 6.18079 57.714 9
      vertex 6.18079 57.714 22.2
    endloop
  endfacet
  facet normal 0.903999 -0.427535 0
    outer loop
      vertex 6.18079 57.714 9
      vertex 5.7612 56.8268 22.2
      vertex 5.7612 56.8268 9
    endloop
  endfacet
  facet normal -0.986584 -0.163252 0
    outer loop
      vertex 72.2077 45.9802 9
      vertex 71.993 47.2777 22.2
      vertex 71.993 47.2777 9
    endloop
  endfacet
  facet normal -0.986584 -0.163252 0
    outer loop
      vertex 71.993 47.2777 22.2
      vertex 72.2077 45.9802 9
      vertex 72.2077 45.9802 22.2
    endloop
  endfacet
  facet normal 0.903999 0.427535 0
    outer loop
      vertex 6.18079 40.286 22.2
      vertex 5.7612 41.1732 9
      vertex 5.7612 41.1732 22.2
    endloop
  endfacet
  facet normal 0.903999 0.427535 0
    outer loop
      vertex 5.7612 41.1732 9
      vertex 6.18079 40.286 22.2
      vertex 6.18079 40.286 9
    endloop
  endfacet
  facet normal 0.238191 -0.665782 0.707106
    outer loop
      vertex 12.7057 58.5388 5
      vertex 13.2597 58.737 5
      vertex 11.1732 62.2388 9
    endloop
  endfacet
  facet normal 0.665777 -0.23821 0.707105
    outer loop
      vertex 9.26297 54.7403 5
      vertex 5.7612 56.8268 9
      vertex 5.4306 55.9028 9
    endloop
  endfacet
  facet normal -0.688516 -0.161053 0.707112
    outer loop
      vertex 71.993 47.2777 9
      vertex 70.1217 55.2777 9
      vertex 66.2491 54.2712 5
    endloop
  endfacet
  facet normal -0.685923 0.171781 0.707107
    outer loop
      vertex 71.8253 42.0972 9
      vertex 68.1358 43.8303 5
      vertex 67.9929 43.2597 5
    endloop
  endfacet
  facet normal 0.685915 0.171821 0.707106
    outer loop
      vertex 5.4306 42.0972 9
      vertex 9.12004 43.8303 5
      vertex 5.19215 43.0491 9
    endloop
  endfacet
  facet normal -0.238191 0.665782 0.707106
    outer loop
      vertex 66.0827 35.7612 9
      vertex 64.5502 39.4612 5
      vertex 63.9962 39.263 5
    endloop
  endfacet
  facet normal -0.302319 0.639222 0.707106
    outer loop
      vertex 66.0827 35.7612 9
      vertex 66.9699 36.1808 9
      vertex 64.5502 39.4612 5
    endloop
  endfacet
  facet normal 0.336879 0.941548 -0
    outer loop
      vertex 12.0972 35.4306 9
      vertex 11.1732 35.7612 22.2
      vertex 12.0972 35.4306 22.2
    endloop
  endfacet
  facet normal 0.336879 0.941548 0
    outer loop
      vertex 11.1732 35.7612 22.2
      vertex 12.0972 35.4306 9
      vertex 11.1732 35.7612 9
    endloop
  endfacet
  facet normal 0.66577 -0.238223 0.707107
    outer loop
      vertex 9.26297 54.7403 5
      vertex 9.4612 55.2943 5
      vertex 5.7612 56.8268 9
    endloop
  endfacet
  facet normal 0.363537 0.606497 0.707108
    outer loop
      vertex 12.1738 39.7128 5
      vertex 11.6693 40.0152 5
      vertex 10.286 36.1808 9
    endloop
  endfacet
  facet normal 0.302355 -0.6392 0.70711
    outer loop
      vertex 12.1738 58.2872 5
      vertex 12.7057 58.5388 5
      vertex 10.286 61.8192 9
    endloop
  endfacet
  facet normal 0.363537 -0.606497 0.707108
    outer loop
      vertex 11.6693 57.9848 5
      vertex 12.1738 58.2872 5
      vertex 10.286 61.8192 9
    endloop
  endfacet
  facet normal -0.0324454 -0.999474 0
    outer loop
      vertex 60.3845 63 9
      vertex 61.0314 62.979 22.2
      vertex 60.3845 63 22.2
    endloop
  endfacet
  facet normal -0.0324454 -0.999474 -0
    outer loop
      vertex 61.0314 62.979 22.2
      vertex 60.3845 63 9
      vertex 61.0314 62.979 9
    endloop
  endfacet
  facet normal -0.553515 -0.440031 0.707102
    outer loop
      vertex 68.5089 58.8306 9
      vertex 67.8982 59.5988 9
      vertex 64.8891 56.9562 5
    endloop
  endfacet
  facet normal -0.55359 -0.439916 0.707116
    outer loop
      vertex 65.2552 56.4955 5
      vertex 68.5089 58.8306 9
      vertex 64.8891 56.9562 5
    endloop
  endfacet
  facet normal 0 0.707107 0.707107
    outer loop
      vertex 62.1577 39 5
      vertex 15 35 9
      vertex 62.2559 35 9
    endloop
  endfacet
  facet normal 0 0.707107 0.707107
    outer loop
      vertex 15 35 9
      vertex 62.1577 39 5
      vertex 15.0981 39 5
    endloop
  endfacet
  facet normal -0.606497 0.363537 0.707108
    outer loop
      vertex 71.0751 40.286 9
      vertex 67.5431 42.1738 5
      vertex 67.2407 41.6693 5
    endloop
  endfacet
  facet normal -0.857727 0.514106 0
    outer loop
      vertex 70.5706 39.4443 9
      vertex 71.0751 40.286 22.2
      vertex 71.0751 40.286 9
    endloop
  endfacet
  facet normal -0.857727 0.514106 0
    outer loop
      vertex 71.0751 40.286 22.2
      vertex 70.5706 39.4443 9
      vertex 70.5706 39.4443 22.2
    endloop
  endfacet
  facet normal -0.961347 -0.27534 0
    outer loop
      vertex 70.1217 55.2777 9
      vertex 69.8515 56.2211 22.2
      vertex 69.8515 56.2211 9
    endloop
  endfacet
  facet normal -0.961347 -0.27534 0
    outer loop
      vertex 69.8515 56.2211 22.2
      vertex 70.1217 55.2777 9
      vertex 70.1217 55.2777 22.2
    endloop
  endfacet
  facet normal 0.238209 -0.665774 0.707108
    outer loop
      vertex 13.2597 58.737 5
      vertex 12.0972 62.5694 9
      vertex 11.1732 62.2388 9
    endloop
  endfacet
  facet normal 0.970028 0.242991 0
    outer loop
      vertex 5.4306 42.0972 22.2
      vertex 5.19215 43.0491 9
      vertex 5.19215 43.0491 22.2
    endloop
  endfacet
  facet normal 0.970028 0.242991 0
    outer loop
      vertex 5.19215 43.0491 9
      vertex 5.4306 42.0972 22.2
      vertex 5.4306 42.0972 9
    endloop
  endfacet
  facet normal -0.646417 -0.762984 0
    outer loop
      vertex 66.4665 60.9379 9
      vertex 67.2153 60.3035 22.2
      vertex 66.4665 60.9379 22.2
    endloop
  endfacet
  facet normal -0.646417 -0.762984 -0
    outer loop
      vertex 67.2153 60.3035 22.2
      vertex 66.4665 60.9379 9
      vertex 67.2153 60.3035 9
    endloop
  endfacet
  facet normal 0.146741 0.989175 -0
    outer loop
      vertex 14.0198 35.0482 9
      vertex 13.0491 35.1922 22.2
      vertex 14.0198 35.0482 22.2
    endloop
  endfacet
  facet normal 0.146741 0.989175 0
    outer loop
      vertex 13.0491 35.1922 22.2
      vertex 14.0198 35.0482 9
      vertex 13.0491 35.1922 9
    endloop
  endfacet
  facet normal -0.657485 -0.260207 0.707111
    outer loop
      vertex 66.0602 54.9309 5
      vertex 69.8515 56.2211 9
      vertex 65.8436 55.4782 5
    endloop
  endfacet
  facet normal -0.803192 0.59572 0
    outer loop
      vertex 69.986 38.6561 9
      vertex 70.5706 39.4443 22.2
      vertex 70.5706 39.4443 9
    endloop
  endfacet
  facet normal -0.803192 0.59572 0
    outer loop
      vertex 70.5706 39.4443 22.2
      vertex 69.986 38.6561 9
      vertex 69.986 38.6561 22.2
    endloop
  endfacet
  facet normal -0.47483 0.52397 0.707101
    outer loop
      vertex 68.5998 37.2699 9
      vertex 69.327 37.9289 9
      vertex 66.0592 40.3656 5
    endloop
  endfacet
  facet normal 0.302319 0.639222 0.707106
    outer loop
      vertex 11.1732 35.7612 9
      vertex 12.7057 39.4612 5
      vertex 10.286 36.1808 9
    endloop
  endfacet
  facet normal -0.514106 0.857727 0
    outer loop
      vertex 67.8116 36.6853 9
      vertex 66.9699 36.1808 22.2
      vertex 67.8116 36.6853 22.2
    endloop
  endfacet
  facet normal -0.514106 0.857727 0
    outer loop
      vertex 66.9699 36.1808 22.2
      vertex 67.8116 36.6853 9
      vertex 66.9699 36.1808 9
    endloop
  endfacet
  facet normal 0.302319 -0.639222 0.707106
    outer loop
      vertex 12.7057 58.5388 5
      vertex 11.1732 62.2388 9
      vertex 10.286 61.8192 9
    endloop
  endfacet
  facet normal 0.171894 0.685892 0.70711
    outer loop
      vertex 13.8303 39.12 5
      vertex 13.2597 39.263 5
      vertex 12.0972 35.4306 9
    endloop
  endfacet
  facet normal 0.336879 -0.941548 0
    outer loop
      vertex 11.1732 62.2388 9
      vertex 12.0972 62.5694 22.2
      vertex 11.1732 62.2388 22.2
    endloop
  endfacet
  facet normal 0.336879 -0.941548 0
    outer loop
      vertex 12.0972 62.5694 22.2
      vertex 11.1732 62.2388 9
      vertex 12.0972 62.5694 9
    endloop
  endfacet
  facet normal 0.523851 -0.474939 0.707116
    outer loop
      vertex 10.3656 56.8033 5
      vertex 10.7608 57.2392 5
      vertex 7.92892 60.0711 9
    endloop
  endfacet
  facet normal 0.242943 0.970041 -0
    outer loop
      vertex 13.0491 35.1922 9
      vertex 12.0972 35.4306 22.2
      vertex 13.0491 35.1922 22.2
    endloop
  endfacet
  facet normal 0.242943 0.970041 0
    outer loop
      vertex 12.0972 35.4306 22.2
      vertex 13.0491 35.1922 9
      vertex 12.0972 35.4306 9
    endloop
  endfacet
  facet normal 0.171789 0.68593 0.707099
    outer loop
      vertex 13.0491 35.1922 9
      vertex 13.8303 39.12 5
      vertex 12.0972 35.4306 9
    endloop
  endfacet
  facet normal 0.941548 0.336879 0
    outer loop
      vertex 5.7612 41.1732 22.2
      vertex 5.4306 42.0972 9
      vertex 5.4306 42.0972 22.2
    endloop
  endfacet
  facet normal 0.941548 0.336879 0
    outer loop
      vertex 5.4306 42.0972 9
      vertex 5.7612 41.1732 22.2
      vertex 5.7612 41.1732 9
    endloop
  endfacet
  facet normal -0.697619 -0.115436 0.707108
    outer loop
      vertex 72.2077 45.9802 9
      vertex 71.993 47.2777 9
      vertex 68.2238 45.5541 5
    endloop
  endfacet
  facet normal -0.718127 -0.695912 0
    outer loop
      vertex 67.8982 59.5988 9
      vertex 67.2153 60.3035 22.2
      vertex 67.2153 60.3035 9
    endloop
  endfacet
  facet normal -0.718127 -0.695912 0
    outer loop
      vertex 67.2153 60.3035 22.2
      vertex 67.8982 59.5988 9
      vertex 67.8982 59.5988 22.2
    endloop
  endfacet
  facet normal 0.706255 -0.034705 0.707107
    outer loop
      vertex 9 52.9019 5
      vertex 9.03369 53.5875 5
      vertex 5.04816 53.9802 9
    endloop
  endfacet
  facet normal 0.699454 -0.103741 0.707108
    outer loop
      vertex 9.03369 53.5875 5
      vertex 9.12004 54.1697 5
      vertex 5.04816 53.9802 9
    endloop
  endfacet
  facet normal 0.0347291 0.706254 0.707106
    outer loop
      vertex 15 35 9
      vertex 15.0981 39 5
      vertex 14.0198 35.0482 9
    endloop
  endfacet
  facet normal -0.507701 -0.492192 0.707097
    outer loop
      vertex 64.8891 56.9562 5
      vertex 67.8982 59.5988 9
      vertex 64.4797 57.3785 5
    endloop
  endfacet
  facet normal 0.740989 0.671517 0
    outer loop
      vertex 7.92892 37.9289 22.2
      vertex 7.2699 38.6561 9
      vertex 7.2699 38.6561 22.2
    endloop
  endfacet
  facet normal 0.740989 0.671517 0
    outer loop
      vertex 7.2699 38.6561 9
      vertex 7.92892 37.9289 22.2
      vertex 7.92892 37.9289 9
    endloop
  endfacet
  facet normal -0.171789 0.68593 0.707099
    outer loop
      vertex 64.2068 35.1922 9
      vertex 65.1587 35.4306 9
      vertex 63.4256 39.12 5
    endloop
  endfacet
  facet normal -0.171894 0.685892 0.70711
    outer loop
      vertex 65.1587 35.4306 9
      vertex 63.9962 39.263 5
      vertex 63.4256 39.12 5
    endloop
  endfacet
  facet normal -0.0347291 0.706254 0.707106
    outer loop
      vertex 62.2559 35 9
      vertex 63.2361 35.0482 9
      vertex 62.1577 39 5
    endloop
  endfacet
  facet normal -0.0347103 0.706257 0.707104
    outer loop
      vertex 63.2361 35.0482 9
      vertex 62.8434 39.0337 5
      vertex 62.1577 39 5
    endloop
  endfacet
  facet normal 0.474847 -0.523953 0.707103
    outer loop
      vertex 11.1967 57.6344 5
      vertex 8.65607 60.7301 9
      vertex 7.92892 60.0711 9
    endloop
  endfacet
  facet normal 0.474939 -0.523851 0.707116
    outer loop
      vertex 10.7608 57.2392 5
      vertex 11.1967 57.6344 5
      vertex 7.92892 60.0711 9
    endloop
  endfacet
  facet normal 0.671531 0.740977 -0
    outer loop
      vertex 8.65607 37.2699 9
      vertex 7.92892 37.9289 22.2
      vertex 8.65607 37.2699 22.2
    endloop
  endfacet
  facet normal 0.671531 0.740977 0
    outer loop
      vertex 7.92892 37.9289 22.2
      vertex 8.65607 37.2699 9
      vertex 7.92892 37.9289 9
    endloop
  endfacet
  facet normal 0.238191 0.665782 0.707106
    outer loop
      vertex 13.2597 39.263 5
      vertex 12.7057 39.4612 5
      vertex 11.1732 35.7612 9
    endloop
  endfacet
  facet normal -0.402081 -0.581666 0.707104
    outer loop
      vertex 64.0307 57.7589 5
      vertex 65.6592 61.4958 9
      vertex 63.5468 58.0934 5
    endloop
  endfacet
  facet normal -0.45708 -0.539508 0.707113
    outer loop
      vertex 64.4797 57.3785 5
      vertex 66.4665 60.9379 9
      vertex 64.0307 57.7589 5
    endloop
  endfacet
  facet normal 0.665777 0.23821 0.707105
    outer loop
      vertex 5.7612 41.1732 9
      vertex 9.26297 43.2597 5
      vertex 5.4306 42.0972 9
    endloop
  endfacet
  facet normal -0.6392 0.302355 0.70711
    outer loop
      vertex 71.0751 40.286 9
      vertex 67.7947 42.7057 5
      vertex 67.5431 42.1738 5
    endloop
  endfacet
  facet normal 0.567941 -0.421236 0.707109
    outer loop
      vertex 10.0152 56.3307 5
      vertex 7.2699 59.3439 9
      vertex 6.6853 58.5557 9
    endloop
  endfacet
  facet normal -0.973716 -0.227764 0
    outer loop
      vertex 71.993 47.2777 9
      vertex 70.1217 55.2777 22.2
      vertex 70.1217 55.2777 9
    endloop
  endfacet
  facet normal -0.973716 -0.227764 0
    outer loop
      vertex 70.1217 55.2777 22.2
      vertex 71.993 47.2777 9
      vertex 71.993 47.2777 22.2
    endloop
  endfacet
  facet normal 0.421229 -0.567945 0.70711
    outer loop
      vertex 11.6693 57.9848 5
      vertex 9.44429 61.3147 9
      vertex 8.65607 60.7301 9
    endloop
  endfacet
  facet normal -0.0802959 -0.702533 0.707107
    outer loop
      vertex 61.3569 58.9158 5
      vertex 62.0065 62.8676 9
      vertex 60.7392 58.9864 5
    endloop
  endfacet
  facet normal 0 0 1
    outer loop
      vertex 68.2238 45.5541 5
      vertex 68.2222 44.4125 5
      vertex 68.2511 45 5
    endloop
  endfacet
  facet normal 0 0 1
    outer loop
      vertex 68.2238 45.5541 5
      vertex 68.1358 43.8303 5
      vertex 68.2222 44.4125 5
    endloop
  endfacet
  facet normal 0 0 1
    outer loop
      vertex 68.0682 46.4948 5
      vertex 68.1358 43.8303 5
      vertex 68.2238 45.5541 5
    endloop
  endfacet
  facet normal 0 0 1
    outer loop
      vertex 68.0682 46.4948 5
      vertex 67.9929 43.2597 5
      vertex 68.1358 43.8303 5
    endloop
  endfacet
  facet normal 0 0 1
    outer loop
      vertex 68.0682 46.4948 5
      vertex 67.7947 42.7057 5
      vertex 67.9929 43.2597 5
    endloop
  endfacet
  facet normal 0 0 1
    outer loop
      vertex 68.0682 46.4948 5
      vertex 67.5431 42.1738 5
      vertex 67.7947 42.7057 5
    endloop
  endfacet
  facet normal 0 0 1
    outer loop
      vertex 68.0682 46.4948 5
      vertex 67.2407 41.6693 5
      vertex 67.5431 42.1738 5
    endloop
  endfacet
  facet normal 0 0 1
    outer loop
      vertex 68.0682 46.4948 5
      vertex 66.8903 41.1967 5
      vertex 67.2407 41.6693 5
    endloop
  endfacet
  facet normal 0 0 1
    outer loop
      vertex 68.0682 46.4948 5
      vertex 66.4951 40.7608 5
      vertex 66.8903 41.1967 5
    endloop
  endfacet
  facet normal 0 0 1
    outer loop
      vertex 62.1577 39 5
      vertex 68.0682 46.4948 5
      vertex 66.2491 54.2712 5
    endloop
  endfacet
  facet normal 0 0 1
    outer loop
      vertex 60.3196 59 5
      vertex 66.2491 54.2712 5
      vertex 66.0602 54.9309 5
    endloop
  endfacet
  facet normal 0 0 1
    outer loop
      vertex 68.0682 46.4948 5
      vertex 62.1577 39 5
      vertex 66.4951 40.7608 5
    endloop
  endfacet
  facet normal 0 0 1
    outer loop
      vertex 60.3196 59 5
      vertex 66.0602 54.9309 5
      vertex 65.8436 55.4782 5
    endloop
  endfacet
  facet normal 0 0 1
    outer loop
      vertex 66.4951 40.7608 5
      vertex 62.1577 39 5
      vertex 66.0592 40.3656 5
    endloop
  endfacet
  facet normal 0 0 1
    outer loop
      vertex 60.3196 59 5
      vertex 65.8436 55.4782 5
      vertex 65.5744 56.0013 5
    endloop
  endfacet
  facet normal 0 0 1
    outer loop
      vertex 60.3196 59 5
      vertex 65.5744 56.0013 5
      vertex 65.2552 56.4955 5
    endloop
  endfacet
  facet normal 0 0 1
    outer loop
      vertex 66.0592 40.3656 5
      vertex 62.1577 39 5
      vertex 65.5866 40.0152 5
    endloop
  endfacet
  facet normal 0 0 1
    outer loop
      vertex 60.3196 59 5
      vertex 65.2552 56.4955 5
      vertex 64.8891 56.9562 5
    endloop
  endfacet
  facet normal 0 0 1
    outer loop
      vertex 65.5866 40.0152 5
      vertex 62.1577 39 5
      vertex 65.0821 39.7128 5
    endloop
  endfacet
  facet normal 0 0 1
    outer loop
      vertex 60.3196 59 5
      vertex 64.8891 56.9562 5
      vertex 64.4797 57.3785 5
    endloop
  endfacet
  facet normal 0 0 1
    outer loop
      vertex 60.3196 59 5
      vertex 64.4797 57.3785 5
      vertex 64.0307 57.7589 5
    endloop
  endfacet
  facet normal 0 0 1
    outer loop
      vertex 65.0821 39.7128 5
      vertex 62.1577 39 5
      vertex 64.5502 39.4612 5
    endloop
  endfacet
  facet normal 0 0 1
    outer loop
      vertex 60.3196 59 5
      vertex 64.0307 57.7589 5
      vertex 63.5468 58.0934 5
    endloop
  endfacet
  facet normal 0 0 1
    outer loop
      vertex 64.5502 39.4612 5
      vertex 62.1577 39 5
      vertex 63.9962 39.263 5
    endloop
  endfacet
  facet normal 0 0 1
    outer loop
      vertex 60.3196 59 5
      vertex 63.5468 58.0934 5
      vertex 63.0324 58.3788 5
    endloop
  endfacet
  facet normal 0 0 1
    outer loop
      vertex 63.9962 39.263 5
      vertex 62.1577 39 5
      vertex 63.4256 39.12 5
    endloop
  endfacet
  facet normal 0 0 1
    outer loop
      vertex 60.3196 59 5
      vertex 63.0324 58.3788 5
      vertex 62.4923 58.6124 5
    endloop
  endfacet
  facet normal 0 0 1
    outer loop
      vertex 63.4256 39.12 5
      vertex 62.1577 39 5
      vertex 62.8434 39.0337 5
    endloop
  endfacet
  facet normal 0 0 1
    outer loop
      vertex 60.3196 59 5
      vertex 62.4923 58.6124 5
      vertex 61.9321 58.792 5
    endloop
  endfacet
  facet normal 0 0 1
    outer loop
      vertex 60.3196 59 5
      vertex 61.9321 58.792 5
      vertex 61.3569 58.9158 5
    endloop
  endfacet
  facet normal 0 0 1
    outer loop
      vertex 60.3196 59 5
      vertex 61.3569 58.9158 5
      vertex 60.7392 58.9864 5
    endloop
  endfacet
  facet normal 0 0 1
    outer loop
      vertex 66.2491 54.2712 5
      vertex 60.3196 59 5
      vertex 62.1577 39 5
    endloop
  endfacet
  facet normal 0 0 1
    outer loop
      vertex 15.0981 39 5
      vertex 60.3196 59 5
      vertex 15.0981 59 5
    endloop
  endfacet
  facet normal 0 0 1
    outer loop
      vertex 60.3196 59 5
      vertex 15.0981 39 5
      vertex 62.1577 39 5
    endloop
  endfacet
  facet normal 0 0 1
    outer loop
      vertex 9 52.9019 5
      vertex 15.0981 59 5
      vertex 14.4125 58.9663 5
    endloop
  endfacet
  facet normal 0 0 1
    outer loop
      vertex 15.0981 59 5
      vertex 9 52.9019 5
      vertex 15.0981 39 5
    endloop
  endfacet
  facet normal 0 0 1
    outer loop
      vertex 9 52.9019 5
      vertex 14.4125 58.9663 5
      vertex 13.8303 58.88 5
    endloop
  endfacet
  facet normal -0 0 1
    outer loop
      vertex 9 45.0981 5
      vertex 15.0981 39 5
      vertex 9 52.9019 5
    endloop
  endfacet
  facet normal 0 0 1
    outer loop
      vertex 9 52.9019 5
      vertex 13.8303 58.88 5
      vertex 13.2597 58.737 5
    endloop
  endfacet
  facet normal 0 0 1
    outer loop
      vertex 15.0981 39 5
      vertex 9 45.0981 5
      vertex 14.4125 39.0337 5
    endloop
  endfacet
  facet normal 0 0 1
    outer loop
      vertex 9 52.9019 5
      vertex 13.2597 58.737 5
      vertex 12.7057 58.5388 5
    endloop
  endfacet
  facet normal 0 0 1
    outer loop
      vertex 14.4125 39.0337 5
      vertex 9 45.0981 5
      vertex 13.8303 39.12 5
    endloop
  endfacet
  facet normal 0 0 1
    outer loop
      vertex 9 52.9019 5
      vertex 12.7057 58.5388 5
      vertex 12.1738 58.2872 5
    endloop
  endfacet
  facet normal 0 0 1
    outer loop
      vertex 13.8303 39.12 5
      vertex 9 45.0981 5
      vertex 13.2597 39.263 5
    endloop
  endfacet
  facet normal 0 0 1
    outer loop
      vertex 9 52.9019 5
      vertex 12.1738 58.2872 5
      vertex 11.6693 57.9848 5
    endloop
  endfacet
  facet normal 0 0 1
    outer loop
      vertex 13.2597 39.263 5
      vertex 9 45.0981 5
      vertex 12.7057 39.4612 5
    endloop
  endfacet
  facet normal 0 0 1
    outer loop
      vertex 9 52.9019 5
      vertex 11.6693 57.9848 5
      vertex 11.1967 57.6344 5
    endloop
  endfacet
  facet normal 0 0 1
    outer loop
      vertex 12.7057 39.4612 5
      vertex 9 45.0981 5
      vertex 12.1738 39.7128 5
    endloop
  endfacet
  facet normal 0 0 1
    outer loop
      vertex 9 52.9019 5
      vertex 11.1967 57.6344 5
      vertex 10.7608 57.2392 5
    endloop
  endfacet
  facet normal 0 0 1
    outer loop
      vertex 12.1738 39.7128 5
      vertex 9 45.0981 5
      vertex 11.6693 40.0152 5
    endloop
  endfacet
  facet normal 0 0 1
    outer loop
      vertex 9 52.9019 5
      vertex 10.7608 57.2392 5
      vertex 10.3656 56.8033 5
    endloop
  endfacet
  facet normal 0 0 1
    outer loop
      vertex 11.6693 40.0152 5
      vertex 9 45.0981 5
      vertex 11.1967 40.3656 5
    endloop
  endfacet
  facet normal 0 0 1
    outer loop
      vertex 9 52.9019 5
      vertex 10.3656 56.8033 5
      vertex 10.0152 56.3307 5
    endloop
  endfacet
  facet normal 0 0 1
    outer loop
      vertex 11.1967 40.3656 5
      vertex 9 45.0981 5
      vertex 10.7608 40.7608 5
    endloop
  endfacet
  facet normal 0 0 1
    outer loop
      vertex 9 52.9019 5
      vertex 10.0152 56.3307 5
      vertex 9.71277 55.8262 5
    endloop
  endfacet
  facet normal 0 0 1
    outer loop
      vertex 10.7608 40.7608 5
      vertex 9 45.0981 5
      vertex 10.3656 41.1967 5
    endloop
  endfacet
  facet normal 0 0 1
    outer loop
      vertex 9 52.9019 5
      vertex 9.71277 55.8262 5
      vertex 9.4612 55.2943 5
    endloop
  endfacet
  facet normal 0 0 1
    outer loop
      vertex 10.3656 41.1967 5
      vertex 9 45.0981 5
      vertex 10.0152 41.6693 5
    endloop
  endfacet
  facet normal 0 0 1
    outer loop
      vertex 9 52.9019 5
      vertex 9.4612 55.2943 5
      vertex 9.26297 54.7403 5
    endloop
  endfacet
  facet normal 0 0 1
    outer loop
      vertex 10.0152 41.6693 5
      vertex 9 45.0981 5
      vertex 9.71277 42.1738 5
    endloop
  endfacet
  facet normal 0 0 1
    outer loop
      vertex 9 52.9019 5
      vertex 9.26297 54.7403 5
      vertex 9.12004 54.1697 5
    endloop
  endfacet
  facet normal 0 0 1
    outer loop
      vertex 9.71277 42.1738 5
      vertex 9 45.0981 5
      vertex 9.4612 42.7057 5
    endloop
  endfacet
  facet normal 0 0 1
    outer loop
      vertex 9 52.9019 5
      vertex 9.12004 54.1697 5
      vertex 9.03369 53.5875 5
    endloop
  endfacet
  facet normal 0 0 1
    outer loop
      vertex 9.4612 42.7057 5
      vertex 9 45.0981 5
      vertex 9.26297 43.2597 5
    endloop
  endfacet
  facet normal 0 0 1
    outer loop
      vertex 9.26297 43.2597 5
      vertex 9 45.0981 5
      vertex 9.12004 43.8303 5
    endloop
  endfacet
  facet normal 0 0 1
    outer loop
      vertex 9.12004 43.8303 5
      vertex 9 45.0981 5
      vertex 9.03369 44.4125 5
    endloop
  endfacet
  facet normal -0.665774 0.238209 0.707108
    outer loop
      vertex 71.4947 41.1732 9
      vertex 71.8253 42.0972 9
      vertex 67.9929 43.2597 5
    endloop
  endfacet
  facet normal 0.171894 -0.685892 0.70711
    outer loop
      vertex 13.2597 58.737 5
      vertex 13.8303 58.88 5
      vertex 12.0972 62.5694 9
    endloop
  endfacet
  facet normal -0.0229066 -0.706735 0.707107
    outer loop
      vertex 60.7392 58.9864 5
      vertex 60.3845 63 9
      vertex 60.3196 59 5
    endloop
  endfacet
  facet normal -0.665782 0.238191 0.707106
    outer loop
      vertex 71.4947 41.1732 9
      vertex 67.9929 43.2597 5
      vertex 67.7947 42.7057 5
    endloop
  endfacet
  facet normal -0.706252 -0.034729 0.707109
    outer loop
      vertex 72.2559 45 9
      vertex 72.2077 45.9802 9
      vertex 68.2238 45.5541 5
    endloop
  endfacet
  facet normal 1 -0 0
    outer loop
      vertex 5 45 22.2
      vertex 5 53 9
      vertex 5 53 22.2
    endloop
  endfacet
  facet normal 1 0 0
    outer loop
      vertex 5 53 9
      vertex 5 45 22.2
      vertex 5 45 9
    endloop
  endfacet
  facet normal -0.679783 -0.194651 0.707111
    outer loop
      vertex 66.2491 54.2712 5
      vertex 70.1217 55.2777 9
      vertex 66.0602 54.9309 5
    endloop
  endfacet
  facet normal -0.679775 -0.194695 0.707107
    outer loop
      vertex 70.1217 55.2777 9
      vertex 69.8515 56.2211 9
      vertex 66.0602 54.9309 5
    endloop
  endfacet
  facet normal -0.568021 0.421148 0.707098
    outer loop
      vertex 69.986 38.6561 9
      vertex 67.2407 41.6693 5
      vertex 66.8903 41.1967 5
    endloop
  endfacet
  facet normal -0.970041 0.242943 0
    outer loop
      vertex 71.8253 42.0972 9
      vertex 72.0637 43.0491 22.2
      vertex 72.0637 43.0491 9
    endloop
  endfacet
  facet normal -0.970041 0.242943 0
    outer loop
      vertex 72.0637 43.0491 22.2
      vertex 71.8253 42.0972 9
      vertex 71.8253 42.0972 22.2
    endloop
  endfacet
  facet normal 0.0347153 0.706256 0.707104
    outer loop
      vertex 15.0981 39 5
      vertex 14.4125 39.0337 5
      vertex 14.0198 35.0482 9
    endloop
  endfacet
  facet normal -0.568521 -0.822669 0
    outer loop
      vertex 65.6592 61.4958 9
      vertex 66.4665 60.9379 22.2
      vertex 65.6592 61.4958 22.2
    endloop
  endfacet
  facet normal -0.568521 -0.822669 -0
    outer loop
      vertex 66.4665 60.9379 22.2
      vertex 65.6592 61.4958 9
      vertex 66.4665 60.9379 9
    endloop
  endfacet
  facet normal -0.628737 -0.323563 0.707104
    outer loop
      vertex 65.8436 55.4782 5
      vertex 69.0412 58.0062 9
      vertex 65.5744 56.0013 5
    endloop
  endfacet
  facet normal -0.343055 -0.618316 0.707106
    outer loop
      vertex 63.5468 58.0934 5
      vertex 65.6592 61.4958 9
      vertex 63.0324 58.3788 5
    endloop
  endfacet
  facet normal 0.671531 -0.740977 0
    outer loop
      vertex 7.92892 60.0711 9
      vertex 8.65607 60.7301 22.2
      vertex 7.92892 60.0711 22.2
    endloop
  endfacet
  facet normal 0.671531 -0.740977 0
    outer loop
      vertex 8.65607 60.7301 22.2
      vertex 7.92892 60.0711 9
      vertex 8.65607 60.7301 9
    endloop
  endfacet
  facet normal 0.707107 0 0.707107
    outer loop
      vertex 5 53 9
      vertex 9 45.0981 5
      vertex 9 52.9019 5
    endloop
  endfacet
  facet normal 0.707107 0 0.707107
    outer loop
      vertex 9 45.0981 5
      vertex 5 53 9
      vertex 5 45 9
    endloop
  endfacet
  facet normal 0.706255 0.034705 0.707107
    outer loop
      vertex 9.03369 44.4125 5
      vertex 9 45.0981 5
      vertex 5.04816 44.0198 9
    endloop
  endfacet
  facet normal -0.671505 0.741 0
    outer loop
      vertex 69.327 37.9289 9
      vertex 68.5998 37.2699 22.2
      vertex 69.327 37.9289 22.2
    endloop
  endfacet
  facet normal -0.671505 0.741 0
    outer loop
      vertex 68.5998 37.2699 22.2
      vertex 69.327 37.9289 9
      vertex 68.5998 37.2699 9
    endloop
  endfacet
  facet normal 0.103762 -0.69946 0.707099
    outer loop
      vertex 13.8303 58.88 5
      vertex 14.0198 62.9518 9
      vertex 13.0491 62.8078 9
    endloop
  endfacet
  facet normal 0.171789 -0.68593 0.707099
    outer loop
      vertex 13.8303 58.88 5
      vertex 13.0491 62.8078 9
      vertex 12.0972 62.5694 9
    endloop
  endfacet
  facet normal 0.363523 -0.606504 0.70711
    outer loop
      vertex 11.6693 57.9848 5
      vertex 10.286 61.8192 9
      vertex 9.44429 61.3147 9
    endloop
  endfacet
  facet normal 0.59571 -0.8032 0
    outer loop
      vertex 8.65607 60.7301 9
      vertex 9.44429 61.3147 22.2
      vertex 8.65607 60.7301 22.2
    endloop
  endfacet
  facet normal 0.59571 -0.8032 0
    outer loop
      vertex 9.44429 61.3147 22.2
      vertex 8.65607 60.7301 9
      vertex 9.44429 61.3147 9
    endloop
  endfacet
  facet normal -0.657454 -0.260316 0.7071
    outer loop
      vertex 69.8515 56.2211 9
      vertex 69.4902 57.1336 9
      vertex 65.8436 55.4782 5
    endloop
  endfacet
  facet normal 0.474847 0.523953 0.707103
    outer loop
      vertex 8.65607 37.2699 9
      vertex 11.1967 40.3656 5
      vertex 7.92892 37.9289 9
    endloop
  endfacet
  facet normal -0.52385 0.474938 0.707117
    outer loop
      vertex 69.327 37.9289 9
      vertex 66.8903 41.1967 5
      vertex 66.4951 40.7608 5
    endloop
  endfacet
  facet normal 0.857722 -0.514114 0
    outer loop
      vertex 6.18079 57.714 22.2
      vertex 6.6853 58.5557 9
      vertex 6.6853 58.5557 22.2
    endloop
  endfacet
  facet normal 0.857722 -0.514114 0
    outer loop
      vertex 6.6853 58.5557 9
      vertex 6.18079 57.714 22.2
      vertex 6.18079 57.714 9
    endloop
  endfacet
  facet normal -0.929771 -0.368138 0
    outer loop
      vertex 69.8515 56.2211 9
      vertex 69.4902 57.1336 22.2
      vertex 69.4902 57.1336 9
    endloop
  endfacet
  facet normal -0.929771 -0.368138 0
    outer loop
      vertex 69.4902 57.1336 22.2
      vertex 69.8515 56.2211 9
      vertex 69.8515 56.2211 22.2
    endloop
  endfacet
  facet normal -0.903995 0.427543 0
    outer loop
      vertex 71.0751 40.286 9
      vertex 71.4947 41.1732 22.2
      vertex 71.4947 41.1732 9
    endloop
  endfacet
  facet normal -0.903995 0.427543 0
    outer loop
      vertex 71.4947 41.1732 22.2
      vertex 71.0751 40.286 9
      vertex 71.0751 40.286 22.2
    endloop
  endfacet
  facet normal 0.740989 -0.671517 0
    outer loop
      vertex 7.2699 59.3439 22.2
      vertex 7.92892 60.0711 9
      vertex 7.92892 60.0711 22.2
    endloop
  endfacet
  facet normal 0.740989 -0.671517 0
    outer loop
      vertex 7.92892 60.0711 9
      vertex 7.2699 59.3439 22.2
      vertex 7.2699 59.3439 9
    endloop
  endfacet
  facet normal 0.302355 0.6392 0.70711
    outer loop
      vertex 12.7057 39.4612 5
      vertex 12.1738 39.7128 5
      vertex 10.286 36.1808 9
    endloop
  endfacet
  facet normal 0.523963 -0.474838 0.707101
    outer loop
      vertex 10.3656 56.8033 5
      vertex 7.92892 60.0711 9
      vertex 7.2699 59.3439 9
    endloop
  endfacet
  facet normal 0.568021 -0.421148 0.707098
    outer loop
      vertex 10.0152 56.3307 5
      vertex 10.3656 56.8033 5
      vertex 7.2699 59.3439 9
    endloop
  endfacet
  facet normal -0.485115 -0.87445 0
    outer loop
      vertex 64.801 61.9719 9
      vertex 65.6592 61.4958 22.2
      vertex 64.801 61.9719 22.2
    endloop
  endfacet
  facet normal -0.485115 -0.87445 -0
    outer loop
      vertex 65.6592 61.4958 22.2
      vertex 64.801 61.9719 9
      vertex 65.6592 61.4958 9
    endloop
  endfacet
  facet normal -0.593985 -0.383651 0.707102
    outer loop
      vertex 65.5744 56.0013 5
      vertex 69.0412 58.0062 9
      vertex 65.2552 56.4955 5
    endloop
  endfacet
  facet normal 0.363523 0.606504 0.70711
    outer loop
      vertex 10.286 36.1808 9
      vertex 11.6693 40.0152 5
      vertex 9.44429 36.6853 9
    endloop
  endfacet
  facet normal -0.998793 -0.0491143 0
    outer loop
      vertex 72.2559 45 9
      vertex 72.2077 45.9802 22.2
      vertex 72.2077 45.9802 9
    endloop
  endfacet
  facet normal -0.998793 -0.0491143 0
    outer loop
      vertex 72.2077 45.9802 22.2
      vertex 72.2559 45 9
      vertex 72.2559 45 22.2
    endloop
  endfacet
  facet normal -0.998793 0.0491143 0
    outer loop
      vertex 72.2077 44.0198 9
      vertex 72.2559 45 22.2
      vertex 72.2559 45 9
    endloop
  endfacet
  facet normal -0.998793 0.0491143 0
    outer loop
      vertex 72.2559 45 22.2
      vertex 72.2077 44.0198 9
      vertex 72.2077 44.0198 22.2
    endloop
  endfacet
  facet normal 0.242943 -0.970041 0
    outer loop
      vertex 12.0972 62.5694 9
      vertex 13.0491 62.8078 22.2
      vertex 12.0972 62.5694 22.2
    endloop
  endfacet
  facet normal 0.242943 -0.970041 0
    outer loop
      vertex 13.0491 62.8078 22.2
      vertex 12.0972 62.5694 9
      vertex 13.0491 62.8078 9
    endloop
  endfacet
  facet normal 0.146741 -0.989175 0
    outer loop
      vertex 13.0491 62.8078 9
      vertex 14.0198 62.9518 22.2
      vertex 13.0491 62.8078 22.2
    endloop
  endfacet
  facet normal 0.146741 -0.989175 0
    outer loop
      vertex 14.0198 62.9518 22.2
      vertex 13.0491 62.8078 9
      vertex 14.0198 62.9518 9
    endloop
  endfacet
  facet normal 0.421147 0.568019 0.707099
    outer loop
      vertex 11.6693 40.0152 5
      vertex 11.1967 40.3656 5
      vertex 8.65607 37.2699 9
    endloop
  endfacet
  facet normal 0.685915 -0.171821 0.707106
    outer loop
      vertex 9.12004 54.1697 5
      vertex 5.4306 55.9028 9
      vertex 5.19215 54.9509 9
    endloop
  endfacet
  facet normal 0.857722 0.514114 0
    outer loop
      vertex 6.6853 39.4443 22.2
      vertex 6.18079 40.286 9
      vertex 6.18079 40.286 22.2
    endloop
  endfacet
  facet normal 0.857722 0.514114 0
    outer loop
      vertex 6.18079 40.286 9
      vertex 6.6853 39.4443 22.2
      vertex 6.6853 39.4443 9
    endloop
  endfacet
  facet normal -0.606502 0.363527 0.707109
    outer loop
      vertex 70.5706 39.4443 9
      vertex 71.0751 40.286 9
      vertex 67.2407 41.6693 5
    endloop
  endfacet
  facet normal -0.474938 0.52385 0.707117
    outer loop
      vertex 69.327 37.9289 9
      vertex 66.4951 40.7608 5
      vertex 66.0592 40.3656 5
    endloop
  endfacet
  facet normal 0.421229 0.567945 0.70711
    outer loop
      vertex 9.44429 36.6853 9
      vertex 11.6693 40.0152 5
      vertex 8.65607 37.2699 9
    endloop
  endfacet
  facet normal -0.59572 0.803192 0
    outer loop
      vertex 68.5998 37.2699 9
      vertex 67.8116 36.6853 22.2
      vertex 68.5998 37.2699 22.2
    endloop
  endfacet
  facet normal -0.59572 0.803192 0
    outer loop
      vertex 67.8116 36.6853 22.2
      vertex 68.5998 37.2699 9
      vertex 67.8116 36.6853 9
    endloop
  endfacet
  facet normal -0.421236 0.567941 0.707109
    outer loop
      vertex 67.8116 36.6853 9
      vertex 68.5998 37.2699 9
      vertex 65.5866 40.0152 5
    endloop
  endfacet
  facet normal 0.989176 0.146731 0
    outer loop
      vertex 5.19215 43.0491 22.2
      vertex 5.04816 44.0198 9
      vertex 5.04816 44.0198 22.2
    endloop
  endfacet
  facet normal 0.989176 0.146731 0
    outer loop
      vertex 5.04816 44.0198 9
      vertex 5.19215 43.0491 22.2
      vertex 5.19215 43.0491 9
    endloop
  endfacet
  facet normal 0.998795 0.0490736 0
    outer loop
      vertex 5.04816 44.0198 22.2
      vertex 5 45 9
      vertex 5 45 22.2
    endloop
  endfacet
  facet normal 0.998795 0.0490736 0
    outer loop
      vertex 5 45 9
      vertex 5.04816 44.0198 22.2
      vertex 5.04816 44.0198 9
    endloop
  endfacet
  facet normal 0.514102 0.857729 -0
    outer loop
      vertex 10.286 36.1808 9
      vertex 9.44429 36.6853 22.2
      vertex 10.286 36.1808 22.2
    endloop
  endfacet
  facet normal 0.514102 0.857729 0
    outer loop
      vertex 9.44429 36.6853 22.2
      vertex 10.286 36.1808 9
      vertex 9.44429 36.6853 9
    endloop
  endfacet
  facet normal 0.606483 0.363565 0.707106
    outer loop
      vertex 10.0152 41.6693 5
      vertex 9.71277 42.1738 5
      vertex 6.18079 40.286 9
    endloop
  endfacet
  facet normal 0.523963 0.474838 0.707101
    outer loop
      vertex 7.92892 37.9289 9
      vertex 10.3656 41.1967 5
      vertex 7.2699 38.6561 9
    endloop
  endfacet
  facet normal -0.840097 -0.542436 0
    outer loop
      vertex 69.0412 58.0062 9
      vertex 68.5089 58.8306 22.2
      vertex 68.5089 58.8306 9
    endloop
  endfacet
  facet normal -0.840097 -0.542436 0
    outer loop
      vertex 68.5089 58.8306 22.2
      vertex 69.0412 58.0062 9
      vertex 69.0412 58.0062 22.2
    endloop
  endfacet
  facet normal -0.782784 -0.622294 0
    outer loop
      vertex 68.5089 58.8306 9
      vertex 67.8982 59.5988 22.2
      vertex 67.8982 59.5988 9
    endloop
  endfacet
  facet normal -0.782784 -0.622294 0
    outer loop
      vertex 67.8982 59.5988 22.2
      vertex 68.5089 58.8306 9
      vertex 68.5089 58.8306 22.2
    endloop
  endfacet
  facet normal 0.706255 -0.0347003 0.707106
    outer loop
      vertex 9 52.9019 5
      vertex 5.04816 53.9802 9
      vertex 5 53 9
    endloop
  endfacet
  facet normal 0.998795 -0.0490736 0
    outer loop
      vertex 5 53 22.2
      vertex 5.04816 53.9802 9
      vertex 5.04816 53.9802 22.2
    endloop
  endfacet
  facet normal 0.998795 -0.0490736 0
    outer loop
      vertex 5.04816 53.9802 9
      vertex 5 53 22.2
      vertex 5 53 9
    endloop
  endfacet
  facet normal -0.567941 0.421236 0.707109
    outer loop
      vertex 69.986 38.6561 9
      vertex 70.5706 39.4443 9
      vertex 67.2407 41.6693 5
    endloop
  endfacet
  facet normal -0.215787 -0.67337 0.707113
    outer loop
      vertex 63.9004 62.3616 9
      vertex 62.9658 62.6611 9
      vertex 62.4923 58.6124 5
    endloop
  endfacet
  facet normal -0.215876 -0.673351 0.707104
    outer loop
      vertex 62.4923 58.6124 5
      vertex 62.9658 62.6611 9
      vertex 61.9321 58.792 5
    endloop
  endfacet
  facet normal -0.685921 0.171787 0.707108
    outer loop
      vertex 71.8253 42.0972 9
      vertex 72.0637 43.0491 9
      vertex 68.1358 43.8303 5
    endloop
  endfacet
  facet normal 0.685916 0.171816 0.707105
    outer loop
      vertex 9.26297 43.2597 5
      vertex 9.12004 43.8303 5
      vertex 5.4306 42.0972 9
    endloop
  endfacet
  facet normal -0.706256 0.0347292 0.707104
    outer loop
      vertex 72.2077 44.0198 9
      vertex 72.2559 45 9
      vertex 68.2511 45 5
    endloop
  endfacet
  facet normal -0.706255 -0.0347965 0.707102
    outer loop
      vertex 68.2511 45 5
      vertex 72.2559 45 9
      vertex 68.2238 45.5541 5
    endloop
  endfacet
  facet normal 0.699454 0.103741 0.707108
    outer loop
      vertex 9.12004 43.8303 5
      vertex 9.03369 44.4125 5
      vertex 5.04816 44.0198 9
    endloop
  endfacet
  facet normal 0.699453 0.103754 0.707107
    outer loop
      vertex 5.19215 43.0491 9
      vertex 9.12004 43.8303 5
      vertex 5.04816 44.0198 9
    endloop
  endfacet
  facet normal -0.628758 -0.32353 0.707101
    outer loop
      vertex 69.4902 57.1336 9
      vertex 69.0412 58.0062 9
      vertex 65.8436 55.4782 5
    endloop
  endfacet
  facet normal -0.889191 -0.457537 0
    outer loop
      vertex 69.4902 57.1336 9
      vertex 69.0412 58.0062 22.2
      vertex 69.0412 58.0062 9
    endloop
  endfacet
  facet normal -0.889191 -0.457537 0
    outer loop
      vertex 69.0412 58.0062 22.2
      vertex 69.4902 57.1336 9
      vertex 69.4902 57.1336 22.2
    endloop
  endfacet
  facet normal 0.567941 0.421236 0.707109
    outer loop
      vertex 7.2699 38.6561 9
      vertex 10.0152 41.6693 5
      vertex 6.6853 39.4443 9
    endloop
  endfacet
  facet normal 0.568021 0.421148 0.707098
    outer loop
      vertex 10.3656 41.1967 5
      vertex 10.0152 41.6693 5
      vertex 7.2699 38.6561 9
    endloop
  endfacet
  facet normal 0.639224 0.302313 0.707106
    outer loop
      vertex 6.18079 40.286 9
      vertex 9.4612 42.7057 5
      vertex 5.7612 41.1732 9
    endloop
  endfacet
  facet normal 0.66577 0.238223 0.707107
    outer loop
      vertex 9.4612 42.7057 5
      vertex 9.26297 43.2597 5
      vertex 5.7612 41.1732 9
    endloop
  endfacet
  facet normal 0.699453 -0.103754 0.707107
    outer loop
      vertex 9.12004 54.1697 5
      vertex 5.19215 54.9509 9
      vertex 5.04816 53.9802 9
    endloop
  endfacet
  facet normal 0.989176 -0.146731 0
    outer loop
      vertex 5.04816 53.9802 22.2
      vertex 5.19215 54.9509 9
      vertex 5.19215 54.9509 22.2
    endloop
  endfacet
  facet normal 0.989176 -0.146731 0
    outer loop
      vertex 5.19215 54.9509 9
      vertex 5.04816 53.9802 22.2
      vertex 5.04816 53.9802 9
    endloop
  endfacet
  facet normal 0.606483 -0.363565 0.707106
    outer loop
      vertex 9.71277 55.8262 5
      vertex 10.0152 56.3307 5
      vertex 6.18079 57.714 9
    endloop
  endfacet
  facet normal 0.639216 -0.302327 0.707108
    outer loop
      vertex 9.4612 55.2943 5
      vertex 9.71277 55.8262 5
      vertex 6.18079 57.714 9
    endloop
  endfacet
  facet normal 0.639216 0.302327 0.707108
    outer loop
      vertex 9.71277 42.1738 5
      vertex 9.4612 42.7057 5
      vertex 6.18079 40.286 9
    endloop
  endfacet
  facet normal -0.363527 0.606502 0.707109
    outer loop
      vertex 59.2506 69.1808 9
      vertex 60.0923 69.6853 9
      vertex 57.8673 73.0152 5
    endloop
  endfacet
  facet normal 0 1 -0
    outer loop
      vertex 54.5366 68 9
      vertex 15 68 22.2
      vertex 54.5366 68 22.2
    endloop
  endfacet
  facet normal 0 1 0
    outer loop
      vertex 15 68 22.2
      vertex 54.5366 68 9
      vertex 15 68 9
    endloop
  endfacet
  facet normal -0.363537 0.606497 0.707108
    outer loop
      vertex 59.2506 69.1808 9
      vertex 57.8673 73.0152 5
      vertex 57.3628 72.7128 5
    endloop
  endfacet
  facet normal 0.242943 0.970041 -0
    outer loop
      vertex 13.0491 68.1922 9
      vertex 12.0972 68.4306 22.2
      vertex 13.0491 68.1922 22.2
    endloop
  endfacet
  facet normal 0.242943 0.970041 0
    outer loop
      vertex 12.0972 68.4306 22.2
      vertex 13.0491 68.1922 9
      vertex 12.0972 68.4306 9
    endloop
  endfacet
  facet normal -0.998793 -0.0491143 0
    outer loop
      vertex 64.5366 78 9
      vertex 64.4884 78.9802 22.2
      vertex 64.4884 78.9802 9
    endloop
  endfacet
  facet normal -0.998793 -0.0491143 0
    outer loop
      vertex 64.4884 78.9802 22.2
      vertex 64.5366 78 9
      vertex 64.5366 78 22.2
    endloop
  endfacet
  facet normal 0.59571 -0.8032 0
    outer loop
      vertex 8.65607 98.7301 9
      vertex 9.44429 99.3147 22.2
      vertex 8.65607 98.7301 22.2
    endloop
  endfacet
  facet normal 0.59571 -0.8032 0
    outer loop
      vertex 9.44429 99.3147 22.2
      vertex 8.65607 98.7301 9
      vertex 9.44429 99.3147 9
    endloop
  endfacet
  facet normal 0.10376 -0.699442 0.707117
    outer loop
      vertex 13.8303 96.88 5
      vertex 14.0198 100.952 9
      vertex 13.0491 100.808 9
    endloop
  endfacet
  facet normal -0.238209 0.665774 0.707108
    outer loop
      vertex 57.4394 68.4306 9
      vertex 58.3634 68.7612 9
      vertex 56.2769 72.263 5
    endloop
  endfacet
  facet normal -0.302355 0.6392 0.70711
    outer loop
      vertex 59.2506 69.1808 9
      vertex 57.3628 72.7128 5
      vertex 56.8309 72.4612 5
    endloop
  endfacet
  facet normal -0.0324454 -0.999474 0
    outer loop
      vertex 51.4957 101 9
      vertex 52.1426 100.979 22.2
      vertex 51.4957 101 22.2
    endloop
  endfacet
  facet normal -0.0324454 -0.999474 -0
    outer loop
      vertex 52.1426 100.979 22.2
      vertex 51.4957 101 9
      vertex 52.1426 100.979 9
    endloop
  endfacet
  facet normal 0.59571 0.8032 0
    outer loop
      vertex 9.44429 69.6853 22.2
      vertex 8.65607 70.2699 13.2245
      vertex 8.65607 70.2699 22.2
    endloop
  endfacet
  facet normal 0.595775 0.803152 -8.80453e-06
    outer loop
      vertex 9.44429 69.6853 22.2
      vertex 8.81271 70.1537 12.7607
      vertex 8.65607 70.2699 13.2245
    endloop
  endfacet
  facet normal 0.595714 0.803197 -2.51559e-06
    outer loop
      vertex 9.44429 69.6853 22.2
      vertex 8.96803 70.0385 11.9841
      vertex 8.81271 70.1537 12.7607
    endloop
  endfacet
  facet normal 0.595679 0.803222 -0
    outer loop
      vertex 9.44429 69.6853 9
      vertex 8.96803 70.0385 11.9841
      vertex 9.44429 69.6853 22.2
    endloop
  endfacet
  facet normal 0.595868 0.803082 4.68072e-05
    outer loop
      vertex 8.96803 70.0385 11.9841
      vertex 9.44429 69.6853 9
      vertex 9.01998 70 11.2
    endloop
  endfacet
  facet normal 0.595635 0.803255 -2.28761e-05
    outer loop
      vertex 9.44429 69.6853 9
      vertex 8.96803 70.0385 10.4159
      vertex 9.01998 70 11.2
    endloop
  endfacet
  facet normal 0.595695 0.803211 8.34546e-06
    outer loop
      vertex 9.44429 69.6853 9
      vertex 8.81271 70.1537 9.63928
      vertex 8.96803 70.0385 10.4159
    endloop
  endfacet
  facet normal 0.595716 0.803195 3.9682e-05
    outer loop
      vertex 9.44429 69.6853 9
      vertex 8.65607 70.2699 9.17546
      vertex 8.81271 70.1537 9.63928
    endloop
  endfacet
  facet normal 0.59571 0.8032 0
    outer loop
      vertex 8.65607 70.2699 9.17546
      vertex 9.44429 69.6853 9
      vertex 8.65607 70.2699 9
    endloop
  endfacet
  facet normal -0.706246 -0.0347961 0.70711
    outer loop
      vertex 60.5318 78 5
      vertex 64.4884 78.9802 9
      vertex 60.5045 78.5541 5
    endloop
  endfacet
  facet normal -0.215914 -0.673349 0.707094
    outer loop
      vertex 53.6034 96.6124 5
      vertex 54.077 100.661 9
      vertex 53.0433 96.792 5
    endloop
  endfacet
  facet normal 0.0345852 -0.70626 0.707108
    outer loop
      vertex 15.0981 97 5
      vertex 15 101 9
      vertex 14.0198 100.952 9
    endloop
  endfacet
  facet normal -0.45708 -0.539508 0.707113
    outer loop
      vertex 55.5908 95.3785 5
      vertex 58.3264 98.3035 9
      vertex 55.1418 95.7589 5
    endloop
  endfacet
  facet normal 0.048911 -0.998803 0
    outer loop
      vertex 14.0198 100.952 9
      vertex 15 101 22.2
      vertex 14.0198 100.952 22.2
    endloop
  endfacet
  facet normal 0.048911 -0.998803 0
    outer loop
      vertex 15 101 22.2
      vertex 14.0198 100.952 9
      vertex 15 101 9
    endloop
  endfacet
  facet normal 0.857722 0.514114 0
    outer loop
      vertex 6.6853 72.4443 22.2
      vertex 6.18079 73.286 17.6519
      vertex 6.18079 73.286 22.2
    endloop
  endfacet
  facet normal 0.857696 0.514158 1.11306e-05
    outer loop
      vertex 6.18079 73.286 17.6519
      vertex 6.6853 72.4443 22.2
      vertex 6.39726 72.9249 17.3841
    endloop
  endfacet
  facet normal 0.857745 0.514076 0
    outer loop
      vertex 6.39726 72.9249 17.3841
      vertex 6.6853 72.4443 22.2
      vertex 6.6853 72.4443 16.9485
    endloop
  endfacet
  facet normal -0.281023 -0.648853 0.707117
    outer loop
      vertex 55.9122 99.9719 9
      vertex 55.0115 100.362 9
      vertex 54.1434 96.3788 5
    endloop
  endfacet
  facet normal -0.998793 0.0491143 0
    outer loop
      vertex 64.4884 77.0198 9
      vertex 64.5366 78 22.2
      vertex 64.5366 78 9
    endloop
  endfacet
  facet normal -0.998793 0.0491143 0
    outer loop
      vertex 64.5366 78 22.2
      vertex 64.4884 77.0198 9
      vertex 64.4884 77.0198 22.2
    endloop
  endfacet
  facet normal -0.0347291 0.706254 0.707106
    outer loop
      vertex 54.5366 68 9
      vertex 55.5168 68.0482 9
      vertex 54.4384 72 5
    endloop
  endfacet
  facet normal 0.970028 -0.242991 0
    outer loop
      vertex 5.19215 92.9509 22.2
      vertex 5.4306 93.9028 9
      vertex 5.4306 93.9028 22.2
    endloop
  endfacet
  facet normal 0.970028 -0.242991 0
    outer loop
      vertex 5.4306 93.9028 9
      vertex 5.19215 92.9509 22.2
      vertex 5.19215 92.9509 9
    endloop
  endfacet
  facet normal 0.475102 0.523692 0.707124
    outer loop
      vertex 8.65607 70.2699 9
      vertex 8.7094 70.3349 8.91603
      vertex 8.60757 70.3139 9
    endloop
  endfacet
  facet normal -0.507752 -0.492117 0.707113
    outer loop
      vertex 59.0094 97.5988 9
      vertex 58.3264 98.3035 9
      vertex 55.5908 95.3785 5
    endloop
  endfacet
  facet normal 0.740989 0.671517 0
    outer loop
      vertex 7.92892 70.9289 22.2
      vertex 7.2699 71.6561 16.0596
      vertex 7.2699 71.6561 22.2
    endloop
  endfacet
  facet normal 0.741033 0.671468 -1.03867e-05
    outer loop
      vertex 7.2699 71.6561 16.0596
      vertex 7.92892 70.9289 22.2
      vertex 7.54889 71.3482 15.6446
    endloop
  endfacet
  facet normal 0.740953 0.671557 -4.2512e-08
    outer loop
      vertex 7.54889 71.3482 15.6446
      vertex 7.92892 70.9289 22.2
      vertex 7.91469 70.9446 14.9712
    endloop
  endfacet
  facet normal 0.740943 0.671568 0
    outer loop
      vertex 7.91469 70.9446 14.9712
      vertex 7.92892 70.9289 22.2
      vertex 7.92892 70.9289 14.938
    endloop
  endfacet
  facet normal 0.941548 -0.336879 0
    outer loop
      vertex 5.4306 93.9028 22.2
      vertex 5.7612 94.8268 9
      vertex 5.7612 94.8268 22.2
    endloop
  endfacet
  facet normal 0.941548 -0.336879 0
    outer loop
      vertex 5.7612 94.8268 9
      vertex 5.4306 93.9028 22.2
      vertex 5.4306 93.9028 9
    endloop
  endfacet
  facet normal 0.66577 -0.238223 0.707107
    outer loop
      vertex 9.26297 92.7403 5
      vertex 9.4612 93.2943 5
      vertex 5.7612 94.8268 9
    endloop
  endfacet
  facet normal -0.215473 -0.673444 0.707138
    outer loop
      vertex 55.0115 100.362 9
      vertex 54.077 100.661 9
      vertex 53.6034 96.6124 5
    endloop
  endfacet
  facet normal -0.697632 -0.115394 0.707102
    outer loop
      vertex 60.5045 78.5541 5
      vertex 64.2737 80.2777 9
      vertex 60.3489 79.4948 5
    endloop
  endfacet
  facet normal 0.0347145 -0.706239 0.707122
    outer loop
      vertex 14.4125 96.9663 5
      vertex 15.0981 97 5
      vertex 14.0198 100.952 9
    endloop
  endfacet
  facet normal -0.103682 0.699464 0.707107
    outer loop
      vertex 55.5168 68.0482 9
      vertex 55.7063 72.12 5
      vertex 55.1241 72.0337 5
    endloop
  endfacet
  facet normal 0.474847 -0.523953 0.707103
    outer loop
      vertex 11.1967 95.6344 5
      vertex 8.65607 98.7301 9
      vertex 7.92892 98.0711 9
    endloop
  endfacet
  facet normal 0.706255 -0.0347003 0.707106
    outer loop
      vertex 9 90.9019 5
      vertex 5.04816 91.9802 9
      vertex 5 91 9
    endloop
  endfacet
  facet normal -0.402002 -0.58171 0.707113
    outer loop
      vertex 57.5776 98.9379 9
      vertex 56.7703 99.4958 9
      vertex 55.1418 95.7589 5
    endloop
  endfacet
  facet normal -0.022912 -0.706735 0.707107
    outer loop
      vertex 51.8502 96.9864 5
      vertex 51.4957 101 9
      vertex 51.4307 97 5
    endloop
  endfacet
  facet normal -0.840097 -0.542436 0
    outer loop
      vertex 60.1523 96.0062 9
      vertex 59.62 96.8306 22.2
      vertex 59.62 96.8306 9
    endloop
  endfacet
  facet normal -0.840097 -0.542436 0
    outer loop
      vertex 59.62 96.8306 22.2
      vertex 60.1523 96.0062 9
      vertex 60.1523 96.0062 22.2
    endloop
  endfacet
  facet normal -0.606497 0.363537 0.707108
    outer loop
      vertex 63.3558 73.286 9
      vertex 59.8238 75.1738 5
      vertex 59.5214 74.6693 5
    endloop
  endfacet
  facet normal -0.986584 -0.163252 0
    outer loop
      vertex 64.4884 78.9802 9
      vertex 64.2737 80.2777 22.2
      vertex 64.2737 80.2777 9
    endloop
  endfacet
  facet normal -0.986584 -0.163252 0
    outer loop
      vertex 64.2737 80.2777 22.2
      vertex 64.4884 78.9802 9
      vertex 64.4884 78.9802 22.2
    endloop
  endfacet
  facet normal -0.28073 -0.648948 0.707148
    outer loop
      vertex 54.1434 96.3788 5
      vertex 55.0115 100.362 9
      vertex 53.6034 96.6124 5
    endloop
  endfacet
  facet normal 0.523963 -0.474838 0.707101
    outer loop
      vertex 10.3656 94.8033 5
      vertex 7.92892 98.0711 9
      vertex 7.2699 97.3439 9
    endloop
  endfacet
  facet normal -0.697619 -0.115436 0.707108
    outer loop
      vertex 64.4884 78.9802 9
      vertex 64.2737 80.2777 9
      vertex 60.5045 78.5541 5
    endloop
  endfacet
  facet normal 0.302431 -0.639154 0.707119
    outer loop
      vertex 12.7057 96.5388 5
      vertex 11.1732 100.239 9
      vertex 10.286 99.8192 9
    endloop
  endfacet
  facet normal -0.706256 0.0347292 0.707104
    outer loop
      vertex 64.4884 77.0198 9
      vertex 64.5366 78 9
      vertex 60.5318 78 5
    endloop
  endfacet
  facet normal 0.803192 -0.59572 0
    outer loop
      vertex 6.6853 96.5557 22.2
      vertex 7.2699 97.3439 9
      vertex 7.2699 97.3439 22.2
    endloop
  endfacet
  facet normal 0.803192 -0.59572 0
    outer loop
      vertex 7.2699 97.3439 9
      vertex 6.6853 96.5557 22.2
      vertex 6.6853 96.5557 9
    endloop
  endfacet
  facet normal 0.10368 -0.699446 0.707125
    outer loop
      vertex 14.4125 96.9663 5
      vertex 14.0198 100.952 9
      vertex 13.8303 96.88 5
    endloop
  endfacet
  facet normal -0.427543 0.903995 0
    outer loop
      vertex 59.2506 69.1808 9
      vertex 58.3634 68.7612 22.2
      vertex 59.2506 69.1808 22.2
    endloop
  endfacet
  facet normal -0.427543 0.903995 0
    outer loop
      vertex 58.3634 68.7612 22.2
      vertex 59.2506 69.1808 9
      vertex 58.3634 68.7612 9
    endloop
  endfacet
  facet normal 0.699453 -0.103754 0.707107
    outer loop
      vertex 9.12004 92.1697 5
      vertex 5.19215 92.9509 9
      vertex 5.04816 91.9802 9
    endloop
  endfacet
  facet normal -0.113115 -0.993582 0
    outer loop
      vertex 52.1426 100.979 9
      vertex 53.1176 100.868 22.2
      vertex 52.1426 100.979 22.2
    endloop
  endfacet
  facet normal -0.113115 -0.993582 -0
    outer loop
      vertex 53.1176 100.868 22.2
      vertex 52.1426 100.979 9
      vertex 53.1176 100.868 9
    endloop
  endfacet
  facet normal 0 -0.707107 0.707107
    outer loop
      vertex 15.0981 97 5
      vertex 51.4957 101 9
      vertex 15 101 9
    endloop
  endfacet
  facet normal 0 -0.707107 0.707107
    outer loop
      vertex 51.4957 101 9
      vertex 15.0981 97 5
      vertex 51.4307 97 5
    endloop
  endfacet
  facet normal 0 -1 0
    outer loop
      vertex 15 101 9
      vertex 51.4957 101 22.2
      vertex 15 101 22.2
    endloop
  endfacet
  facet normal 0 -1 -0
    outer loop
      vertex 51.4957 101 22.2
      vertex 15 101 9
      vertex 51.4957 101 9
    endloop
  endfacet
  facet normal 0.103682 0.699464 0.707107
    outer loop
      vertex 14.0198 68.0482 9
      vertex 14.4125 72.0337 5
      vertex 13.8303 72.12 5
    endloop
  endfacet
  facet normal -0.103762 0.69946 0.707099
    outer loop
      vertex 56.4875 68.1922 9
      vertex 55.7063 72.12 5
      vertex 55.5168 68.0482 9
    endloop
  endfacet
  facet normal -0.336879 0.941548 0
    outer loop
      vertex 58.3634 68.7612 9
      vertex 57.4394 68.4306 22.2
      vertex 58.3634 68.7612 22.2
    endloop
  endfacet
  facet normal -0.336879 0.941548 0
    outer loop
      vertex 57.4394 68.4306 22.2
      vertex 58.3634 68.7612 9
      vertex 57.4394 68.4306 9
    endloop
  endfacet
  facet normal 0.103762 0.69946 0.707099
    outer loop
      vertex 14.0198 68.0482 9
      vertex 13.8303 72.12 5
      vertex 13.0491 68.1922 9
    endloop
  endfacet
  facet normal -0.171894 0.685892 0.70711
    outer loop
      vertex 57.4394 68.4306 9
      vertex 56.2769 72.263 5
      vertex 55.7063 72.12 5
    endloop
  endfacet
  facet normal -0.568521 -0.822669 0
    outer loop
      vertex 56.7703 99.4958 9
      vertex 57.5776 98.9379 22.2
      vertex 56.7703 99.4958 22.2
    endloop
  endfacet
  facet normal -0.568521 -0.822669 -0
    outer loop
      vertex 57.5776 98.9379 22.2
      vertex 56.7703 99.4958 9
      vertex 57.5776 98.9379 9
    endloop
  endfacet
  facet normal -0.507696 -0.492188 0.707104
    outer loop
      vertex 56.0002 94.9562 5
      vertex 59.0094 97.5988 9
      vertex 55.5908 95.3785 5
    endloop
  endfacet
  facet normal -0.688525 -0.161056 0.707103
    outer loop
      vertex 64.2737 80.2777 9
      vertex 61.2328 93.2777 9
      vertex 60.3489 79.4948 5
    endloop
  endfacet
  facet normal 0.639216 -0.302327 0.707108
    outer loop
      vertex 9.4612 93.2943 5
      vertex 9.71277 93.8262 5
      vertex 6.18079 95.714 9
    endloop
  endfacet
  facet normal 0.998795 0.0490799 0
    outer loop
      vertex 5 78 22.2
      vertex 5.03853 77.2159 19.1615
      vertex 5 78 19.2
    endloop
  endfacet
  facet normal 0.998795 0.0490736 1.62646e-06
    outer loop
      vertex 5.04816 77.0198 22.2
      vertex 5.03853 77.2159 19.1615
      vertex 5 78 22.2
    endloop
  endfacet
  facet normal 0.998796 0.0490485 0
    outer loop
      vertex 5.03853 77.2159 19.1615
      vertex 5.04816 77.0198 22.2
      vertex 5.04816 77.0198 19.1324
    endloop
  endfacet
  facet normal 0.363523 -0.606504 0.70711
    outer loop
      vertex 11.6693 95.9848 5
      vertex 10.286 99.8192 9
      vertex 9.44429 99.3147 9
    endloop
  endfacet
  facet normal -0.803192 0.59572 0
    outer loop
      vertex 62.2667 71.6561 9
      vertex 62.8513 72.4443 22.2
      vertex 62.8513 72.4443 9
    endloop
  endfacet
  facet normal -0.803192 0.59572 0
    outer loop
      vertex 62.8513 72.4443 22.2
      vertex 62.2667 71.6561 9
      vertex 62.2667 71.6561 22.2
    endloop
  endfacet
  facet normal -0.628756 -0.323529 0.707103
    outer loop
      vertex 60.6013 95.1336 9
      vertex 60.1523 96.0062 9
      vertex 56.6855 94.0013 5
    endloop
  endfacet
  facet normal 0.514102 0.857729 -0
    outer loop
      vertex 10.286 69.1808 9
      vertex 9.44429 69.6853 22.2
      vertex 10.286 69.1808 22.2
    endloop
  endfacet
  facet normal 0.514102 0.857729 0
    outer loop
      vertex 9.44429 69.6853 22.2
      vertex 10.286 69.1808 9
      vertex 9.44429 69.6853 9
    endloop
  endfacet
  facet normal 0.903999 0.427535 0
    outer loop
      vertex 6.18079 73.286 22.2
      vertex 5.7612 74.1732 18.222
      vertex 5.7612 74.1732 22.2
    endloop
  endfacet
  facet normal 0.904009 0.427513 -5.95415e-06
    outer loop
      vertex 5.7612 74.1732 18.222
      vertex 6.18079 73.286 22.2
      vertex 6.05336 73.5554 17.8518
    endloop
  endfacet
  facet normal 0.903972 0.427592 0
    outer loop
      vertex 6.05336 73.5554 17.8518
      vertex 6.18079 73.286 22.2
      vertex 6.18079 73.286 17.6519
    endloop
  endfacet
  facet normal -0.973716 -0.227767 0
    outer loop
      vertex 64.2737 80.2777 9
      vertex 61.2328 93.2777 22.2
      vertex 61.2328 93.2777 9
    endloop
  endfacet
  facet normal -0.973716 -0.227767 0
    outer loop
      vertex 61.2328 93.2777 22.2
      vertex 64.2737 80.2777 9
      vertex 64.2737 80.2777 22.2
    endloop
  endfacet
  facet normal 0.421251 0.567929 0.70711
    outer loop
      vertex 9.64502 70.609 8.13853
      vertex 9.44429 69.6853 9
      vertex 10.243 70.8807 7.56407
    endloop
  endfacet
  facet normal 0.42123 0.567938 0.707115
    outer loop
      vertex 8.76077 70.3445 8.87772
      vertex 9.44429 69.6853 9
      vertex 9.64502 70.609 8.13853
    endloop
  endfacet
  facet normal 0.420196 0.568971 0.7069
    outer loop
      vertex 8.65607 70.2699 9
      vertex 8.76077 70.3445 8.87772
      vertex 8.73203 70.3391 8.89915
    endloop
  endfacet
  facet normal 0.421214 0.567926 0.707134
    outer loop
      vertex 8.76077 70.3445 8.87772
      vertex 8.65607 70.2699 9
      vertex 9.44429 69.6853 9
    endloop
  endfacet
  facet normal -0.0347103 0.706257 0.707104
    outer loop
      vertex 55.5168 68.0482 9
      vertex 55.1241 72.0337 5
      vertex 54.4384 72 5
    endloop
  endfacet
  facet normal 0.238186 -0.665767 0.707122
    outer loop
      vertex 12.7057 96.5388 5
      vertex 13.2597 96.737 5
      vertex 11.1732 100.239 9
    endloop
  endfacet
  facet normal 0.171902 -0.685925 0.707076
    outer loop
      vertex 13.2597 96.737 5
      vertex 13.8303 96.88 5
      vertex 12.0972 100.569 9
    endloop
  endfacet
  facet normal 0.998795 -0.0490736 0
    outer loop
      vertex 5 91 22.2
      vertex 5.04816 91.9802 9
      vertex 5.04816 91.9802 22.2
    endloop
  endfacet
  facet normal 0.998795 -0.0490736 0
    outer loop
      vertex 5.04816 91.9802 9
      vertex 5 91 22.2
      vertex 5 91 9
    endloop
  endfacet
  facet normal 0 0.707107 0.707107
    outer loop
      vertex 54.4384 72 5
      vertex 15 68 9
      vertex 54.5366 68 9
    endloop
  endfacet
  facet normal 0 0.707107 0.707107
    outer loop
      vertex 15 68 9
      vertex 54.4384 72 5
      vertex 15.0981 72 5
    endloop
  endfacet
  facet normal 0.639224 -0.302313 0.707106
    outer loop
      vertex 9.4612 93.2943 5
      vertex 6.18079 95.714 9
      vertex 5.7612 94.8268 9
    endloop
  endfacet
  facet normal -0.941548 0.336879 0
    outer loop
      vertex 63.7754 74.1732 9
      vertex 64.106 75.0972 22.2
      vertex 64.106 75.0972 9
    endloop
  endfacet
  facet normal -0.941548 0.336879 0
    outer loop
      vertex 64.106 75.0972 22.2
      vertex 63.7754 74.1732 9
      vertex 63.7754 74.1732 22.2
    endloop
  endfacet
  facet normal -0.514106 0.857727 0
    outer loop
      vertex 60.0923 69.6853 9
      vertex 59.2506 69.1808 22.2
      vertex 60.0923 69.6853 22.2
    endloop
  endfacet
  facet normal -0.514106 0.857727 0
    outer loop
      vertex 59.2506 69.1808 22.2
      vertex 60.0923 69.6853 9
      vertex 59.2506 69.1808 9
    endloop
  endfacet
  facet normal -0.238191 0.665782 0.707106
    outer loop
      vertex 58.3634 68.7612 9
      vertex 56.8309 72.4612 5
      vertex 56.2769 72.263 5
    endloop
  endfacet
  facet normal -0.302319 0.639222 0.707106
    outer loop
      vertex 58.3634 68.7612 9
      vertex 59.2506 69.1808 9
      vertex 56.8309 72.4612 5
    endloop
  endfacet
  facet normal -0.706254 0.0347417 0.707105
    outer loop
      vertex 64.4884 77.0198 9
      vertex 60.5318 78 5
      vertex 60.5029 77.4125 5
    endloop
  endfacet
  facet normal 0.302355 -0.6392 0.70711
    outer loop
      vertex 12.1738 96.2872 5
      vertex 12.7057 96.5388 5
      vertex 10.286 99.8192 9
    endloop
  endfacet
  facet normal -0.741 0.671505 0
    outer loop
      vertex 61.6077 70.9289 9
      vertex 62.2667 71.6561 22.2
      vertex 62.2667 71.6561 9
    endloop
  endfacet
  facet normal -0.741 0.671505 0
    outer loop
      vertex 62.2667 71.6561 22.2
      vertex 61.6077 70.9289 9
      vertex 61.6077 70.9289 22.2
    endloop
  endfacet
  facet normal -0.679796 -0.194629 0.707105
    outer loop
      vertex 61.2328 93.2777 9
      vertex 60.9627 94.2211 9
      vertex 57.1714 92.9309 5
    endloop
  endfacet
  facet normal 0.803192 0.59572 0
    outer loop
      vertex 7.2699 71.6561 22.2
      vertex 6.6853 72.4443 16.9485
      vertex 6.6853 72.4443 22.2
    endloop
  endfacet
  facet normal 0.803323 0.595544 -4.09293e-05
    outer loop
      vertex 6.6853 72.4443 16.9485
      vertex 7.2699 71.6561 22.2
      vertex 6.76032 72.3431 16.8569
    endloop
  endfacet
  facet normal 0.803189 0.595724 -4.95311e-06
    outer loop
      vertex 6.76032 72.3431 16.8569
      vertex 7.2699 71.6561 22.2
      vertex 7.15134 71.8159 16.2751
    endloop
  endfacet
  facet normal 0.803101 0.595843 0
    outer loop
      vertex 7.15134 71.8159 16.2751
      vertex 7.2699 71.6561 22.2
      vertex 7.2699 71.6561 16.0596
    endloop
  endfacet
  facet normal 0 0 1
    outer loop
      vertex 60.5045 78.5541 5
      vertex 60.5029 77.4125 5
      vertex 60.5318 78 5
    endloop
  endfacet
  facet normal 0 0 1
    outer loop
      vertex 60.5045 78.5541 5
      vertex 60.4165 76.8303 5
      vertex 60.5029 77.4125 5
    endloop
  endfacet
  facet normal 0 0 1
    outer loop
      vertex 60.3489 79.4948 5
      vertex 60.4165 76.8303 5
      vertex 60.5045 78.5541 5
    endloop
  endfacet
  facet normal 0 0 1
    outer loop
      vertex 60.3489 79.4948 5
      vertex 60.2736 76.2597 5
      vertex 60.4165 76.8303 5
    endloop
  endfacet
  facet normal 0 0 1
    outer loop
      vertex 60.3489 79.4948 5
      vertex 60.0754 75.7057 5
      vertex 60.2736 76.2597 5
    endloop
  endfacet
  facet normal 0 0 1
    outer loop
      vertex 60.3489 79.4948 5
      vertex 59.8238 75.1738 5
      vertex 60.0754 75.7057 5
    endloop
  endfacet
  facet normal 0 0 1
    outer loop
      vertex 60.3489 79.4948 5
      vertex 59.5214 74.6693 5
      vertex 59.8238 75.1738 5
    endloop
  endfacet
  facet normal 0 0 1
    outer loop
      vertex 60.3489 79.4948 5
      vertex 59.171 74.1967 5
      vertex 59.5214 74.6693 5
    endloop
  endfacet
  facet normal 0 0 1
    outer loop
      vertex 60.3489 79.4948 5
      vertex 58.7758 73.7608 5
      vertex 59.171 74.1967 5
    endloop
  endfacet
  facet normal 0 0 1
    outer loop
      vertex 60.3489 79.4948 5
      vertex 58.3399 73.3656 5
      vertex 58.7758 73.7608 5
    endloop
  endfacet
  facet normal 0 0 1
    outer loop
      vertex 60.3489 79.4948 5
      vertex 57.8673 73.0152 5
      vertex 58.3399 73.3656 5
    endloop
  endfacet
  facet normal 0 0 1
    outer loop
      vertex 60.3489 79.4948 5
      vertex 57.3628 72.7128 5
      vertex 57.8673 73.0152 5
    endloop
  endfacet
  facet normal 0 0 1
    outer loop
      vertex 54.4384 72 5
      vertex 60.3489 79.4948 5
      vertex 57.3602 92.2713 5
    endloop
  endfacet
  facet normal 0 0 1
    outer loop
      vertex 51.4307 97 5
      vertex 57.3602 92.2713 5
      vertex 57.1714 92.9309 5
    endloop
  endfacet
  facet normal 0 0 1
    outer loop
      vertex 51.4307 97 5
      vertex 57.1714 92.9309 5
      vertex 56.9547 93.4781 5
    endloop
  endfacet
  facet normal 0 0 1
    outer loop
      vertex 60.3489 79.4948 5
      vertex 54.4384 72 5
      vertex 57.3628 72.7128 5
    endloop
  endfacet
  facet normal 0 0 1
    outer loop
      vertex 51.4307 97 5
      vertex 56.9547 93.4781 5
      vertex 56.6855 94.0013 5
    endloop
  endfacet
  facet normal 0 0 1
    outer loop
      vertex 51.4307 97 5
      vertex 56.6855 94.0013 5
      vertex 56.3663 94.4955 5
    endloop
  endfacet
  facet normal 0 0 1
    outer loop
      vertex 57.3628 72.7128 5
      vertex 54.4384 72 5
      vertex 56.8309 72.4612 5
    endloop
  endfacet
  facet normal 0 0 1
    outer loop
      vertex 51.4307 97 5
      vertex 56.3663 94.4955 5
      vertex 56.0002 94.9562 5
    endloop
  endfacet
  facet normal 0 0 1
    outer loop
      vertex 56.8309 72.4612 5
      vertex 54.4384 72 5
      vertex 56.2769 72.263 5
    endloop
  endfacet
  facet normal 0 0 1
    outer loop
      vertex 51.4307 97 5
      vertex 56.0002 94.9562 5
      vertex 55.5908 95.3785 5
    endloop
  endfacet
  facet normal 0 0 1
    outer loop
      vertex 51.4307 97 5
      vertex 55.5908 95.3785 5
      vertex 55.1418 95.7589 5
    endloop
  endfacet
  facet normal 0 0 1
    outer loop
      vertex 56.2769 72.263 5
      vertex 54.4384 72 5
      vertex 55.7063 72.12 5
    endloop
  endfacet
  facet normal 0 0 1
    outer loop
      vertex 51.4307 97 5
      vertex 55.1418 95.7589 5
      vertex 54.658 96.0933 5
    endloop
  endfacet
  facet normal 0 0 1
    outer loop
      vertex 55.7063 72.12 5
      vertex 54.4384 72 5
      vertex 55.1241 72.0337 5
    endloop
  endfacet
  facet normal 0 0 1
    outer loop
      vertex 51.4307 97 5
      vertex 54.658 96.0933 5
      vertex 54.1434 96.3788 5
    endloop
  endfacet
  facet normal 0 0 1
    outer loop
      vertex 51.4307 97 5
      vertex 54.1434 96.3788 5
      vertex 53.6034 96.6124 5
    endloop
  endfacet
  facet normal 0 0 1
    outer loop
      vertex 51.4307 97 5
      vertex 53.6034 96.6124 5
      vertex 53.0433 96.792 5
    endloop
  endfacet
  facet normal 0 0 1
    outer loop
      vertex 51.4307 97 5
      vertex 53.0433 96.792 5
      vertex 52.468 96.9158 5
    endloop
  endfacet
  facet normal 0 0 1
    outer loop
      vertex 51.4307 97 5
      vertex 52.468 96.9158 5
      vertex 51.8502 96.9864 5
    endloop
  endfacet
  facet normal 0 0 1
    outer loop
      vertex 57.3602 92.2713 5
      vertex 51.4307 97 5
      vertex 54.4384 72 5
    endloop
  endfacet
  facet normal 0 0 1
    outer loop
      vertex 15 83.0537 5
      vertex 51.4307 97 5
      vertex 15.0981 97 5
    endloop
  endfacet
  facet normal 0 0 1
    outer loop
      vertex 51.4307 97 5
      vertex 15 83.0537 5
      vertex 54.4384 72 5
    endloop
  endfacet
  facet normal -0 0 1
    outer loop
      vertex 15 72.9463 5
      vertex 54.4384 72 5
      vertex 15 83.0537 5
    endloop
  endfacet
  facet normal 0 0 1
    outer loop
      vertex 9 90.9019 5
      vertex 15.0981 97 5
      vertex 14.4125 96.9663 5
    endloop
  endfacet
  facet normal 0 0 1
    outer loop
      vertex 9 90.9019 5
      vertex 14.4125 96.9663 5
      vertex 13.8303 96.88 5
    endloop
  endfacet
  facet normal 0 0 1
    outer loop
      vertex 9 90.9019 5
      vertex 13.8303 96.88 5
      vertex 13.2597 96.737 5
    endloop
  endfacet
  facet normal 0 0 1
    outer loop
      vertex 9 90.9019 5
      vertex 13.2597 96.737 5
      vertex 12.7057 96.5388 5
    endloop
  endfacet
  facet normal 0 0 1
    outer loop
      vertex 9 90.9019 5
      vertex 12.7057 96.5388 5
      vertex 12.1738 96.2872 5
    endloop
  endfacet
  facet normal 0 0 1
    outer loop
      vertex 9 90.9019 5
      vertex 12.1738 96.2872 5
      vertex 11.6693 95.9848 5
    endloop
  endfacet
  facet normal 0 0 1
    outer loop
      vertex 9 90.9019 5
      vertex 11.6693 95.9848 5
      vertex 11.1967 95.6344 5
    endloop
  endfacet
  facet normal 0 0 1
    outer loop
      vertex 9 90.9019 5
      vertex 11.1967 95.6344 5
      vertex 10.7608 95.2392 5
    endloop
  endfacet
  facet normal 0 0 1
    outer loop
      vertex 9 90.9019 5
      vertex 10.7608 95.2392 5
      vertex 10.3656 94.8033 5
    endloop
  endfacet
  facet normal 0 0 1
    outer loop
      vertex 9 90.9019 5
      vertex 10.3656 94.8033 5
      vertex 10.0152 94.3307 5
    endloop
  endfacet
  facet normal 0 0 1
    outer loop
      vertex 9 90.9019 5
      vertex 10.0152 94.3307 5
      vertex 9.71277 93.8262 5
    endloop
  endfacet
  facet normal 0 0 1
    outer loop
      vertex 9 90.9019 5
      vertex 9.71277 93.8262 5
      vertex 9.4612 93.2943 5
    endloop
  endfacet
  facet normal 0 0 1
    outer loop
      vertex 9 90.9019 5
      vertex 9.4612 93.2943 5
      vertex 9.26297 92.7403 5
    endloop
  endfacet
  facet normal 0 0 1
    outer loop
      vertex 9 90.9019 5
      vertex 9.26297 92.7403 5
      vertex 9.12004 92.1697 5
    endloop
  endfacet
  facet normal 0 0 1
    outer loop
      vertex 9 90.9019 5
      vertex 9.12004 92.1697 5
      vertex 9.03369 91.5875 5
    endloop
  endfacet
  facet normal 0 0 1
    outer loop
      vertex 15.0981 97 5
      vertex 9 90.9019 5
      vertex 15 83.0537 5
    endloop
  endfacet
  facet normal 0 0 1
    outer loop
      vertex 15 83.0537 5
      vertex 9 90.9019 5
      vertex 9 83.0537 5
    endloop
  endfacet
  facet normal 0 0 1
    outer loop
      vertex 54.4384 72 5
      vertex 15 72.9463 5
      vertex 15.0981 72 5
    endloop
  endfacet
  facet normal 0 0 1
    outer loop
      vertex 15 72.9463 5
      vertex 14.4125 72.0337 5
      vertex 15.0981 72 5
    endloop
  endfacet
  facet normal 0 0 1
    outer loop
      vertex 15 72.9463 5
      vertex 13.8303 72.12 5
      vertex 14.4125 72.0337 5
    endloop
  endfacet
  facet normal 0 0 1
    outer loop
      vertex 15 72.9463 5
      vertex 13.2597 72.263 5
      vertex 13.8303 72.12 5
    endloop
  endfacet
  facet normal 0 0 1
    outer loop
      vertex 15 72.9463 5
      vertex 12.7057 72.4612 5
      vertex 13.2597 72.263 5
    endloop
  endfacet
  facet normal 0 0 1
    outer loop
      vertex 15 72.9463 5
      vertex 12.1738 72.7128 5
      vertex 12.7057 72.4612 5
    endloop
  endfacet
  facet normal 0 -0 1
    outer loop
      vertex 12.1738 72.7128 5
      vertex 15 72.9463 5
      vertex 11.7841 72.9463 5
    endloop
  endfacet
  facet normal -0.657425 -0.260376 0.707105
    outer loop
      vertex 60.9627 94.2211 9
      vertex 60.6013 95.1336 9
      vertex 56.9547 93.4781 5
    endloop
  endfacet
  facet normal 0.514102 -0.857729 0
    outer loop
      vertex 9.44429 99.3147 9
      vertex 10.286 99.8192 22.2
      vertex 9.44429 99.3147 22.2
    endloop
  endfacet
  facet normal 0.514102 -0.857729 0
    outer loop
      vertex 10.286 99.8192 22.2
      vertex 9.44429 99.3147 9
      vertex 10.286 99.8192 9
    endloop
  endfacet
  facet normal -0.688517 -0.161059 0.70711
    outer loop
      vertex 60.3489 79.4948 5
      vertex 61.2328 93.2777 9
      vertex 57.3602 92.2713 5
    endloop
  endfacet
  facet normal 0.606499 -0.363532 0.70711
    outer loop
      vertex 10.0152 94.3307 5
      vertex 6.6853 96.5557 9
      vertex 6.18079 95.714 9
    endloop
  endfacet
  facet normal 0.606483 -0.363565 0.707106
    outer loop
      vertex 9.71277 93.8262 5
      vertex 10.0152 94.3307 5
      vertex 6.18079 95.714 9
    endloop
  endfacet
  facet normal -0.146741 0.989175 0
    outer loop
      vertex 56.4875 68.1922 9
      vertex 55.5168 68.0482 22.2
      vertex 56.4875 68.1922 22.2
    endloop
  endfacet
  facet normal -0.146741 0.989175 0
    outer loop
      vertex 55.5168 68.0482 22.2
      vertex 56.4875 68.1922 9
      vertex 55.5168 68.0482 9
    endloop
  endfacet
  facet normal -0.397433 -0.917631 0
    outer loop
      vertex 55.0115 100.362 9
      vertex 55.9122 99.9719 22.2
      vertex 55.0115 100.362 22.2
    endloop
  endfacet
  facet normal -0.397433 -0.917631 -0
    outer loop
      vertex 55.9122 99.9719 22.2
      vertex 55.0115 100.362 9
      vertex 55.9122 99.9719 9
    endloop
  endfacet
  facet normal -0.242943 0.970041 0
    outer loop
      vertex 57.4394 68.4306 9
      vertex 56.4875 68.1922 22.2
      vertex 57.4394 68.4306 22.2
    endloop
  endfacet
  facet normal -0.242943 0.970041 0
    outer loop
      vertex 56.4875 68.1922 22.2
      vertex 57.4394 68.4306 9
      vertex 56.4875 68.1922 9
    endloop
  endfacet
  facet normal -0.961374 -0.275246 0
    outer loop
      vertex 61.2328 93.2777 9
      vertex 60.9627 94.2211 22.2
      vertex 60.9627 94.2211 9
    endloop
  endfacet
  facet normal -0.961374 -0.275246 0
    outer loop
      vertex 60.9627 94.2211 22.2
      vertex 61.2328 93.2777 9
      vertex 61.2328 93.2777 22.2
    endloop
  endfacet
  facet normal -0.457082 -0.539507 0.707113
    outer loop
      vertex 58.3264 98.3035 9
      vertex 57.5776 98.9379 9
      vertex 55.1418 95.7589 5
    endloop
  endfacet
  facet normal -0.889191 -0.457537 0
    outer loop
      vertex 60.6013 95.1336 9
      vertex 60.1523 96.0062 22.2
      vertex 60.1523 96.0062 9
    endloop
  endfacet
  facet normal -0.889191 -0.457537 0
    outer loop
      vertex 60.1523 96.0062 22.2
      vertex 60.6013 95.1336 9
      vertex 60.6013 95.1336 22.2
    endloop
  endfacet
  facet normal 0.171789 0.68593 0.707099
    outer loop
      vertex 13.0491 68.1922 9
      vertex 13.8303 72.12 5
      vertex 12.0972 68.4306 9
    endloop
  endfacet
  facet normal -0.671505 0.741 0
    outer loop
      vertex 61.6077 70.9289 9
      vertex 60.8805 70.2699 22.2
      vertex 61.6077 70.9289 22.2
    endloop
  endfacet
  facet normal -0.671505 0.741 0
    outer loop
      vertex 60.8805 70.2699 22.2
      vertex 61.6077 70.9289 9
      vertex 60.8805 70.2699 9
    endloop
  endfacet
  facet normal -0.148761 -0.691292 0.707096
    outer loop
      vertex 53.0433 96.792 5
      vertex 54.077 100.661 9
      vertex 52.468 96.9158 5
    endloop
  endfacet
  facet normal -0.628762 -0.323514 0.707105
    outer loop
      vertex 56.9547 93.4781 5
      vertex 60.6013 95.1336 9
      vertex 56.6855 94.0013 5
    endloop
  endfacet
  facet normal 0.903999 -0.427535 0
    outer loop
      vertex 5.7612 94.8268 22.2
      vertex 6.18079 95.714 9
      vertex 6.18079 95.714 22.2
    endloop
  endfacet
  facet normal 0.903999 -0.427535 0
    outer loop
      vertex 6.18079 95.714 9
      vertex 5.7612 94.8268 22.2
      vertex 5.7612 94.8268 9
    endloop
  endfacet
  facet normal 0.706255 -0.034705 0.707107
    outer loop
      vertex 9 90.9019 5
      vertex 9.03369 91.5875 5
      vertex 5.04816 91.9802 9
    endloop
  endfacet
  facet normal -0.782833 -0.622231 0
    outer loop
      vertex 59.62 96.8306 9
      vertex 59.0094 97.5988 22.2
      vertex 59.0094 97.5988 9
    endloop
  endfacet
  facet normal -0.782833 -0.622231 0
    outer loop
      vertex 59.0094 97.5988 22.2
      vertex 59.62 96.8306 9
      vertex 59.62 96.8306 22.2
    endloop
  endfacet
  facet normal 0.0347153 0.706256 0.707104
    outer loop
      vertex 15.0981 72 5
      vertex 14.4125 72.0337 5
      vertex 14.0198 68.0482 9
    endloop
  endfacet
  facet normal 0.685916 -0.171816 0.707105
    outer loop
      vertex 9.12004 92.1697 5
      vertex 9.26297 92.7403 5
      vertex 5.4306 93.9028 9
    endloop
  endfacet
  facet normal 0.171894 0.685892 0.70711
    outer loop
      vertex 13.8303 72.12 5
      vertex 13.2597 72.263 5
      vertex 12.0972 68.4306 9
    endloop
  endfacet
  facet normal -0.171789 0.68593 0.707099
    outer loop
      vertex 56.4875 68.1922 9
      vertex 57.4394 68.4306 9
      vertex 55.7063 72.12 5
    endloop
  endfacet
  facet normal -0.0491143 0.998793 0
    outer loop
      vertex 55.5168 68.0482 9
      vertex 54.5366 68 22.2
      vertex 55.5168 68.0482 22.2
    endloop
  endfacet
  facet normal -0.0491143 0.998793 0
    outer loop
      vertex 54.5366 68 22.2
      vertex 55.5168 68.0482 9
      vertex 54.5366 68 9
    endloop
  endfacet
  facet normal -0.929736 -0.368226 0
    outer loop
      vertex 60.9627 94.2211 9
      vertex 60.6013 95.1336 22.2
      vertex 60.6013 95.1336 9
    endloop
  endfacet
  facet normal -0.929736 -0.368226 0
    outer loop
      vertex 60.6013 95.1336 22.2
      vertex 60.9627 94.2211 9
      vertex 60.9627 94.2211 22.2
    endloop
  endfacet
  facet normal -0.0802833 -0.702536 0.707105
    outer loop
      vertex 52.468 96.9158 5
      vertex 52.1426 100.979 9
      vertex 51.8502 96.9864 5
    endloop
  endfacet
  facet normal 0.970028 0.242991 0
    outer loop
      vertex 5.4306 75.0972 22.2
      vertex 5.19215 76.0491 18.9485
      vertex 5.19215 76.0491 22.2
    endloop
  endfacet
  facet normal 0.970032 0.242979 -3.79665e-06
    outer loop
      vertex 5.19215 76.0491 18.9485
      vertex 5.4306 75.0972 22.2
      vertex 5.28518 75.6777 18.8555
    endloop
  endfacet
  facet normal 0.970026 0.243 0
    outer loop
      vertex 5.28518 75.6777 18.8555
      vertex 5.4306 75.0972 22.2
      vertex 5.4306 75.0972 18.6478
    endloop
  endfacet
  facet normal 0.699454 -0.103741 0.707108
    outer loop
      vertex 9.03369 91.5875 5
      vertex 9.12004 92.1697 5
      vertex 5.04816 91.9802 9
    endloop
  endfacet
  facet normal -0.646417 -0.762984 0
    outer loop
      vertex 57.5776 98.9379 9
      vertex 58.3264 98.3035 22.2
      vertex 57.5776 98.9379 22.2
    endloop
  endfacet
  facet normal -0.646417 -0.762984 -0
    outer loop
      vertex 58.3264 98.3035 22.2
      vertex 57.5776 98.9379 9
      vertex 58.3264 98.3035 9
    endloop
  endfacet
  facet normal 0.740989 -0.671517 0
    outer loop
      vertex 7.2699 97.3439 22.2
      vertex 7.92892 98.0711 9
      vertex 7.92892 98.0711 22.2
    endloop
  endfacet
  facet normal 0.740989 -0.671517 0
    outer loop
      vertex 7.92892 98.0711 9
      vertex 7.2699 97.3439 22.2
      vertex 7.2699 97.3439 9
    endloop
  endfacet
  facet normal 0.421147 -0.568019 0.707099
    outer loop
      vertex 11.1967 95.6344 5
      vertex 11.6693 95.9848 5
      vertex 8.65607 98.7301 9
    endloop
  endfacet
  facet normal -0.149128 -0.691175 0.707134
    outer loop
      vertex 54.077 100.661 9
      vertex 53.1176 100.868 9
      vertex 52.468 96.9158 5
    endloop
  endfacet
  facet normal -0.679804 -0.194583 0.707109
    outer loop
      vertex 57.3602 92.2713 5
      vertex 61.2328 93.2777 9
      vertex 57.1714 92.9309 5
    endloop
  endfacet
  facet normal 0.336336 -0.941742 0
    outer loop
      vertex 11.1732 100.239 9
      vertex 12.0972 100.569 22.2
      vertex 11.1732 100.239 22.2
    endloop
  endfacet
  facet normal 0.336336 -0.941742 0
    outer loop
      vertex 12.0972 100.569 22.2
      vertex 11.1732 100.239 9
      vertex 12.0972 100.569 9
    endloop
  endfacet
  facet normal -0.210907 -0.977506 0
    outer loop
      vertex 53.1176 100.868 9
      vertex 54.077 100.661 22.2
      vertex 53.1176 100.868 22.2
    endloop
  endfacet
  facet normal -0.210907 -0.977506 -0
    outer loop
      vertex 54.077 100.661 22.2
      vertex 53.1176 100.868 9
      vertex 54.077 100.661 9
    endloop
  endfacet
  facet normal -0.606502 0.363527 0.707109
    outer loop
      vertex 62.8513 72.4443 9
      vertex 63.3558 73.286 9
      vertex 59.5214 74.6693 5
    endloop
  endfacet
  facet normal -0.657431 -0.260353 0.707107
    outer loop
      vertex 57.1714 92.9309 5
      vertex 60.9627 94.2211 9
      vertex 56.9547 93.4781 5
    endloop
  endfacet
  facet normal -0.343057 -0.618309 0.707111
    outer loop
      vertex 56.7703 99.4958 9
      vertex 55.9122 99.9719 9
      vertex 54.1434 96.3788 5
    endloop
  endfacet
  facet normal -0.857727 0.514106 0
    outer loop
      vertex 62.8513 72.4443 9
      vertex 63.3558 73.286 22.2
      vertex 63.3558 73.286 9
    endloop
  endfacet
  facet normal -0.857727 0.514106 0
    outer loop
      vertex 63.3558 73.286 22.2
      vertex 62.8513 72.4443 9
      vertex 62.8513 72.4443 22.2
    endloop
  endfacet
  facet normal 0.0491143 0.998793 -0
    outer loop
      vertex 15 68 9
      vertex 14.0198 68.0482 22.2
      vertex 15 68 22.2
    endloop
  endfacet
  facet normal 0.0491143 0.998793 0
    outer loop
      vertex 14.0198 68.0482 22.2
      vertex 15 68 9
      vertex 14.0198 68.0482 9
    endloop
  endfacet
  facet normal 0.941548 0.336879 0
    outer loop
      vertex 5.7612 74.1732 22.2
      vertex 5.4306 75.0972 18.6478
      vertex 5.4306 75.0972 22.2
    endloop
  endfacet
  facet normal 0.941585 0.336775 -3.05296e-05
    outer loop
      vertex 5.4306 75.0972 18.6478
      vertex 5.7612 74.1732 22.2
      vertex 5.48736 74.9385 18.591
    endloop
  endfacet
  facet normal 0.941545 0.336886 -3.88193e-06
    outer loop
      vertex 5.48736 74.9385 18.591
      vertex 5.7612 74.1732 22.2
      vertex 5.74129 74.2288 18.2554
    endloop
  endfacet
  facet normal 0.941458 0.33713 0
    outer loop
      vertex 5.74129 74.2288 18.2554
      vertex 5.7612 74.1732 22.2
      vertex 5.7612 74.1732 18.222
    endloop
  endfacet
  facet normal 0.237833 -0.665933 0.707084
    outer loop
      vertex 13.2597 96.737 5
      vertex 12.0972 100.569 9
      vertex 11.1732 100.239 9
    endloop
  endfacet
  facet normal -0.567941 0.421236 0.707109
    outer loop
      vertex 62.2667 71.6561 9
      vertex 62.8513 72.4443 9
      vertex 59.5214 74.6693 5
    endloop
  endfacet
  facet normal 0.857722 -0.514114 0
    outer loop
      vertex 6.18079 95.714 22.2
      vertex 6.6853 96.5557 9
      vertex 6.6853 96.5557 22.2
    endloop
  endfacet
  facet normal 0.857722 -0.514114 0
    outer loop
      vertex 6.6853 96.5557 9
      vertex 6.18079 95.714 22.2
      vertex 6.18079 95.714 9
    endloop
  endfacet
  facet normal 0.989176 0.146731 0
    outer loop
      vertex 5.19215 76.0491 22.2
      vertex 5.04816 77.0198 19.1324
      vertex 5.04816 77.0198 22.2
    endloop
  endfacet
  facet normal 0.989176 0.146732 4.14916e-07
    outer loop
      vertex 5.04816 77.0198 19.1324
      vertex 5.19215 76.0491 22.2
      vertex 5.13427 76.4393 19.0463
    endloop
  endfacet
  facet normal 0.989177 0.146729 0
    outer loop
      vertex 5.13427 76.4393 19.0463
      vertex 5.19215 76.0491 22.2
      vertex 5.19215 76.0491 18.9485
    endloop
  endfacet
  facet normal 0.568021 -0.421148 0.707098
    outer loop
      vertex 10.0152 94.3307 5
      vertex 10.3656 94.8033 5
      vertex 7.2699 97.3439 9
    endloop
  endfacet
  facet normal 0.567941 -0.421236 0.707109
    outer loop
      vertex 10.0152 94.3307 5
      vertex 7.2699 97.3439 9
      vertex 6.6853 96.5557 9
    endloop
  endfacet
  facet normal 1 0 0
    outer loop
      vertex 5 91 22.2
      vertex 5 85.6861 9
      vertex 5 91 9
    endloop
  endfacet
  facet normal 1 0 0
    outer loop
      vertex 5 80.1531 10.5469
      vertex 5 85.6555 8.87772
      vertex 5 85.6861 9
    endloop
  endfacet
  facet normal 1 0 0
    outer loop
      vertex 5 85.6555 8.87772
      vertex 5 80.0787 10.339
      vertex 5 85.391 8.13853
    endloop
  endfacet
  facet normal 1 0 0
    outer loop
      vertex 5 85.391 8.13853
      vertex 5 80.0787 10.339
      vertex 5 85.0554 7.42883
    endloop
  endfacet
  facet normal 1 -0 0
    outer loop
      vertex 5 79.8708 12.45
      vertex 5 85.6861 9
      vertex 5 91 22.2
    endloop
  endfacet
  facet normal 1 -0 -0
    outer loop
      vertex 5 80.2068 11.639
      vertex 5 85.6861 9
      vertex 5 80.1531 11.8531
    endloop
  endfacet
  facet normal 1 -0 -0
    outer loop
      vertex 5 80.25 11.2
      vertex 5 85.6861 9
      vertex 5 80.2392 11.4205
    endloop
  endfacet
  facet normal 1 -0 0
    outer loop
      vertex 5 80.2068 10.761
      vertex 5 85.6861 9
      vertex 5 80.2392 10.9795
    endloop
  endfacet
  facet normal 1 -0 0
    outer loop
      vertex 5 80.1531 10.5469
      vertex 5 85.6861 9
      vertex 5 80.2068 10.761
    endloop
  endfacet
  facet normal 1 -0 0
    outer loop
      vertex 5 79.9843 10.1394
      vertex 5 85.0554 7.42883
      vertex 5 80.0787 10.339
    endloop
  endfacet
  facet normal 1 -0 0
    outer loop
      vertex 5 79.8708 9.94997
      vertex 5 84.6518 6.75544
      vertex 5 79.9843 10.1394
    endloop
  endfacet
  facet normal 1 -0 0
    outer loop
      vertex 5 79.7393 9.77262
      vertex 5 84.1841 6.12485
      vertex 5 79.8708 9.94997
    endloop
  endfacet
  facet normal 1 0 0
    outer loop
      vertex 5 85.0554 7.42883
      vertex 5 79.9843 10.1394
      vertex 5 84.6518 6.75544
    endloop
  endfacet
  facet normal 1 0 0
    outer loop
      vertex 5 85.6555 8.87772
      vertex 5 80.1531 10.5469
      vertex 5 80.0787 10.339
    endloop
  endfacet
  facet normal 1 -0 0
    outer loop
      vertex 5 80.2392 10.9795
      vertex 5 85.6861 9
      vertex 5 80.25 11.2
    endloop
  endfacet
  facet normal 1 -0 -0
    outer loop
      vertex 5 80.2392 11.4205
      vertex 5 85.6861 9
      vertex 5 80.2068 11.639
    endloop
  endfacet
  facet normal 1 0 0
    outer loop
      vertex 5 85.6861 9
      vertex 5 80.0787 12.061
      vertex 5 80.1531 11.8531
    endloop
  endfacet
  facet normal 1 0 0
    outer loop
      vertex 5 85.6861 9
      vertex 5 79.9843 12.2606
      vertex 5 80.0787 12.061
    endloop
  endfacet
  facet normal 1 0 0
    outer loop
      vertex 5 85.6861 9
      vertex 5 79.8708 12.45
      vertex 5 79.9843 12.2606
    endloop
  endfacet
  facet normal 1 0 0
    outer loop
      vertex 5 91 22.2
      vertex 5 79.7393 12.6274
      vertex 5 79.8708 12.45
    endloop
  endfacet
  facet normal 1 -0 0
    outer loop
      vertex 5 78 19.2
      vertex 5 79.7393 12.6274
      vertex 5 91 22.2
    endloop
  endfacet
  facet normal 1 0 0
    outer loop
      vertex 5 79.7393 12.6274
      vertex 5 78 19.2
      vertex 5 79.591 12.791
    endloop
  endfacet
  facet normal 1 0 0
    outer loop
      vertex 5 79.591 12.791
      vertex 5 78 19.2
      vertex 5 79.4274 12.9393
    endloop
  endfacet
  facet normal 1 0 0
    outer loop
      vertex 5 79.4274 12.9393
      vertex 5 78 19.2
      vertex 5 79.25 13.0708
    endloop
  endfacet
  facet normal 1 0 0
    outer loop
      vertex 5 79.25 13.0708
      vertex 5 78 19.2
      vertex 5 79.0606 13.1843
    endloop
  endfacet
  facet normal 1 0 0
    outer loop
      vertex 5 79.0606 13.1843
      vertex 5 78 19.2
      vertex 5 78.861 13.2787
    endloop
  endfacet
  facet normal 1 0 0
    outer loop
      vertex 5 78.861 13.2787
      vertex 5 78 19.2
      vertex 5 78.6531 13.3531
    endloop
  endfacet
  facet normal 1 0 0
    outer loop
      vertex 5 78.6531 13.3531
      vertex 5 78 19.2
      vertex 5 78.4389 13.4068
    endloop
  endfacet
  facet normal 1 0 0
    outer loop
      vertex 5 78 19.2
      vertex 5 91 22.2
      vertex 5 78 22.2
    endloop
  endfacet
  facet normal 1 0 0
    outer loop
      vertex 5 78.4389 13.4068
      vertex 5 78 19.2
      vertex 5 78.2205 13.4392
    endloop
  endfacet
  facet normal 1 0 0
    outer loop
      vertex 5 78 19.2
      vertex 5 78 13.45
      vertex 5 78.2205 13.4392
    endloop
  endfacet
  facet normal 1 0 0
    outer loop
      vertex 5 78 19.2
      vertex 5 77.7795 13.4392
      vertex 5 78 13.45
    endloop
  endfacet
  facet normal 1 -0 0
    outer loop
      vertex 5 77.2159 19.1615
      vertex 5 77.7795 13.4392
      vertex 5 78 19.2
    endloop
  endfacet
  facet normal 1 0 0
    outer loop
      vertex 5 77.7795 13.4392
      vertex 5 77.2159 19.1615
      vertex 5 77.5611 13.4068
    endloop
  endfacet
  facet normal 1 -0 0
    outer loop
      vertex 5 76.4393 19.0463
      vertex 5 77.5611 13.4068
      vertex 5 77.2159 19.1615
    endloop
  endfacet
  facet normal 1 0 0
    outer loop
      vertex 5 77.5611 13.4068
      vertex 5 76.4393 19.0463
      vertex 5 77.3469 13.3531
    endloop
  endfacet
  facet normal 1 -0 0
    outer loop
      vertex 5 75.6777 18.8555
      vertex 5 77.3469 13.3531
      vertex 5 76.4393 19.0463
    endloop
  endfacet
  facet normal 1 0 0
    outer loop
      vertex 5 77.3469 13.3531
      vertex 5 75.6777 18.8555
      vertex 5 77.139 13.2787
    endloop
  endfacet
  facet normal 1 -0 0
    outer loop
      vertex 5 74.9385 18.591
      vertex 5 77.139 13.2787
      vertex 5 75.6777 18.8555
    endloop
  endfacet
  facet normal 1 0 0
    outer loop
      vertex 5 77.139 13.2787
      vertex 5 74.9385 18.591
      vertex 5 76.9394 13.1843
    endloop
  endfacet
  facet normal 1 -0 0
    outer loop
      vertex 5 74.2288 18.2554
      vertex 5 76.9394 13.1843
      vertex 5 74.9385 18.591
    endloop
  endfacet
  facet normal 1 0 0
    outer loop
      vertex 5 76.9394 13.1843
      vertex 5 74.2288 18.2554
      vertex 5 76.75 13.0708
    endloop
  endfacet
  facet normal 1 -0 0
    outer loop
      vertex 5 73.5554 17.8518
      vertex 5 76.75 13.0708
      vertex 5 74.2288 18.2554
    endloop
  endfacet
  facet normal 1 0 0
    outer loop
      vertex 5 76.75 13.0708
      vertex 5 73.5554 17.8518
      vertex 5 76.5726 12.9393
    endloop
  endfacet
  facet normal 1 -0 0
    outer loop
      vertex 5 72.9249 17.3841
      vertex 5 76.5726 12.9393
      vertex 5 73.5554 17.8518
    endloop
  endfacet
  facet normal 1 0 0
    outer loop
      vertex 5 76.5726 12.9393
      vertex 5 72.9249 17.3841
      vertex 5 76.409 12.791
    endloop
  endfacet
  facet normal 1 -0 0
    outer loop
      vertex 5 72.3431 16.8569
      vertex 5 76.409 12.791
      vertex 5 72.9249 17.3841
    endloop
  endfacet
  facet normal 1 0 0
    outer loop
      vertex 5 76.409 12.791
      vertex 5 72.3431 16.8569
      vertex 5 76.2607 12.6274
    endloop
  endfacet
  facet normal 1 0 0
    outer loop
      vertex 5 76.2607 12.6274
      vertex 5 71.8159 16.2751
      vertex 5 76.1292 12.45
    endloop
  endfacet
  facet normal 1 -0 0
    outer loop
      vertex 5 71.8159 16.2751
      vertex 5 76.2607 12.6274
      vertex 5 72.3431 16.8569
    endloop
  endfacet
  facet normal 1 0 0
    outer loop
      vertex 5 84.6518 6.75544
      vertex 5 79.8708 9.94997
      vertex 5 84.1841 6.12485
    endloop
  endfacet
  facet normal 1 0 0
    outer loop
      vertex 5 84.1841 6.12485
      vertex 5 79.7393 9.77262
      vertex 5 83.6569 5.54315
    endloop
  endfacet
  facet normal 1 -0 0
    outer loop
      vertex 5 79.591 9.60901
      vertex 5 83.6569 5.54315
      vertex 5 79.7393 9.77262
    endloop
  endfacet
  facet normal 1 0 0
    outer loop
      vertex 5 83.6569 5.54315
      vertex 5 79.591 9.60901
      vertex 5 83.0751 5.01592
    endloop
  endfacet
  facet normal 1 -0 0
    outer loop
      vertex 5 79.4274 9.46073
      vertex 5 83.0751 5.01592
      vertex 5 79.591 9.60901
    endloop
  endfacet
  facet normal 1 0 0
    outer loop
      vertex 5 83.0751 5.01592
      vertex 5 79.4274 9.46073
      vertex 5 82.4446 4.54824
    endloop
  endfacet
  facet normal 1 -0 0
    outer loop
      vertex 5 79.25 9.32919
      vertex 5 82.4446 4.54824
      vertex 5 79.4274 9.46073
    endloop
  endfacet
  facet normal 1 0 0
    outer loop
      vertex 5 82.4446 4.54824
      vertex 5 79.25 9.32919
      vertex 5 81.7712 4.14463
    endloop
  endfacet
  facet normal 1 -0 0
    outer loop
      vertex 5 79.0606 9.21568
      vertex 5 81.7712 4.14463
      vertex 5 79.25 9.32919
    endloop
  endfacet
  facet normal 1 0 0
    outer loop
      vertex 5 81.7712 4.14463
      vertex 5 79.0606 9.21568
      vertex 5 81.0615 3.80896
    endloop
  endfacet
  facet normal 1 -0 0
    outer loop
      vertex 5 78.861 9.12127
      vertex 5 81.0615 3.80896
      vertex 5 79.0606 9.21568
    endloop
  endfacet
  facet normal 1 0 0
    outer loop
      vertex 5 81.0615 3.80896
      vertex 5 78.861 9.12127
      vertex 5 80.3223 3.54448
    endloop
  endfacet
  facet normal 1 -0 0
    outer loop
      vertex 5 78.6531 9.04688
      vertex 5 80.3223 3.54448
      vertex 5 78.861 9.12127
    endloop
  endfacet
  facet normal 1 0 0
    outer loop
      vertex 5 80.3223 3.54448
      vertex 5 78.6531 9.04688
      vertex 5 79.5607 3.35372
    endloop
  endfacet
  facet normal 1 -0 0
    outer loop
      vertex 5 78.4389 8.99323
      vertex 5 79.5607 3.35372
      vertex 5 78.6531 9.04688
    endloop
  endfacet
  facet normal 1 0 0
    outer loop
      vertex 5 79.5607 3.35372
      vertex 5 78.4389 8.99323
      vertex 5 78.7841 3.23852
    endloop
  endfacet
  facet normal 1 -0 0
    outer loop
      vertex 5 78.2205 8.96083
      vertex 5 78.7841 3.23852
      vertex 5 78.4389 8.99323
    endloop
  endfacet
  facet normal 1 -0 0
    outer loop
      vertex 5 78 8.95
      vertex 5 78.7841 3.23852
      vertex 5 78.2205 8.96083
    endloop
  endfacet
  facet normal 1 0 0
    outer loop
      vertex 5 78 8.95
      vertex 5 78 3.2
      vertex 5 78.7841 3.23852
    endloop
  endfacet
  facet normal 1 0 0
    outer loop
      vertex 5 77.7795 8.96083
      vertex 5 78 3.2
      vertex 5 78 8.95
    endloop
  endfacet
  facet normal 1 0 0
    outer loop
      vertex 5 77.2159 3.23852
      vertex 5 77.7795 8.96083
      vertex 5 77.5611 8.99323
    endloop
  endfacet
  facet normal 1 0 0
    outer loop
      vertex 5 76.4393 3.35372
      vertex 5 77.5611 8.99323
      vertex 5 77.3469 9.04688
    endloop
  endfacet
  facet normal 1 0 0
    outer loop
      vertex 5 77.7795 8.96083
      vertex 5 77.2159 3.23852
      vertex 5 78 3.2
    endloop
  endfacet
  facet normal 1 0 0
    outer loop
      vertex 5 75.6777 3.54448
      vertex 5 77.3469 9.04688
      vertex 5 77.139 9.12127
    endloop
  endfacet
  facet normal 1 0 0
    outer loop
      vertex 5 74.9385 3.80896
      vertex 5 77.139 9.12127
      vertex 5 76.9394 9.21568
    endloop
  endfacet
  facet normal 1 0 0
    outer loop
      vertex 5 74.2288 4.14463
      vertex 5 76.9394 9.21568
      vertex 5 76.75 9.32919
    endloop
  endfacet
  facet normal 1 0 0
    outer loop
      vertex 5 73.5554 4.54824
      vertex 5 76.75 9.32919
      vertex 5 76.5726 9.46073
    endloop
  endfacet
  facet normal 1 0 0
    outer loop
      vertex 5 77.5611 8.99323
      vertex 5 76.4393 3.35372
      vertex 5 77.2159 3.23852
    endloop
  endfacet
  facet normal 1 0 0
    outer loop
      vertex 5 72.9249 5.01592
      vertex 5 76.5726 9.46073
      vertex 5 76.409 9.60901
    endloop
  endfacet
  facet normal 1 0 0
    outer loop
      vertex 5 72.3431 5.54315
      vertex 5 76.409 9.60901
      vertex 5 76.2607 9.77262
    endloop
  endfacet
  facet normal 1 0 0
    outer loop
      vertex 5 71.8159 6.12485
      vertex 5 76.2607 9.77262
      vertex 5 76.1292 9.94997
    endloop
  endfacet
  facet normal 1 0 0
    outer loop
      vertex 5 71.3482 6.75544
      vertex 5 76.1292 9.94997
      vertex 5 76.0157 10.1394
    endloop
  endfacet
  facet normal 1 0 0
    outer loop
      vertex 5 70.9446 7.42883
      vertex 5 76.0157 10.1394
      vertex 5 75.9213 10.339
    endloop
  endfacet
  facet normal 1 0 0
    outer loop
      vertex 5 70.609 8.13853
      vertex 5 75.9213 10.339
      vertex 5 75.8469 10.5469
    endloop
  endfacet
  facet normal 1 0 0
    outer loop
      vertex 5 70.3445 8.87772
      vertex 5 75.8469 10.5469
      vertex 5 75.7932 10.761
    endloop
  endfacet
  facet normal 1 0 0
    outer loop
      vertex 5 70.1537 9.63928
      vertex 5 75.7932 10.761
      vertex 5 75.7608 10.9795
    endloop
  endfacet
  facet normal 1 0 0
    outer loop
      vertex 5 77.3469 9.04688
      vertex 5 75.6777 3.54448
      vertex 5 76.4393 3.35372
    endloop
  endfacet
  facet normal 1 0 0
    outer loop
      vertex 5 70.0385 10.4159
      vertex 5 75.7608 10.9795
      vertex 5 75.75 11.2
    endloop
  endfacet
  facet normal 1 -0 0
    outer loop
      vertex 5 71.3482 15.6446
      vertex 5 76.1292 12.45
      vertex 5 71.8159 16.2751
    endloop
  endfacet
  facet normal 1 0 0
    outer loop
      vertex 5 76.1292 12.45
      vertex 5 71.3482 15.6446
      vertex 5 76.0157 12.2606
    endloop
  endfacet
  facet normal 1 0 0
    outer loop
      vertex 5 77.139 9.12127
      vertex 5 74.9385 3.80896
      vertex 5 75.6777 3.54448
    endloop
  endfacet
  facet normal 1 -0 0
    outer loop
      vertex 5 70.9446 14.9712
      vertex 5 76.0157 12.2606
      vertex 5 71.3482 15.6446
    endloop
  endfacet
  facet normal 1 0 0
    outer loop
      vertex 5 76.9394 9.21568
      vertex 5 74.2288 4.14463
      vertex 5 74.9385 3.80896
    endloop
  endfacet
  facet normal 1 0 0
    outer loop
      vertex 5 76.0157 12.2606
      vertex 5 70.9446 14.9712
      vertex 5 75.9213 12.061
    endloop
  endfacet
  facet normal 1 0 0
    outer loop
      vertex 5 76.75 9.32919
      vertex 5 73.5554 4.54824
      vertex 5 74.2288 4.14463
    endloop
  endfacet
  facet normal 1 -0 0
    outer loop
      vertex 5 70.609 14.2615
      vertex 5 75.9213 12.061
      vertex 5 70.9446 14.9712
    endloop
  endfacet
  facet normal 1 0 0
    outer loop
      vertex 5 76.5726 9.46073
      vertex 5 72.9249 5.01592
      vertex 5 73.5554 4.54824
    endloop
  endfacet
  facet normal 1 0 0
    outer loop
      vertex 5 75.9213 12.061
      vertex 5 70.609 14.2615
      vertex 5 75.8469 11.8531
    endloop
  endfacet
  facet normal 1 0 0
    outer loop
      vertex 5 76.409 9.60901
      vertex 5 72.3431 5.54315
      vertex 5 72.9249 5.01592
    endloop
  endfacet
  facet normal 1 -0 0
    outer loop
      vertex 5 70.3445 13.5223
      vertex 5 75.8469 11.8531
      vertex 5 70.609 14.2615
    endloop
  endfacet
  facet normal 1 0 0
    outer loop
      vertex 5 76.2607 9.77262
      vertex 5 71.8159 6.12485
      vertex 5 72.3431 5.54315
    endloop
  endfacet
  facet normal 1 0 0
    outer loop
      vertex 5 75.8469 11.8531
      vertex 5 70.3445 13.5223
      vertex 5 75.7932 11.639
    endloop
  endfacet
  facet normal 1 0 0
    outer loop
      vertex 5 76.1292 9.94997
      vertex 5 71.3482 6.75544
      vertex 5 71.8159 6.12485
    endloop
  endfacet
  facet normal 1 -0 0
    outer loop
      vertex 5 70.1537 12.7607
      vertex 5 75.7932 11.639
      vertex 5 70.3445 13.5223
    endloop
  endfacet
  facet normal 1 0 0
    outer loop
      vertex 5 76.0157 10.1394
      vertex 5 70.9446 7.42883
      vertex 5 71.3482 6.75544
    endloop
  endfacet
  facet normal 1 0 0
    outer loop
      vertex 5 75.7932 11.639
      vertex 5 70.1537 12.7607
      vertex 5 75.7608 11.4205
    endloop
  endfacet
  facet normal 1 0 0
    outer loop
      vertex 5 75.9213 10.339
      vertex 5 70.609 8.13853
      vertex 5 70.9446 7.42883
    endloop
  endfacet
  facet normal 1 -0 0
    outer loop
      vertex 5 70.0385 11.9841
      vertex 5 75.7608 11.4205
      vertex 5 70.1537 12.7607
    endloop
  endfacet
  facet normal 1 0 0
    outer loop
      vertex 5 75.8469 10.5469
      vertex 5 70.3445 8.87772
      vertex 5 70.609 8.13853
    endloop
  endfacet
  facet normal 1 0 0
    outer loop
      vertex 5 75.7608 11.4205
      vertex 5 70.0385 11.9841
      vertex 5 75.75 11.2
    endloop
  endfacet
  facet normal 1 0 0
    outer loop
      vertex 5 75.7932 10.761
      vertex 5 70.1537 9.63928
      vertex 5 70.3445 8.87772
    endloop
  endfacet
  facet normal 1 0 0
    outer loop
      vertex 5 70 11.2
      vertex 5 75.75 11.2
      vertex 5 70.0385 11.9841
    endloop
  endfacet
  facet normal 1 0 0
    outer loop
      vertex 5 75.7608 10.9795
      vertex 5 70.0385 10.4159
      vertex 5 70.1537 9.63928
    endloop
  endfacet
  facet normal 1 0 0
    outer loop
      vertex 5 75.75 11.2
      vertex 5 70 11.2
      vertex 5 70.0385 10.4159
    endloop
  endfacet
  facet normal 0.42771 -0.903916 0
    outer loop
      vertex 10.286 99.8192 9
      vertex 11.1732 100.239 22.2
      vertex 10.286 99.8192 22.2
    endloop
  endfacet
  facet normal 0.42771 -0.903916 0
    outer loop
      vertex 11.1732 100.239 22.2
      vertex 10.286 99.8192 9
      vertex 11.1732 100.239 9
    endloop
  endfacet
  facet normal 0.243518 -0.969896 0
    outer loop
      vertex 12.0972 100.569 9
      vertex 13.0491 100.808 22.2
      vertex 12.0972 100.569 22.2
    endloop
  endfacet
  facet normal 0.243518 -0.969896 0
    outer loop
      vertex 13.0491 100.808 22.2
      vertex 12.0972 100.569 9
      vertex 13.0491 100.808 9
    endloop
  endfacet
  facet normal 0.172194 -0.685821 0.707106
    outer loop
      vertex 13.8303 96.88 5
      vertex 13.0491 100.808 9
      vertex 12.0972 100.569 9
    endloop
  endfacet
  facet normal 0.427543 0.903995 -0
    outer loop
      vertex 11.1732 68.7612 9
      vertex 10.286 69.1808 22.2
      vertex 11.1732 68.7612 22.2
    endloop
  endfacet
  facet normal 0.427543 0.903995 0
    outer loop
      vertex 10.286 69.1808 22.2
      vertex 11.1732 68.7612 9
      vertex 10.286 69.1808 9
    endloop
  endfacet
  facet normal -0.699451 0.103761 0.707108
    outer loop
      vertex 64.3444 76.0491 9
      vertex 64.4884 77.0198 9
      vertex 60.4165 76.8303 5
    endloop
  endfacet
  facet normal -0.0799816 -0.702541 0.707135
    outer loop
      vertex 52.468 96.9158 5
      vertex 53.1176 100.868 9
      vertex 52.1426 100.979 9
    endloop
  endfacet
  facet normal 0.0347291 0.706254 0.707106
    outer loop
      vertex 15 68 9
      vertex 15.0981 72 5
      vertex 14.0198 68.0482 9
    endloop
  endfacet
  facet normal 0.336879 0.941548 -0
    outer loop
      vertex 12.0972 68.4306 9
      vertex 11.1732 68.7612 22.2
      vertex 12.0972 68.4306 22.2
    endloop
  endfacet
  facet normal 0.336879 0.941548 0
    outer loop
      vertex 11.1732 68.7612 22.2
      vertex 12.0972 68.4306 9
      vertex 11.1732 68.7612 9
    endloop
  endfacet
  facet normal -0.402054 -0.58168 0.707107
    outer loop
      vertex 55.1418 95.7589 5
      vertex 56.7703 99.4958 9
      vertex 54.658 96.0933 5
    endloop
  endfacet
  facet normal 0.302355 0.6392 0.70711
    outer loop
      vertex 12.7057 72.4612 5
      vertex 12.1738 72.7128 5
      vertex 10.286 69.1808 9
    endloop
  endfacet
  facet normal 0.302319 0.639222 0.707106
    outer loop
      vertex 11.1732 68.7612 9
      vertex 12.7057 72.4612 5
      vertex 10.286 69.1808 9
    endloop
  endfacet
  facet normal 0.361715 0.607354 0.707307
    outer loop
      vertex 11.0358 71.3482 6.75544
      vertex 10.286 69.1808 9
      vertex 11.0875 71.4024 6.68246
    endloop
  endfacet
  facet normal 0.363559 0.606498 0.707096
    outer loop
      vertex 10.3994 70.9446 7.42883
      vertex 10.286 69.1808 9
      vertex 11.0358 71.3482 6.75544
    endloop
  endfacet
  facet normal 0.363628 0.606478 0.707078
    outer loop
      vertex 10.243 70.8807 7.56407
      vertex 10.286 69.1808 9
      vertex 10.3994 70.9446 7.42883
    endloop
  endfacet
  facet normal 0.363522 0.606502 0.707111
    outer loop
      vertex 10.286 69.1808 9
      vertex 10.243 70.8807 7.56407
      vertex 9.44429 69.6853 9
    endloop
  endfacet
  facet normal -0.989175 0.146741 0
    outer loop
      vertex 64.3444 76.0491 9
      vertex 64.4884 77.0198 22.2
      vertex 64.4884 77.0198 9
    endloop
  endfacet
  facet normal -0.989175 0.146741 0
    outer loop
      vertex 64.4884 77.0198 22.2
      vertex 64.3444 76.0491 9
      vertex 64.3444 76.0491 22.2
    endloop
  endfacet
  facet normal -0.485158 -0.874426 0
    outer loop
      vertex 55.9122 99.9719 9
      vertex 56.7703 99.4958 22.2
      vertex 55.9122 99.9719 22.2
    endloop
  endfacet
  facet normal -0.485158 -0.874426 -0
    outer loop
      vertex 56.7703 99.4958 22.2
      vertex 55.9122 99.9719 9
      vertex 56.7703 99.4958 9
    endloop
  endfacet
  facet normal 0.238191 0.665782 0.707106
    outer loop
      vertex 13.2597 72.263 5
      vertex 12.7057 72.4612 5
      vertex 11.1732 68.7612 9
    endloop
  endfacet
  facet normal 0.685915 -0.171821 0.707106
    outer loop
      vertex 9.12004 92.1697 5
      vertex 5.4306 93.9028 9
      vertex 5.19215 92.9509 9
    endloop
  endfacet
  facet normal -0.718076 -0.695964 0
    outer loop
      vertex 59.0094 97.5988 9
      vertex 58.3264 98.3035 22.2
      vertex 58.3264 98.3035 9
    endloop
  endfacet
  facet normal -0.718076 -0.695964 0
    outer loop
      vertex 58.3264 98.3035 22.2
      vertex 59.0094 97.5988 9
      vertex 59.0094 97.5988 22.2
    endloop
  endfacet
  facet normal -0.665782 0.238191 0.707106
    outer loop
      vertex 63.7754 74.1732 9
      vertex 60.2736 76.2597 5
      vertex 60.0754 75.7057 5
    endloop
  endfacet
  facet normal 0.671531 -0.740977 0
    outer loop
      vertex 7.92892 98.0711 9
      vertex 8.65607 98.7301 22.2
      vertex 7.92892 98.0711 22.2
    endloop
  endfacet
  facet normal 0.671531 -0.740977 0
    outer loop
      vertex 8.65607 98.7301 22.2
      vertex 7.92892 98.0711 9
      vertex 8.65607 98.7301 9
    endloop
  endfacet
  facet normal 0.523851 -0.474939 0.707116
    outer loop
      vertex 10.3656 94.8033 5
      vertex 10.7608 95.2392 5
      vertex 7.92892 98.0711 9
    endloop
  endfacet
  facet normal 0.474939 -0.523851 0.707116
    outer loop
      vertex 10.7608 95.2392 5
      vertex 11.1967 95.6344 5
      vertex 7.92892 98.0711 9
    endloop
  endfacet
  facet normal -0.0229424 -0.706736 0.707105
    outer loop
      vertex 51.8502 96.9864 5
      vertex 52.1426 100.979 9
      vertex 51.4957 101 9
    endloop
  endfacet
  facet normal 0.363537 -0.606497 0.707108
    outer loop
      vertex 11.6693 95.9848 5
      vertex 12.1738 96.2872 5
      vertex 10.286 99.8192 9
    endloop
  endfacet
  facet normal 0.421229 -0.567945 0.70711
    outer loop
      vertex 11.6693 95.9848 5
      vertex 9.44429 99.3147 9
      vertex 8.65607 98.7301 9
    endloop
  endfacet
  facet normal -0.343043 -0.618318 0.70711
    outer loop
      vertex 54.658 96.0933 5
      vertex 56.7703 99.4958 9
      vertex 54.1434 96.3788 5
    endloop
  endfacet
  facet normal 0.238209 0.665774 0.707108
    outer loop
      vertex 12.0972 68.4306 9
      vertex 13.2597 72.263 5
      vertex 11.1732 68.7612 9
    endloop
  endfacet
  facet normal 0.665777 -0.23821 0.707105
    outer loop
      vertex 9.26297 92.7403 5
      vertex 5.7612 94.8268 9
      vertex 5.4306 93.9028 9
    endloop
  endfacet
  facet normal -0.593974 -0.383644 0.707115
    outer loop
      vertex 56.6855 94.0013 5
      vertex 59.62 96.8306 9
      vertex 56.3663 94.4955 5
    endloop
  endfacet
  facet normal -0.553541 -0.43998 0.707114
    outer loop
      vertex 59.62 96.8306 9
      vertex 59.0094 97.5988 9
      vertex 56.3663 94.4955 5
    endloop
  endfacet
  facet normal -0.304739 -0.952436 0
    outer loop
      vertex 54.077 100.661 9
      vertex 55.0115 100.362 22.2
      vertex 54.077 100.661 22.2
    endloop
  endfacet
  facet normal -0.304739 -0.952436 -0
    outer loop
      vertex 55.0115 100.362 22.2
      vertex 54.077 100.661 9
      vertex 55.0115 100.362 9
    endloop
  endfacet
  facet normal 0.146741 0.989175 -0
    outer loop
      vertex 14.0198 68.0482 9
      vertex 13.0491 68.1922 22.2
      vertex 14.0198 68.0482 22.2
    endloop
  endfacet
  facet normal 0.146741 0.989175 0
    outer loop
      vertex 13.0491 68.1922 22.2
      vertex 14.0198 68.0482 9
      vertex 13.0491 68.1922 9
    endloop
  endfacet
  facet normal -0.568021 0.421148 0.707098
    outer loop
      vertex 62.2667 71.6561 9
      vertex 59.5214 74.6693 5
      vertex 59.171 74.1967 5
    endloop
  endfacet
  facet normal -0.59404 -0.383561 0.707105
    outer loop
      vertex 60.1523 96.0062 9
      vertex 59.62 96.8306 9
      vertex 56.6855 94.0013 5
    endloop
  endfacet
  facet normal 0.146741 -0.989175 0
    outer loop
      vertex 13.0491 100.808 9
      vertex 14.0198 100.952 22.2
      vertex 13.0491 100.808 22.2
    endloop
  endfacet
  facet normal 0.146741 -0.989175 0
    outer loop
      vertex 14.0198 100.952 22.2
      vertex 13.0491 100.808 9
      vertex 14.0198 100.952 9
    endloop
  endfacet
  facet normal 0.42223 0.567129 0.707168
    outer loop
      vertex 8.73203 70.3391 8.89915
      vertex 8.7094 70.3349 8.91603
      vertex 8.65607 70.2699 9
    endloop
  endfacet
  facet normal 0.364369 0.608113 0.70529
    outer loop
      vertex 12.1738 72.7128 5
      vertex 11.7841 72.9463 5
      vertex 11.789 72.9249 5.01592
    endloop
  endfacet
  facet normal 0.363531 0.606455 0.707148
    outer loop
      vertex 11.734 72.3431 5.54315
      vertex 12.1738 72.7128 5
      vertex 11.789 72.9249 5.01592
    endloop
  endfacet
  facet normal 0.363376 0.606588 0.707113
    outer loop
      vertex 11.4821 71.8159 6.12485
      vertex 12.1738 72.7128 5
      vertex 11.734 72.3431 5.54315
    endloop
  endfacet
  facet normal 0.363374 0.606589 0.707113
    outer loop
      vertex 11.4821 71.8159 6.12485
      vertex 10.286 69.1808 9
      vertex 12.1738 72.7128 5
    endloop
  endfacet
  facet normal 0.363753 0.606391 0.707088
    outer loop
      vertex 10.286 69.1808 9
      vertex 11.4821 71.8159 6.12485
      vertex 11.0875 71.4024 6.68246
    endloop
  endfacet
  facet normal -0.6392 0.302355 0.70711
    outer loop
      vertex 63.3558 73.286 9
      vertex 60.0754 75.7057 5
      vertex 59.8238 75.1738 5
    endloop
  endfacet
  facet normal -0.665774 0.238209 0.707108
    outer loop
      vertex 63.7754 74.1732 9
      vertex 64.106 75.0972 9
      vertex 60.2736 76.2597 5
    endloop
  endfacet
  facet normal 0.671912 0.740631 0
    outer loop
      vertex 8.65607 70.2699 9.17546
      vertex 8.65607 70.2699 9
      vertex 8.60757 70.3139 9
    endloop
  endfacet
  facet normal 0.671531 0.740977 0
    outer loop
      vertex 8.65607 70.2699 22.2
      vertex 7.92892 70.9289 14.938
      vertex 7.92892 70.9289 22.2
    endloop
  endfacet
  facet normal 0.67148 0.741023 9.2334e-06
    outer loop
      vertex 8.65607 70.2699 22.2
      vertex 8.28196 70.609 14.2615
      vertex 7.92892 70.9289 14.938
    endloop
  endfacet
  facet normal 0.671574 0.740937 1.16206e-06
    outer loop
      vertex 8.65607 70.2699 22.2
      vertex 8.57378 70.3445 13.5223
      vertex 8.28196 70.609 14.2615
    endloop
  endfacet
  facet normal 0.671641 0.740876 0
    outer loop
      vertex 8.57378 70.3445 13.5223
      vertex 8.65607 70.2699 22.2
      vertex 8.65607 70.2699 13.2245
    endloop
  endfacet
  facet normal -0.685923 0.171781 0.707107
    outer loop
      vertex 64.106 75.0972 9
      vertex 60.4165 76.8303 5
      vertex 60.2736 76.2597 5
    endloop
  endfacet
  facet normal -0.639222 0.302319 0.707106
    outer loop
      vertex 63.3558 73.286 9
      vertex 63.7754 74.1732 9
      vertex 60.0754 75.7057 5
    endloop
  endfacet
  facet normal -0.553597 -0.439922 0.707106
    outer loop
      vertex 56.3663 94.4955 5
      vertex 59.0094 97.5988 9
      vertex 56.0002 94.9562 5
    endloop
  endfacet
  facet normal 0.989176 -0.146731 0
    outer loop
      vertex 5.04816 91.9802 22.2
      vertex 5.19215 92.9509 9
      vertex 5.19215 92.9509 22.2
    endloop
  endfacet
  facet normal 0.989176 -0.146731 0
    outer loop
      vertex 5.19215 92.9509 9
      vertex 5.04816 91.9802 22.2
      vertex 5.04816 91.9802 9
    endloop
  endfacet
  facet normal -0.699449 0.1038 0.707104
    outer loop
      vertex 64.4884 77.0198 9
      vertex 60.5029 77.4125 5
      vertex 60.4165 76.8303 5
    endloop
  endfacet
  facet normal -0.970041 0.242943 0
    outer loop
      vertex 64.106 75.0972 9
      vertex 64.3444 76.0491 22.2
      vertex 64.3444 76.0491 9
    endloop
  endfacet
  facet normal -0.970041 0.242943 0
    outer loop
      vertex 64.3444 76.0491 22.2
      vertex 64.106 75.0972 9
      vertex 64.106 75.0972 22.2
    endloop
  endfacet
  facet normal -0.903995 0.427543 0
    outer loop
      vertex 63.3558 73.286 9
      vertex 63.7754 74.1732 22.2
      vertex 63.7754 74.1732 9
    endloop
  endfacet
  facet normal -0.903995 0.427543 0
    outer loop
      vertex 63.7754 74.1732 22.2
      vertex 63.3558 73.286 9
      vertex 63.3558 73.286 22.2
    endloop
  endfacet
  facet normal -0.706256 -0.0347292 0.707104
    outer loop
      vertex 64.5366 78 9
      vertex 64.4884 78.9802 9
      vertex 60.5318 78 5
    endloop
  endfacet
  facet normal -0.421148 0.568021 0.707098
    outer loop
      vertex 60.8805 70.2699 9
      vertex 58.3399 73.3656 5
      vertex 57.8673 73.0152 5
    endloop
  endfacet
  facet normal -0.47483 0.52397 0.707101
    outer loop
      vertex 60.8805 70.2699 9
      vertex 61.6077 70.9289 9
      vertex 58.3399 73.3656 5
    endloop
  endfacet
  facet normal -0.52397 0.47483 0.707101
    outer loop
      vertex 61.6077 70.9289 9
      vertex 62.2667 71.6561 9
      vertex 59.171 74.1967 5
    endloop
  endfacet
  facet normal -0.59572 0.803192 0
    outer loop
      vertex 60.8805 70.2699 9
      vertex 60.0923 69.6853 22.2
      vertex 60.8805 70.2699 22.2
    endloop
  endfacet
  facet normal -0.59572 0.803192 0
    outer loop
      vertex 60.0923 69.6853 22.2
      vertex 60.8805 70.2699 9
      vertex 60.0923 69.6853 9
    endloop
  endfacet
  facet normal -0.421236 0.567941 0.707109
    outer loop
      vertex 60.0923 69.6853 9
      vertex 60.8805 70.2699 9
      vertex 57.8673 73.0152 5
    endloop
  endfacet
  facet normal 0.707107 0 0.707107
    outer loop
      vertex 5.12228 85.6555 8.87772
      vertex 5 91 9
      vertex 5 85.6861 9
    endloop
  endfacet
  facet normal 0.707107 2.00356e-17 0.707107
    outer loop
      vertex 5.86147 85.391 8.13853
      vertex 5 91 9
      vertex 5.12228 85.6555 8.87772
    endloop
  endfacet
  facet normal 0.707107 -1.12393e-16 0.707107
    outer loop
      vertex 5 91 9
      vertex 5.86147 85.391 8.13853
      vertex 9 90.9019 5
    endloop
  endfacet
  facet normal 0.707107 3.16272e-16 0.707107
    outer loop
      vertex 6.57117 85.0554 7.42883
      vertex 9 90.9019 5
      vertex 5.86147 85.391 8.13853
    endloop
  endfacet
  facet normal 0.707107 0 0.707107
    outer loop
      vertex 7.24456 84.6518 6.75544
      vertex 9 90.9019 5
      vertex 6.57117 85.0554 7.42883
    endloop
  endfacet
  facet normal 0.707107 0 0.707107
    outer loop
      vertex 7.87515 84.1841 6.12485
      vertex 9 90.9019 5
      vertex 7.24456 84.6518 6.75544
    endloop
  endfacet
  facet normal 0.707107 -1.56983e-16 0.707107
    outer loop
      vertex 8.45685 83.6569 5.54315
      vertex 9 90.9019 5
      vertex 7.87515 84.1841 6.12485
    endloop
  endfacet
  facet normal 0.707107 8.51215e-17 0.707107
    outer loop
      vertex 8.98408 83.0751 5.01592
      vertex 9 90.9019 5
      vertex 8.45685 83.6569 5.54315
    endloop
  endfacet
  facet normal 0.707107 0 0.707107
    outer loop
      vertex 9 90.9019 5
      vertex 8.98408 83.0751 5.01592
      vertex 9 83.0537 5
    endloop
  endfacet
  facet normal -0.52385 0.474938 0.707117
    outer loop
      vertex 61.6077 70.9289 9
      vertex 59.171 74.1967 5
      vertex 58.7758 73.7608 5
    endloop
  endfacet
  facet normal -0.685921 0.171787 0.707108
    outer loop
      vertex 64.106 75.0972 9
      vertex 64.3444 76.0491 9
      vertex 60.4165 76.8303 5
    endloop
  endfacet
  facet normal -0.474938 0.52385 0.707117
    outer loop
      vertex 61.6077 70.9289 9
      vertex 58.7758 73.7608 5
      vertex 58.3399 73.3656 5
    endloop
  endfacet
  facet normal -0.363261 0.606661 0.707109
    outer loop
      vertex 50.3617 107.181 9
      vertex 51.2034 107.685 9
      vertex 48.9784 111.015 5
    endloop
  endfacet
  facet normal 0.363178 0.6067 0.707118
    outer loop
      vertex 12.1738 110.713 5
      vertex 11.6693 111.015 5
      vertex 10.286 107.181 9
    endloop
  endfacet
  facet normal 0.10376 0.699442 0.707117
    outer loop
      vertex 14.0198 106.048 9
      vertex 13.8303 110.12 5
      vertex 13.0491 106.192 9
    endloop
  endfacet
  facet normal -0.363178 0.6067 0.707118
    outer loop
      vertex 50.3617 107.181 9
      vertex 48.9784 111.015 5
      vertex 48.4739 110.713 5
    endloop
  endfacet
  facet normal 0.23798 -0.665864 0.7071
    outer loop
      vertex 12.7057 131.539 5
      vertex 13.2597 131.737 5
      vertex 11.1732 135.239 9
    endloop
  endfacet
  facet normal 0.671531 -0.740977 0
    outer loop
      vertex 7.92892 133.071 9
      vertex 8.65607 133.73 22.2
      vertex 7.92892 133.071 22.2
    endloop
  endfacet
  facet normal 0.671531 -0.740977 0
    outer loop
      vertex 8.65607 133.73 22.2
      vertex 7.92892 133.071 9
      vertex 8.65607 133.73 9
    endloop
  endfacet
  facet normal 0.595973 -0.803005 0
    outer loop
      vertex 8.65607 133.73 9
      vertex 9.44429 134.315 22.2
      vertex 8.65607 133.73 22.2
    endloop
  endfacet
  facet normal 0.595973 -0.803005 0
    outer loop
      vertex 9.44429 134.315 22.2
      vertex 8.65607 133.73 9
      vertex 9.44429 134.315 9
    endloop
  endfacet
  facet normal -0.941548 0.336879 0
    outer loop
      vertex 54.8865 112.173 9
      vertex 55.2171 113.097 22.2
      vertex 55.2171 113.097 9
    endloop
  endfacet
  facet normal -0.941548 0.336879 0
    outer loop
      vertex 55.2171 113.097 22.2
      vertex 54.8865 112.173 9
      vertex 54.8865 112.173 22.2
    endloop
  endfacet
  facet normal 0.146741 -0.989175 0
    outer loop
      vertex 13.0491 135.808 9
      vertex 14.0198 135.952 22.2
      vertex 13.0491 135.808 22.2
    endloop
  endfacet
  facet normal 0.146741 -0.989175 0
    outer loop
      vertex 14.0198 135.952 22.2
      vertex 13.0491 135.808 9
      vertex 14.0198 135.952 9
    endloop
  endfacet
  facet normal -0.401585 -0.581938 0.707161
    outer loop
      vertex 46.9547 130.759 5
      vertex 48.5831 134.496 9
      vertex 46.4707 131.093 5
    endloop
  endfacet
  facet normal 0.302743 -0.639005 0.707121
    outer loop
      vertex 12.1738 131.287 5
      vertex 12.7057 131.539 5
      vertex 10.286 134.819 9
    endloop
  endfacet
  facet normal -0.103322 0.699464 0.70716
    outer loop
      vertex 46.6279 106.048 9
      vertex 46.8174 110.12 5
      vertex 46.2352 110.034 5
    endloop
  endfacet
  facet normal -0.210907 -0.977506 0
    outer loop
      vertex 44.9304 135.868 9
      vertex 45.8898 135.661 22.2
      vertex 44.9304 135.868 22.2
    endloop
  endfacet
  facet normal -0.210907 -0.977506 -0
    outer loop
      vertex 45.8898 135.661 22.2
      vertex 44.9304 135.868 9
      vertex 45.8898 135.661 9
    endloop
  endfacet
  facet normal 0 1 -0
    outer loop
      vertex 45.6477 106 9
      vertex 15 106 22.2
      vertex 45.6477 106 22.2
    endloop
  endfacet
  facet normal 0 1 0
    outer loop
      vertex 15 106 22.2
      vertex 45.6477 106 9
      vertex 15 106 9
    endloop
  endfacet
  facet normal -0.998793 -0.0491243 0
    outer loop
      vertex 55.6477 116 9
      vertex 55.5995 116.98 22.2
      vertex 55.5995 116.98 9
    endloop
  endfacet
  facet normal -0.998793 -0.0491243 0
    outer loop
      vertex 55.5995 116.98 22.2
      vertex 55.6477 116 9
      vertex 55.6477 116 22.2
    endloop
  endfacet
  facet normal -0.685835 0.17206 0.707125
    outer loop
      vertex 55.2171 113.097 9
      vertex 51.5277 114.83 5
      vertex 51.3847 114.26 5
    endloop
  endfacet
  facet normal -0.740908 0.671607 0
    outer loop
      vertex 52.7188 108.929 9
      vertex 53.3778 109.656 22.2
      vertex 53.3778 109.656 9
    endloop
  endfacet
  facet normal -0.740908 0.671607 0
    outer loop
      vertex 53.3778 109.656 22.2
      vertex 52.7188 108.929 9
      vertex 52.7188 108.929 22.2
    endloop
  endfacet
  facet normal -0.593871 -0.383732 0.707154
    outer loop
      vertex 48.4984 129.001 5
      vertex 51.4328 131.831 9
      vertex 48.1792 129.495 5
    endloop
  endfacet
  facet normal -0.302743 0.639005 0.707121
    outer loop
      vertex 50.3617 107.181 9
      vertex 48.4739 110.713 5
      vertex 47.942 110.461 5
    endloop
  endfacet
  facet normal -0.171902 0.685923 0.707078
    outer loop
      vertex 48.5506 106.431 9
      vertex 47.388 110.263 5
      vertex 46.8174 110.12 5
    endloop
  endfacet
  facet normal 0.336336 0.941742 -0
    outer loop
      vertex 12.0972 106.431 9
      vertex 11.1732 106.761 22.2
      vertex 12.0972 106.431 22.2
    endloop
  endfacet
  facet normal 0.336336 0.941742 0
    outer loop
      vertex 11.1732 106.761 22.2
      vertex 12.0972 106.431 9
      vertex 11.1732 106.761 9
    endloop
  endfacet
  facet normal 0.103322 0.699464 0.70716
    outer loop
      vertex 14.0198 106.048 9
      vertex 14.4125 110.034 5
      vertex 13.8303 110.12 5
    endloop
  endfacet
  facet normal 0 0.707107 0.707107
    outer loop
      vertex 45.5496 110 5
      vertex 15 106 9
      vertex 45.6477 106 9
    endloop
  endfacet
  facet normal 0 0.707107 0.707107
    outer loop
      vertex 15 106 9
      vertex 45.5496 110 5
      vertex 15.0981 110 5
    endloop
  endfacet
  facet normal 0.523882 0.474895 0.707123
    outer loop
      vertex 7.92892 108.929 9
      vertex 10.3656 112.197 5
      vertex 7.2699 109.656 9
    endloop
  endfacet
  facet normal -0.397347 -0.917668 0
    outer loop
      vertex 46.8243 135.362 9
      vertex 47.725 134.972 22.2
      vertex 46.8243 135.362 22.2
    endloop
  endfacet
  facet normal -0.397347 -0.917668 -0
    outer loop
      vertex 47.725 134.972 22.2
      vertex 46.8243 135.362 9
      vertex 47.725 134.972 9
    endloop
  endfacet
  facet normal 0.606558 -0.363438 0.707107
    outer loop
      vertex 10.0152 129.331 5
      vertex 6.6853 131.556 9
      vertex 6.18079 130.714 9
    endloop
  endfacet
  facet normal 0.0350211 -0.70619 0.707156
    outer loop
      vertex 14.4125 131.966 5
      vertex 15.0981 132 5
      vertex 14.0198 135.952 9
    endloop
  endfacet
  facet normal 0.302557 0.639116 0.7071
    outer loop
      vertex 11.1732 106.761 9
      vertex 12.7057 110.461 5
      vertex 10.286 107.181 9
    endloop
  endfacet
  facet normal -0.889063 -0.457786 0
    outer loop
      vertex 52.4142 130.134 9
      vertex 51.9652 131.006 22.2
      vertex 51.9652 131.006 9
    endloop
  endfacet
  facet normal -0.889063 -0.457786 0
    outer loop
      vertex 51.9652 131.006 22.2
      vertex 52.4142 130.134 9
      vertex 52.4142 130.134 22.2
    endloop
  endfacet
  facet normal 0.427876 0.903837 -0
    outer loop
      vertex 11.1732 106.761 9
      vertex 10.286 107.181 22.2
      vertex 11.1732 106.761 22.2
    endloop
  endfacet
  facet normal 0.427876 0.903837 0
    outer loop
      vertex 10.286 107.181 22.2
      vertex 11.1732 106.761 9
      vertex 10.286 107.181 9
    endloop
  endfacet
  facet normal -0.697615 -0.115429 0.707113
    outer loop
      vertex 51.6157 116.554 5
      vertex 55.3849 118.278 9
      vertex 51.46 117.495 5
    endloop
  endfacet
  facet normal -0.639216 0.302306 0.707116
    outer loop
      vertex 54.4669 111.286 9
      vertex 51.1865 113.706 5
      vertex 50.9349 113.174 5
    endloop
  endfacet
  facet normal 0.80312 -0.595817 0
    outer loop
      vertex 6.6853 131.556 22.2
      vertex 7.2699 132.344 9
      vertex 7.2699 132.344 22.2
    endloop
  endfacet
  facet normal 0.80312 -0.595817 0
    outer loop
      vertex 7.2699 132.344 9
      vertex 6.6853 131.556 22.2
      vertex 6.6853 131.556 9
    endloop
  endfacet
  facet normal -0.688514 -0.161057 0.707114
    outer loop
      vertex 55.3849 118.278 9
      vertex 53.0457 128.278 9
      vertex 51.46 117.495 5
    endloop
  endfacet
  facet normal 0.595973 0.803005 -0
    outer loop
      vertex 9.44429 107.685 9
      vertex 8.65607 108.27 22.2
      vertex 9.44429 107.685 22.2
    endloop
  endfacet
  facet normal 0.595973 0.803005 0
    outer loop
      vertex 8.65607 108.27 22.2
      vertex 9.44429 107.685 9
      vertex 8.65607 108.27 9
    endloop
  endfacet
  facet normal -0.679756 -0.194772 0.707104
    outer loop
      vertex 53.0457 128.278 9
      vertex 52.7755 129.221 9
      vertex 48.9842 127.931 5
    endloop
  endfacet
  facet normal -0.594127 -0.38341 0.707114
    outer loop
      vertex 51.9652 131.006 9
      vertex 51.4328 131.831 9
      vertex 48.4984 129.001 5
    endloop
  endfacet
  facet normal -0.567891 0.421306 0.707107
    outer loop
      vertex 53.3778 109.656 9
      vertex 53.9624 110.444 9
      vertex 50.6325 112.669 5
    endloop
  endfacet
  facet normal -0.336369 0.94173 0
    outer loop
      vertex 49.4745 106.761 9
      vertex 48.5506 106.431 22.2
      vertex 49.4745 106.761 22.2
    endloop
  endfacet
  facet normal -0.336369 0.94173 0
    outer loop
      vertex 48.5506 106.431 22.2
      vertex 49.4745 106.761 9
      vertex 48.5506 106.431 9
    endloop
  endfacet
  facet normal -0.215484 -0.673478 0.707103
    outer loop
      vertex 46.8243 135.362 9
      vertex 45.8898 135.661 9
      vertex 44.8562 131.792 5
    endloop
  endfacet
  facet normal 0.10376 -0.699442 0.707117
    outer loop
      vertex 13.8303 131.88 5
      vertex 14.0198 135.952 9
      vertex 13.0491 135.808 9
    endloop
  endfacet
  facet normal -0.0229424 -0.706735 0.707107
    outer loop
      vertex 43.9554 135.979 9
      vertex 43.3085 136 9
      vertex 43.2436 132 5
    endloop
  endfacet
  facet normal 0.0345852 -0.70626 0.707108
    outer loop
      vertex 15.0981 132 5
      vertex 15 136 9
      vertex 14.0198 135.952 9
    endloop
  endfacet
  facet normal 0.857803 -0.513979 0
    outer loop
      vertex 6.18079 130.714 22.2
      vertex 6.6853 131.556 9
      vertex 6.6853 131.556 22.2
    endloop
  endfacet
  facet normal 0.857803 -0.513979 0
    outer loop
      vertex 6.6853 131.556 9
      vertex 6.18079 130.714 22.2
      vertex 6.18079 130.714 9
    endloop
  endfacet
  facet normal 0 -1 0
    outer loop
      vertex 15 136 9
      vertex 43.3085 136 22.2
      vertex 15 136 22.2
    endloop
  endfacet
  facet normal 0 -1 -0
    outer loop
      vertex 43.3085 136 22.2
      vertex 15 136 9
      vertex 43.3085 136 9
    endloop
  endfacet
  facet normal 0 -0.707107 0.707107
    outer loop
      vertex 15.0981 132 5
      vertex 43.3085 136 9
      vertex 15 136 9
    endloop
  endfacet
  facet normal 0 -0.707107 0.707107
    outer loop
      vertex 43.3085 136 9
      vertex 15.0981 132 5
      vertex 43.2436 132 5
    endloop
  endfacet
  facet normal -0.280015 -0.649201 0.707198
    outer loop
      vertex 45.9564 131.379 5
      vertex 46.8243 135.362 9
      vertex 45.4162 131.612 5
    endloop
  endfacet
  facet normal 0.523902 -0.474877 0.70712
    outer loop
      vertex 10.3656 129.803 5
      vertex 10.7608 130.239 5
      vertex 7.92892 133.071 9
    endloop
  endfacet
  facet normal -0.706256 -0.0347363 0.707104
    outer loop
      vertex 55.6477 116 9
      vertex 55.5995 116.98 9
      vertex 51.6429 116 5
    endloop
  endfacet
  facet normal 0.048911 0.998803 -0
    outer loop
      vertex 15 106 9
      vertex 14.0198 106.048 22.2
      vertex 15 106 22.2
    endloop
  endfacet
  facet normal 0.048911 0.998803 0
    outer loop
      vertex 14.0198 106.048 22.2
      vertex 15 106 9
      vertex 14.0198 106.048 9
    endloop
  endfacet
  facet normal -0.665768 0.238186 0.707121
    outer loop
      vertex 54.8865 112.173 9
      vertex 51.3847 114.26 5
      vertex 51.1865 113.706 5
    endloop
  endfacet
  facet normal -0.304739 -0.952436 0
    outer loop
      vertex 45.8898 135.661 9
      vertex 46.8243 135.362 22.2
      vertex 45.8898 135.661 22.2
    endloop
  endfacet
  facet normal -0.304739 -0.952436 -0
    outer loop
      vertex 46.8243 135.362 22.2
      vertex 45.8898 135.661 9
      vertex 46.8243 135.362 9
    endloop
  endfacet
  facet normal -0.718224 -0.695812 0
    outer loop
      vertex 50.8222 132.599 9
      vertex 50.1392 133.304 22.2
      vertex 50.1392 133.304 9
    endloop
  endfacet
  facet normal -0.718224 -0.695812 0
    outer loop
      vertex 50.1392 133.304 22.2
      vertex 50.8222 132.599 9
      vertex 50.8222 132.599 22.2
    endloop
  endfacet
  facet normal -0.048911 0.998803 0
    outer loop
      vertex 46.6279 106.048 9
      vertex 45.6477 106 22.2
      vertex 46.6279 106.048 22.2
    endloop
  endfacet
  facet normal -0.048911 0.998803 0
    outer loop
      vertex 45.6477 106 22.2
      vertex 46.6279 106.048 9
      vertex 45.6477 106 9
    endloop
  endfacet
  facet normal 0.421591 0.567646 0.707135
    outer loop
      vertex 11.6693 111.015 5
      vertex 11.1967 111.366 5
      vertex 8.65607 108.27 9
    endloop
  endfacet
  facet normal -0.685914 0.171839 0.707102
    outer loop
      vertex 55.2171 113.097 9
      vertex 55.4556 114.049 9
      vertex 51.5277 114.83 5
    endloop
  endfacet
  facet normal -0.679794 -0.194565 0.707124
    outer loop
      vertex 49.1731 127.271 5
      vertex 53.0457 128.278 9
      vertex 48.9842 127.931 5
    endloop
  endfacet
  facet normal -0.973715 -0.227771 0
    outer loop
      vertex 55.3849 118.278 9
      vertex 53.0457 128.278 22.2
      vertex 53.0457 128.278 9
    endloop
  endfacet
  facet normal -0.973715 -0.227771 0
    outer loop
      vertex 53.0457 128.278 22.2
      vertex 55.3849 118.278 9
      vertex 55.3849 118.278 22.2
    endloop
  endfacet
  facet normal 0.513727 0.857954 -0
    outer loop
      vertex 10.286 107.181 9
      vertex 9.44429 107.685 22.2
      vertex 10.286 107.181 22.2
    endloop
  endfacet
  facet normal 0.513727 0.857954 0
    outer loop
      vertex 9.44429 107.685 22.2
      vertex 10.286 107.181 9
      vertex 9.44429 107.685 9
    endloop
  endfacet
  facet normal 0.237833 0.665933 0.707084
    outer loop
      vertex 12.0972 106.431 9
      vertex 13.2597 110.263 5
      vertex 11.1732 106.761 9
    endloop
  endfacet
  facet normal 0.639232 -0.302278 0.707114
    outer loop
      vertex 9.4612 128.294 5
      vertex 9.71277 128.826 5
      vertex 6.18079 130.714 9
    endloop
  endfacet
  facet normal -0.80312 0.595817 0
    outer loop
      vertex 53.3778 109.656 9
      vertex 53.9624 110.444 22.2
      vertex 53.9624 110.444 9
    endloop
  endfacet
  facet normal -0.80312 0.595817 0
    outer loop
      vertex 53.9624 110.444 22.2
      vertex 53.3778 109.656 9
      vertex 53.3778 109.656 22.2
    endloop
  endfacet
  facet normal 0.740898 0.671618 0
    outer loop
      vertex 7.92892 108.929 22.2
      vertex 7.2699 109.656 9
      vertex 7.2699 109.656 22.2
    endloop
  endfacet
  facet normal 0.740898 0.671618 0
    outer loop
      vertex 7.2699 109.656 9
      vertex 7.92892 108.929 22.2
      vertex 7.92892 108.929 9
    endloop
  endfacet
  facet normal 0.048911 -0.998803 0
    outer loop
      vertex 14.0198 135.952 9
      vertex 15 136 22.2
      vertex 14.0198 135.952 22.2
    endloop
  endfacet
  facet normal 0.048911 -0.998803 0
    outer loop
      vertex 15 136 22.2
      vertex 14.0198 135.952 9
      vertex 15 136 9
    endloop
  endfacet
  facet normal 0.0350211 0.70619 0.707156
    outer loop
      vertex 15.0981 110 5
      vertex 14.4125 110.034 5
      vertex 14.0198 106.048 9
    endloop
  endfacet
  facet normal 0.567739 0.421474 0.707129
    outer loop
      vertex 10.3656 112.197 5
      vertex 10.0152 112.669 5
      vertex 7.2699 109.656 9
    endloop
  endfacet
  facet normal -0.10376 0.699442 0.707117
    outer loop
      vertex 47.5986 106.192 9
      vertex 46.8174 110.12 5
      vertex 46.6279 106.048 9
    endloop
  endfacet
  facet normal 0.80312 0.595817 0
    outer loop
      vertex 7.2699 109.656 22.2
      vertex 6.6853 110.444 9
      vertex 6.6853 110.444 22.2
    endloop
  endfacet
  facet normal 0.80312 0.595817 0
    outer loop
      vertex 6.6853 110.444 9
      vertex 7.2699 109.656 22.2
      vertex 7.2699 109.656 9
    endloop
  endfacet
  facet normal -0.172177 0.685825 0.707106
    outer loop
      vertex 47.5986 106.192 9
      vertex 48.5506 106.431 9
      vertex 46.8174 110.12 5
    endloop
  endfacet
  facet normal -0.302557 0.639116 0.7071
    outer loop
      vertex 49.4745 106.761 9
      vertex 50.3617 107.181 9
      vertex 47.942 110.461 5
    endloop
  endfacet
  facet normal -0.706256 0.0347363 0.707104
    outer loop
      vertex 55.5995 115.02 9
      vertex 55.6477 116 9
      vertex 51.6429 116 5
    endloop
  endfacet
  facet normal 0.474834 0.523938 0.707122
    outer loop
      vertex 8.65607 108.27 9
      vertex 11.1967 111.366 5
      vertex 7.92892 108.929 9
    endloop
  endfacet
  facet normal 0.665763 0.238205 0.70712
    outer loop
      vertex 5.7612 112.173 9
      vertex 9.26297 114.26 5
      vertex 5.4306 113.097 9
    endloop
  endfacet
  facet normal -0.513731 0.857951 0
    outer loop
      vertex 51.2034 107.685 9
      vertex 50.3617 107.181 22.2
      vertex 51.2034 107.685 22.2
    endloop
  endfacet
  facet normal -0.513731 0.857951 0
    outer loop
      vertex 50.3617 107.181 22.2
      vertex 51.2034 107.685 9
      vertex 50.3617 107.181 9
    endloop
  endfacet
  facet normal 0.237833 -0.665933 0.707084
    outer loop
      vertex 13.2597 131.737 5
      vertex 12.0972 135.569 9
      vertex 11.1732 135.239 9
    endloop
  endfacet
  facet normal 0.567739 -0.421474 0.707129
    outer loop
      vertex 10.0152 129.331 5
      vertex 10.3656 129.803 5
      vertex 7.2699 132.344 9
    endloop
  endfacet
  facet normal -0.688504 -0.161062 0.707122
    outer loop
      vertex 51.46 117.495 5
      vertex 53.0457 128.278 9
      vertex 49.1731 127.271 5
    endloop
  endfacet
  facet normal -0.113115 -0.993582 0
    outer loop
      vertex 43.9554 135.979 9
      vertex 44.9304 135.868 22.2
      vertex 43.9554 135.979 22.2
    endloop
  endfacet
  facet normal -0.113115 -0.993582 -0
    outer loop
      vertex 44.9304 135.868 22.2
      vertex 43.9554 135.979 9
      vertex 44.9304 135.868 9
    endloop
  endfacet
  facet normal 0.146741 0.989175 -0
    outer loop
      vertex 14.0198 106.048 9
      vertex 13.0491 106.192 22.2
      vertex 14.0198 106.048 22.2
    endloop
  endfacet
  facet normal 0.146741 0.989175 0
    outer loop
      vertex 13.0491 106.192 22.2
      vertex 14.0198 106.048 9
      vertex 13.0491 106.192 9
    endloop
  endfacet
  facet normal -0.0324454 -0.999474 0
    outer loop
      vertex 43.3085 136 9
      vertex 43.9554 135.979 22.2
      vertex 43.3085 136 22.2
    endloop
  endfacet
  facet normal -0.0324454 -0.999474 -0
    outer loop
      vertex 43.9554 135.979 22.2
      vertex 43.3085 136 9
      vertex 43.9554 135.979 9
    endloop
  endfacet
  facet normal -0.92984 -0.367964 0
    outer loop
      vertex 52.7755 129.221 9
      vertex 52.4142 130.134 22.2
      vertex 52.4142 130.134 9
    endloop
  endfacet
  facet normal -0.92984 -0.367964 0
    outer loop
      vertex 52.4142 130.134 22.2
      vertex 52.7755 129.221 9
      vertex 52.7755 129.221 22.2
    endloop
  endfacet
  facet normal 0.363258 -0.606663 0.70711
    outer loop
      vertex 11.6693 130.985 5
      vertex 10.286 134.819 9
      vertex 9.44429 134.315 9
    endloop
  endfacet
  facet normal 0.685923 -0.171805 0.707102
    outer loop
      vertex 9.12004 127.17 5
      vertex 5.4306 128.903 9
      vertex 5.19215 127.951 9
    endloop
  endfacet
  facet normal 0.606627 0.363292 0.707123
    outer loop
      vertex 10.0152 112.669 5
      vertex 9.71277 113.174 5
      vertex 6.18079 111.286 9
    endloop
  endfacet
  facet normal -0.998793 0.0491243 0
    outer loop
      vertex 55.5995 115.02 9
      vertex 55.6477 116 22.2
      vertex 55.6477 116 9
    endloop
  endfacet
  facet normal -0.998793 0.0491243 0
    outer loop
      vertex 55.6477 116 22.2
      vertex 55.5995 115.02 9
      vertex 55.5995 115.02 22.2
    endloop
  endfacet
  facet normal -0.697642 -0.115342 0.707101
    outer loop
      vertex 55.5995 116.98 9
      vertex 55.3849 118.278 9
      vertex 51.6157 116.554 5
    endloop
  endfacet
  facet normal 0.363178 -0.6067 0.707118
    outer loop
      vertex 11.6693 130.985 5
      vertex 12.1738 131.287 5
      vertex 10.286 134.819 9
    endloop
  endfacet
  facet normal -0.671505 0.741 0
    outer loop
      vertex 52.7188 108.929 9
      vertex 51.9916 108.27 22.2
      vertex 52.7188 108.929 22.2
    endloop
  endfacet
  facet normal -0.671505 0.741 0
    outer loop
      vertex 51.9916 108.27 22.2
      vertex 52.7188 108.929 9
      vertex 51.9916 108.27 9
    endloop
  endfacet
  facet normal -0.961316 -0.275448 0
    outer loop
      vertex 53.0457 128.278 9
      vertex 52.7755 129.221 22.2
      vertex 52.7755 129.221 9
    endloop
  endfacet
  facet normal -0.961316 -0.275448 0
    outer loop
      vertex 52.7755 129.221 22.2
      vertex 53.0457 128.278 9
      vertex 53.0457 128.278 22.2
    endloop
  endfacet
  facet normal -0.65748 -0.260184 0.707124
    outer loop
      vertex 52.7755 129.221 9
      vertex 52.4142 130.134 9
      vertex 48.7675 128.478 5
    endloop
  endfacet
  facet normal -0.970023 0.243015 0
    outer loop
      vertex 55.2171 113.097 9
      vertex 55.4556 114.049 22.2
      vertex 55.4556 114.049 9
    endloop
  endfacet
  facet normal -0.970023 0.243015 0
    outer loop
      vertex 55.4556 114.049 22.2
      vertex 55.2171 113.097 9
      vertex 55.2171 113.097 22.2
    endloop
  endfacet
  facet normal 0.671531 0.740977 -0
    outer loop
      vertex 8.65607 108.27 9
      vertex 7.92892 108.929 22.2
      vertex 8.65607 108.27 22.2
    endloop
  endfacet
  facet normal 0.671531 0.740977 0
    outer loop
      vertex 7.92892 108.929 22.2
      vertex 8.65607 108.27 9
      vertex 7.92892 108.929 9
    endloop
  endfacet
  facet normal 0.699461 -0.103723 0.707104
    outer loop
      vertex 9.12004 127.17 5
      vertex 5.19215 127.951 9
      vertex 5.04816 126.98 9
    endloop
  endfacet
  facet normal 0.699459 -0.103777 0.707098
    outer loop
      vertex 9.03369 126.588 5
      vertex 9.12004 127.17 5
      vertex 5.04816 126.98 9
    endloop
  endfacet
  facet normal -0.595983 0.802997 0
    outer loop
      vertex 51.9916 108.27 9
      vertex 51.2034 107.685 22.2
      vertex 51.9916 108.27 22.2
    endloop
  endfacet
  facet normal -0.595983 0.802997 0
    outer loop
      vertex 51.2034 107.685 22.2
      vertex 51.9916 108.27 9
      vertex 51.2034 107.685 9
    endloop
  endfacet
  facet normal -0.421421 0.567802 0.707111
    outer loop
      vertex 51.2034 107.685 9
      vertex 51.9916 108.27 9
      vertex 48.9784 111.015 5
    endloop
  endfacet
  facet normal 0.474806 0.523969 0.707118
    outer loop
      vertex 11.1967 111.366 5
      vertex 10.7608 111.761 5
      vertex 7.92892 108.929 9
    endloop
  endfacet
  facet normal 0.23798 0.665864 0.7071
    outer loop
      vertex 13.2597 110.263 5
      vertex 12.7057 110.461 5
      vertex 11.1732 106.761 9
    endloop
  endfacet
  facet normal 0.903962 0.427614 0
    outer loop
      vertex 6.18079 111.286 22.2
      vertex 5.7612 112.173 9
      vertex 5.7612 112.173 22.2
    endloop
  endfacet
  facet normal 0.903962 0.427614 0
    outer loop
      vertex 5.7612 112.173 9
      vertex 6.18079 111.286 22.2
      vertex 6.18079 111.286 9
    endloop
  endfacet
  facet normal 0.474834 -0.523938 0.707122
    outer loop
      vertex 11.1967 130.634 5
      vertex 8.65607 133.73 9
      vertex 7.92892 133.071 9
    endloop
  endfacet
  facet normal 0.523882 -0.474895 0.707123
    outer loop
      vertex 10.3656 129.803 5
      vertex 7.92892 133.071 9
      vertex 7.2699 132.344 9
    endloop
  endfacet
  facet normal -0.243494 0.969902 0
    outer loop
      vertex 48.5506 106.431 9
      vertex 47.5986 106.192 22.2
      vertex 48.5506 106.431 22.2
    endloop
  endfacet
  facet normal -0.243494 0.969902 0
    outer loop
      vertex 47.5986 106.192 22.2
      vertex 48.5506 106.431 9
      vertex 47.5986 106.192 9
    endloop
  endfacet
  facet normal -0.146741 0.989175 0
    outer loop
      vertex 47.5986 106.192 9
      vertex 46.6279 106.048 22.2
      vertex 47.5986 106.192 22.2
    endloop
  endfacet
  facet normal -0.146741 0.989175 0
    outer loop
      vertex 46.6279 106.048 22.2
      vertex 47.5986 106.192 9
      vertex 46.6279 106.048 9
    endloop
  endfacet
  facet normal 0.639182 0.302361 0.707124
    outer loop
      vertex 6.18079 111.286 9
      vertex 9.4612 113.706 5
      vertex 5.7612 112.173 9
    endloop
  endfacet
  facet normal -0.48508 -0.87447 0
    outer loop
      vertex 47.725 134.972 9
      vertex 48.5831 134.496 22.2
      vertex 47.725 134.972 22.2
    endloop
  endfacet
  facet normal -0.48508 -0.87447 -0
    outer loop
      vertex 48.5831 134.496 22.2
      vertex 47.725 134.972 9
      vertex 48.5831 134.496 9
    endloop
  endfacet
  facet normal -0.986607 -0.163117 0
    outer loop
      vertex 55.5995 116.98 9
      vertex 55.3849 118.278 22.2
      vertex 55.3849 118.278 9
    endloop
  endfacet
  facet normal -0.986607 -0.163117 0
    outer loop
      vertex 55.3849 118.278 22.2
      vertex 55.5995 116.98 9
      vertex 55.5995 116.98 22.2
    endloop
  endfacet
  facet normal -0.427876 0.903837 0
    outer loop
      vertex 50.3617 107.181 9
      vertex 49.4745 106.761 22.2
      vertex 50.3617 107.181 22.2
    endloop
  endfacet
  facet normal -0.427876 0.903837 0
    outer loop
      vertex 49.4745 106.761 22.2
      vertex 50.3617 107.181 9
      vertex 49.4745 106.761 9
    endloop
  endfacet
  facet normal -0.508134 -0.491677 0.707145
    outer loop
      vertex 47.813 129.956 5
      vertex 50.8222 132.599 9
      vertex 47.4037 130.379 5
    endloop
  endfacet
  facet normal -0.023578 -0.706667 0.707153
    outer loop
      vertex 43.6632 131.986 5
      vertex 43.9554 135.979 9
      vertex 43.2436 132 5
    endloop
  endfacet
  facet normal 0.523902 0.474877 0.70712
    outer loop
      vertex 10.7608 111.761 5
      vertex 10.3656 112.197 5
      vertex 7.92892 108.929 9
    endloop
  endfacet
  facet normal -0.0345852 0.70626 0.707108
    outer loop
      vertex 45.6477 106 9
      vertex 46.6279 106.048 9
      vertex 45.5496 110 5
    endloop
  endfacet
  facet normal -0.0350211 0.70619 0.707156
    outer loop
      vertex 46.6279 106.048 9
      vertex 46.2352 110.034 5
      vertex 45.5496 110 5
    endloop
  endfacet
  facet normal 0.857803 0.513979 0
    outer loop
      vertex 6.6853 110.444 22.2
      vertex 6.18079 111.286 9
      vertex 6.18079 111.286 22.2
    endloop
  endfacet
  facet normal 0.857803 0.513979 0
    outer loop
      vertex 6.18079 111.286 9
      vertex 6.6853 110.444 22.2
      vertex 6.6853 110.444 9
    endloop
  endfacet
  facet normal -0.628735 -0.323504 0.707133
    outer loop
      vertex 48.7675 128.478 5
      vertex 52.4142 130.134 9
      vertex 48.4984 129.001 5
    endloop
  endfacet
  facet normal 0.998795 0.0490836 0
    outer loop
      vertex 5.04816 115.02 22.2
      vertex 5 116 9
      vertex 5 116 22.2
    endloop
  endfacet
  facet normal 0.998795 0.0490836 0
    outer loop
      vertex 5 116 9
      vertex 5.04816 115.02 22.2
      vertex 5.04816 115.02 9
    endloop
  endfacet
  facet normal 0.970035 0.242967 0
    outer loop
      vertex 5.4306 113.097 22.2
      vertex 5.19215 114.049 9
      vertex 5.19215 114.049 22.2
    endloop
  endfacet
  facet normal 0.970035 0.242967 0
    outer loop
      vertex 5.19215 114.049 9
      vertex 5.4306 113.097 22.2
      vertex 5.4306 113.097 9
    endloop
  endfacet
  facet normal -0.706265 -0.0346758 0.707098
    outer loop
      vertex 51.6429 116 5
      vertex 55.5995 116.98 9
      vertex 51.6157 116.554 5
    endloop
  endfacet
  facet normal 0.706255 -0.0347074 0.707106
    outer loop
      vertex 9 125.902 5
      vertex 5.04816 126.98 9
      vertex 5 126 9
    endloop
  endfacet
  facet normal 0.103322 -0.699464 0.70716
    outer loop
      vertex 14.4125 131.966 5
      vertex 14.0198 135.952 9
      vertex 13.8303 131.88 5
    endloop
  endfacet
  facet normal 0.363258 0.606663 0.70711
    outer loop
      vertex 10.286 107.181 9
      vertex 11.6693 111.015 5
      vertex 9.44429 107.685 9
    endloop
  endfacet
  facet normal -0.216354 -0.673102 0.707195
    outer loop
      vertex 45.4162 131.612 5
      vertex 46.8243 135.362 9
      vertex 44.8562 131.792 5
    endloop
  endfacet
  facet normal 0.474806 -0.523969 0.707118
    outer loop
      vertex 10.7608 130.239 5
      vertex 11.1967 130.634 5
      vertex 7.92892 133.071 9
    endloop
  endfacet
  facet normal -0.237855 0.665923 0.707087
    outer loop
      vertex 48.5506 106.431 9
      vertex 49.4745 106.761 9
      vertex 47.388 110.263 5
    endloop
  endfacet
  facet normal 0.706259 -0.0346849 0.707103
    outer loop
      vertex 9 125.902 5
      vertex 9.03369 126.588 5
      vertex 5.04816 126.98 9
    endloop
  endfacet
  facet normal -0.507864 -0.492016 0.707103
    outer loop
      vertex 50.8222 132.599 9
      vertex 50.1392 133.304 9
      vertex 47.4037 130.379 5
    endloop
  endfacet
  facet normal 0.171902 -0.685925 0.707076
    outer loop
      vertex 13.2597 131.737 5
      vertex 13.8303 131.88 5
      vertex 12.0972 135.569 9
    endloop
  endfacet
  facet normal 0.421414 0.567806 0.707111
    outer loop
      vertex 9.44429 107.685 9
      vertex 11.6693 111.015 5
      vertex 8.65607 108.27 9
    endloop
  endfacet
  facet normal -0.343009 -0.618352 0.707096
    outer loop
      vertex 48.5831 134.496 9
      vertex 47.725 134.972 9
      vertex 45.9564 131.379 5
    endloop
  endfacet
  facet normal -0.280969 -0.648895 0.707101
    outer loop
      vertex 47.725 134.972 9
      vertex 46.8243 135.362 9
      vertex 45.9564 131.379 5
    endloop
  endfacet
  facet normal -0.568542 -0.822654 0
    outer loop
      vertex 48.5831 134.496 9
      vertex 49.3905 133.938 22.2
      vertex 48.5831 134.496 22.2
    endloop
  endfacet
  facet normal -0.568542 -0.822654 -0
    outer loop
      vertex 49.3905 133.938 22.2
      vertex 48.5831 134.496 9
      vertex 49.3905 133.938 9
    endloop
  endfacet
  facet normal -0.699468 0.103718 0.707097
    outer loop
      vertex 55.5995 115.02 9
      vertex 51.614 115.412 5
      vertex 51.5277 114.83 5
    endloop
  endfacet
  facet normal -0.149134 -0.691204 0.707104
    outer loop
      vertex 45.8898 135.661 9
      vertex 44.9304 135.868 9
      vertex 44.8562 131.792 5
    endloop
  endfacet
  facet normal -0.553664 -0.439808 0.707125
    outer loop
      vertex 48.1792 129.495 5
      vertex 50.8222 132.599 9
      vertex 47.813 129.956 5
    endloop
  endfacet
  facet normal 0.707107 0 0.707107
    outer loop
      vertex 5 126 9
      vertex 9 116.098 5
      vertex 9 125.902 5
    endloop
  endfacet
  facet normal 0.707107 0 0.707107
    outer loop
      vertex 9 116.098 5
      vertex 5 126 9
      vertex 5 116 9
    endloop
  endfacet
  facet normal 0.989183 0.146686 0
    outer loop
      vertex 5.19215 114.049 22.2
      vertex 5.04816 115.02 9
      vertex 5.04816 115.02 22.2
    endloop
  endfacet
  facet normal 0.989183 0.146686 0
    outer loop
      vertex 5.04816 115.02 9
      vertex 5.19215 114.049 22.2
      vertex 5.19215 114.049 9
    endloop
  endfacet
  facet normal -0.07963 -0.702564 0.707151
    outer loop
      vertex 44.2808 131.916 5
      vertex 43.9554 135.979 9
      vertex 43.6632 131.986 5
    endloop
  endfacet
  facet normal 0.513727 -0.857954 0
    outer loop
      vertex 9.44429 134.315 9
      vertex 10.286 134.819 22.2
      vertex 9.44429 134.315 22.2
    endloop
  endfacet
  facet normal 0.513727 -0.857954 0
    outer loop
      vertex 10.286 134.819 22.2
      vertex 9.44429 134.315 9
      vertex 10.286 134.819 9
    endloop
  endfacet
  facet normal 0.302557 -0.639116 0.7071
    outer loop
      vertex 12.7057 131.539 5
      vertex 11.1732 135.239 9
      vertex 10.286 134.819 9
    endloop
  endfacet
  facet normal -0.23798 0.665864 0.7071
    outer loop
      vertex 49.4745 106.761 9
      vertex 47.942 110.461 5
      vertex 47.388 110.263 5
    endloop
  endfacet
  facet normal -0.699471 0.10366 0.707103
    outer loop
      vertex 55.4556 114.049 9
      vertex 55.5995 115.02 9
      vertex 51.5277 114.83 5
    endloop
  endfacet
  facet normal 0.989183 -0.146686 0
    outer loop
      vertex 5.04816 126.98 22.2
      vertex 5.19215 127.951 9
      vertex 5.19215 127.951 22.2
    endloop
  endfacet
  facet normal 0.989183 -0.146686 0
    outer loop
      vertex 5.19215 127.951 9
      vertex 5.04816 126.98 22.2
      vertex 5.04816 126.98 9
    endloop
  endfacet
  facet normal -0.606562 0.363433 0.707107
    outer loop
      vertex 53.9624 110.444 9
      vertex 54.4669 111.286 9
      vertex 50.6325 112.669 5
    endloop
  endfacet
  facet normal -0.70626 0.0347124 0.707101
    outer loop
      vertex 55.5995 115.02 9
      vertex 51.6429 116 5
      vertex 51.614 115.412 5
    endloop
  endfacet
  facet normal 0.941548 0.336879 0
    outer loop
      vertex 5.7612 112.173 22.2
      vertex 5.4306 113.097 9
      vertex 5.4306 113.097 22.2
    endloop
  endfacet
  facet normal 0.941548 0.336879 0
    outer loop
      vertex 5.4306 113.097 9
      vertex 5.7612 112.173 22.2
      vertex 5.7612 112.173 9
    endloop
  endfacet
  facet normal -0.64623 -0.763143 0
    outer loop
      vertex 49.3905 133.938 9
      vertex 50.1392 133.304 22.2
      vertex 49.3905 133.938 22.2
    endloop
  endfacet
  facet normal -0.64623 -0.763143 -0
    outer loop
      vertex 50.1392 133.304 22.2
      vertex 49.3905 133.938 9
      vertex 50.1392 133.304 9
    endloop
  endfacet
  facet normal -0.857807 0.513971 0
    outer loop
      vertex 53.9624 110.444 9
      vertex 54.4669 111.286 22.2
      vertex 54.4669 111.286 9
    endloop
  endfacet
  facet normal -0.857807 0.513971 0
    outer loop
      vertex 54.4669 111.286 22.2
      vertex 53.9624 110.444 9
      vertex 53.9624 110.444 22.2
    endloop
  endfacet
  facet normal 0.171902 0.685925 0.707076
    outer loop
      vertex 13.8303 110.12 5
      vertex 13.2597 110.263 5
      vertex 12.0972 106.431 9
    endloop
  endfacet
  facet normal 0.903962 -0.427614 0
    outer loop
      vertex 5.7612 129.827 22.2
      vertex 6.18079 130.714 9
      vertex 6.18079 130.714 22.2
    endloop
  endfacet
  facet normal 0.903962 -0.427614 0
    outer loop
      vertex 6.18079 130.714 9
      vertex 5.7612 129.827 22.2
      vertex 5.7612 129.827 9
    endloop
  endfacet
  facet normal -0.474816 0.523955 0.707121
    outer loop
      vertex 51.9916 108.27 9
      vertex 52.7188 108.929 9
      vertex 49.451 111.366 5
    endloop
  endfacet
  facet normal -0.421592 0.567647 0.707133
    outer loop
      vertex 51.9916 108.27 9
      vertex 49.451 111.366 5
      vertex 48.9784 111.015 5
    endloop
  endfacet
  facet normal 0.427876 -0.903837 0
    outer loop
      vertex 10.286 134.819 9
      vertex 11.1732 135.239 22.2
      vertex 10.286 134.819 22.2
    endloop
  endfacet
  facet normal 0.427876 -0.903837 0
    outer loop
      vertex 11.1732 135.239 22.2
      vertex 10.286 134.819 9
      vertex 11.1732 135.239 9
    endloop
  endfacet
  facet normal 0.336336 -0.941742 0
    outer loop
      vertex 11.1732 135.239 9
      vertex 12.0972 135.569 22.2
      vertex 11.1732 135.239 22.2
    endloop
  endfacet
  facet normal 0.336336 -0.941742 0
    outer loop
      vertex 12.0972 135.569 22.2
      vertex 11.1732 135.239 9
      vertex 12.0972 135.569 9
    endloop
  endfacet
  facet normal 0.706255 0.0347074 0.707106
    outer loop
      vertex 5.04816 115.02 9
      vertex 9 116.098 5
      vertex 5 116 9
    endloop
  endfacet
  facet normal 0.665756 0.238218 0.707122
    outer loop
      vertex 9.4612 113.706 5
      vertex 9.26297 114.26 5
      vertex 5.7612 112.173 9
    endloop
  endfacet
  facet normal 0.421414 -0.567806 0.707111
    outer loop
      vertex 11.6693 130.985 5
      vertex 9.44429 134.315 9
      vertex 8.65607 133.73 9
    endloop
  endfacet
  facet normal 0.421591 -0.567646 0.707135
    outer loop
      vertex 11.1967 130.634 5
      vertex 11.6693 130.985 5
      vertex 8.65607 133.73 9
    endloop
  endfacet
  facet normal 0.740898 -0.671618 0
    outer loop
      vertex 7.2699 132.344 22.2
      vertex 7.92892 133.071 9
      vertex 7.92892 133.071 22.2
    endloop
  endfacet
  facet normal 0.740898 -0.671618 0
    outer loop
      vertex 7.92892 133.071 9
      vertex 7.2699 132.344 22.2
      vertex 7.2699 132.344 9
    endloop
  endfacet
  facet normal 0.941548 -0.336879 0
    outer loop
      vertex 5.4306 128.903 22.2
      vertex 5.7612 129.827 9
      vertex 5.7612 129.827 22.2
    endloop
  endfacet
  facet normal 0.941548 -0.336879 0
    outer loop
      vertex 5.7612 129.827 9
      vertex 5.4306 128.903 22.2
      vertex 5.4306 128.903 9
    endloop
  endfacet
  facet normal -0.456956 -0.539626 0.707103
    outer loop
      vertex 50.1392 133.304 9
      vertex 49.3905 133.938 9
      vertex 47.4037 130.379 5
    endloop
  endfacet
  facet normal 0.0345852 0.70626 0.707108
    outer loop
      vertex 15 106 9
      vertex 15.0981 110 5
      vertex 14.0198 106.048 9
    endloop
  endfacet
  facet normal 0.172194 0.685821 0.707106
    outer loop
      vertex 13.0491 106.192 9
      vertex 13.8303 110.12 5
      vertex 12.0972 106.431 9
    endloop
  endfacet
  facet normal 0.243518 0.969896 -0
    outer loop
      vertex 13.0491 106.192 9
      vertex 12.0972 106.431 22.2
      vertex 13.0491 106.192 22.2
    endloop
  endfacet
  facet normal 0.243518 0.969896 0
    outer loop
      vertex 12.0972 106.431 22.2
      vertex 13.0491 106.192 9
      vertex 12.0972 106.431 9
    endloop
  endfacet
  facet normal 0.606627 -0.363292 0.707123
    outer loop
      vertex 9.71277 128.826 5
      vertex 10.0152 129.331 5
      vertex 6.18079 130.714 9
    endloop
  endfacet
  facet normal 0.606558 0.363438 0.707107
    outer loop
      vertex 6.6853 110.444 9
      vertex 10.0152 112.669 5
      vertex 6.18079 111.286 9
    endloop
  endfacet
  facet normal -0.456794 -0.539738 0.707122
    outer loop
      vertex 47.4037 130.379 5
      vertex 49.3905 133.938 9
      vertex 46.9547 130.759 5
    endloop
  endfacet
  facet normal 0.685859 0.171982 0.70712
    outer loop
      vertex 9.26297 114.26 5
      vertex 9.12004 114.83 5
      vertex 5.4306 113.097 9
    endloop
  endfacet
  facet normal 0.970035 -0.242967 0
    outer loop
      vertex 5.19215 127.951 22.2
      vertex 5.4306 128.903 9
      vertex 5.4306 128.903 22.2
    endloop
  endfacet
  facet normal 0.970035 -0.242967 0
    outer loop
      vertex 5.4306 128.903 9
      vertex 5.19215 127.951 22.2
      vertex 5.19215 127.951 9
    endloop
  endfacet
  facet normal -0.523901 0.474876 0.707121
    outer loop
      vertex 52.7188 108.929 9
      vertex 50.2821 112.197 5
      vertex 49.8869 111.761 5
    endloop
  endfacet
  facet normal 0.639182 -0.302361 0.707124
    outer loop
      vertex 9.4612 128.294 5
      vertex 6.18079 130.714 9
      vertex 5.7612 129.827 9
    endloop
  endfacet
  facet normal 0.685859 -0.171982 0.70712
    outer loop
      vertex 9.12004 127.17 5
      vertex 9.26297 127.74 5
      vertex 5.4306 128.903 9
    endloop
  endfacet
  facet normal 0.567891 -0.421306 0.707107
    outer loop
      vertex 10.0152 129.331 5
      vertex 7.2699 132.344 9
      vertex 6.6853 131.556 9
    endloop
  endfacet
  facet normal -0.402016 -0.581699 0.707113
    outer loop
      vertex 49.3905 133.938 9
      vertex 48.5831 134.496 9
      vertex 46.9547 130.759 5
    endloop
  endfacet
  facet normal 0.998795 -0.0490836 0
    outer loop
      vertex 5 126 22.2
      vertex 5.04816 126.98 9
      vertex 5.04816 126.98 22.2
    endloop
  endfacet
  facet normal 0.998795 -0.0490836 0
    outer loop
      vertex 5.04816 126.98 9
      vertex 5 126 22.2
      vertex 5 126 9
    endloop
  endfacet
  facet normal 0.699459 0.103777 0.707098
    outer loop
      vertex 9.12004 114.83 5
      vertex 9.03369 115.412 5
      vertex 5.04816 115.02 9
    endloop
  endfacet
  facet normal 0.685923 0.171805 0.707102
    outer loop
      vertex 5.4306 113.097 9
      vertex 9.12004 114.83 5
      vertex 5.19215 114.049 9
    endloop
  endfacet
  facet normal -0.14896 -0.691224 0.707121
    outer loop
      vertex 44.8562 131.792 5
      vertex 44.9304 135.868 9
      vertex 44.2808 131.916 5
    endloop
  endfacet
  facet normal -0.0799836 -0.702558 0.707117
    outer loop
      vertex 44.2808 131.916 5
      vertex 44.9304 135.868 9
      vertex 43.9554 135.979 9
    endloop
  endfacet
  facet normal -0.989196 0.146597 0
    outer loop
      vertex 55.4556 114.049 9
      vertex 55.5995 115.02 22.2
      vertex 55.5995 115.02 9
    endloop
  endfacet
  facet normal -0.989196 0.146597 0
    outer loop
      vertex 55.5995 115.02 22.2
      vertex 55.4556 114.049 9
      vertex 55.4556 114.049 22.2
    endloop
  endfacet
  facet normal -0.606641 0.363264 0.707125
    outer loop
      vertex 54.4669 111.286 9
      vertex 50.9349 113.174 5
      vertex 50.6325 112.669 5
    endloop
  endfacet
  facet normal -0.628657 -0.323701 0.707112
    outer loop
      vertex 52.4142 130.134 9
      vertex 51.9652 131.006 9
      vertex 48.4984 129.001 5
    endloop
  endfacet
  facet normal -0.657407 -0.260439 0.707098
    outer loop
      vertex 48.9842 127.931 5
      vertex 52.7755 129.221 9
      vertex 48.7675 128.478 5
    endloop
  endfacet
  facet normal -0.523889 0.474887 0.707123
    outer loop
      vertex 52.7188 108.929 9
      vertex 53.3778 109.656 9
      vertex 50.2821 112.197 5
    endloop
  endfacet
  facet normal -0.567739 0.421474 0.707129
    outer loop
      vertex 53.3778 109.656 9
      vertex 50.6325 112.669 5
      vertex 50.2821 112.197 5
    endloop
  endfacet
  facet normal -0.474805 0.523968 0.707119
    outer loop
      vertex 52.7188 108.929 9
      vertex 49.8869 111.761 5
      vertex 49.451 111.366 5
    endloop
  endfacet
  facet normal 0.302743 0.639005 0.707121
    outer loop
      vertex 12.7057 110.461 5
      vertex 12.1738 110.713 5
      vertex 10.286 107.181 9
    endloop
  endfacet
  facet normal 0.172194 -0.685821 0.707106
    outer loop
      vertex 13.8303 131.88 5
      vertex 13.0491 135.808 9
      vertex 12.0972 135.569 9
    endloop
  endfacet
  facet normal 0.243518 -0.969896 0
    outer loop
      vertex 12.0972 135.569 9
      vertex 13.0491 135.808 22.2
      vertex 12.0972 135.569 22.2
    endloop
  endfacet
  facet normal 0.243518 -0.969896 0
    outer loop
      vertex 13.0491 135.808 22.2
      vertex 12.0972 135.569 9
      vertex 13.0491 135.808 9
    endloop
  endfacet
  facet normal -0.840231 -0.542229 0
    outer loop
      vertex 51.9652 131.006 9
      vertex 51.4328 131.831 22.2
      vertex 51.4328 131.831 9
    endloop
  endfacet
  facet normal -0.840231 -0.542229 0
    outer loop
      vertex 51.4328 131.831 22.2
      vertex 51.9652 131.006 9
      vertex 51.9652 131.006 22.2
    endloop
  endfacet
  facet normal -0.66576 0.238204 0.707123
    outer loop
      vertex 54.8865 112.173 9
      vertex 55.2171 113.097 9
      vertex 51.3847 114.26 5
    endloop
  endfacet
  facet normal 0.567891 0.421306 0.707107
    outer loop
      vertex 7.2699 109.656 9
      vertex 10.0152 112.669 5
      vertex 6.6853 110.444 9
    endloop
  endfacet
  facet normal 0.699461 0.103723 0.707104
    outer loop
      vertex 5.19215 114.049 9
      vertex 9.12004 114.83 5
      vertex 5.04816 115.02 9
    endloop
  endfacet
  facet normal 1 -0 0
    outer loop
      vertex 5 116 22.2
      vertex 5 126 9
      vertex 5 126 22.2
    endloop
  endfacet
  facet normal 1 0 0
    outer loop
      vertex 5 126 9
      vertex 5 116 22.2
      vertex 5 116 9
    endloop
  endfacet
  facet normal 0.665756 -0.238218 0.707122
    outer loop
      vertex 9.26297 127.74 5
      vertex 9.4612 128.294 5
      vertex 5.7612 129.827 9
    endloop
  endfacet
  facet normal 0.665763 -0.238205 0.70712
    outer loop
      vertex 9.26297 127.74 5
      vertex 5.7612 129.827 9
      vertex 5.4306 128.903 9
    endloop
  endfacet
  facet normal -0.903958 0.427622 0
    outer loop
      vertex 54.4669 111.286 9
      vertex 54.8865 112.173 22.2
      vertex 54.8865 112.173 9
    endloop
  endfacet
  facet normal -0.903958 0.427622 0
    outer loop
      vertex 54.8865 112.173 22.2
      vertex 54.4669 111.286 9
      vertex 54.4669 111.286 22.2
    endloop
  endfacet
  facet normal -0.63918 0.302367 0.707123
    outer loop
      vertex 54.4669 111.286 9
      vertex 54.8865 112.173 9
      vertex 51.1865 113.706 5
    endloop
  endfacet
  facet normal -0.343626 -0.617926 0.707169
    outer loop
      vertex 46.4707 131.093 5
      vertex 48.5831 134.496 9
      vertex 45.9564 131.379 5
    endloop
  endfacet
  facet normal -0.553454 -0.440025 0.707154
    outer loop
      vertex 51.4328 131.831 9
      vertex 50.8222 132.599 9
      vertex 48.1792 129.495 5
    endloop
  endfacet
  facet normal -0.782755 -0.622331 0
    outer loop
      vertex 51.4328 131.831 9
      vertex 50.8222 132.599 22.2
      vertex 50.8222 132.599 9
    endloop
  endfacet
  facet normal -0.782755 -0.622331 0
    outer loop
      vertex 50.8222 132.599 22.2
      vertex 51.4328 131.831 9
      vertex 51.4328 131.831 22.2
    endloop
  endfacet
  facet normal 0.639232 0.302278 0.707114
    outer loop
      vertex 9.71277 113.174 5
      vertex 9.4612 113.706 5
      vertex 6.18079 111.286 9
    endloop
  endfacet
  facet normal 0 0 1
    outer loop
      vertex 51.6157 116.554 5
      vertex 51.614 115.412 5
      vertex 51.6429 116 5
    endloop
  endfacet
  facet normal 0 0 1
    outer loop
      vertex 51.6157 116.554 5
      vertex 51.5277 114.83 5
      vertex 51.614 115.412 5
    endloop
  endfacet
  facet normal 0 0 1
    outer loop
      vertex 51.46 117.495 5
      vertex 51.5277 114.83 5
      vertex 51.6157 116.554 5
    endloop
  endfacet
  facet normal 0 0 1
    outer loop
      vertex 51.46 117.495 5
      vertex 51.3847 114.26 5
      vertex 51.5277 114.83 5
    endloop
  endfacet
  facet normal 0 0 1
    outer loop
      vertex 51.46 117.495 5
      vertex 51.1865 113.706 5
      vertex 51.3847 114.26 5
    endloop
  endfacet
  facet normal 0 0 1
    outer loop
      vertex 51.46 117.495 5
      vertex 50.9349 113.174 5
      vertex 51.1865 113.706 5
    endloop
  endfacet
  facet normal 0 0 1
    outer loop
      vertex 51.46 117.495 5
      vertex 50.6325 112.669 5
      vertex 50.9349 113.174 5
    endloop
  endfacet
  facet normal 0 0 1
    outer loop
      vertex 51.46 117.495 5
      vertex 50.2821 112.197 5
      vertex 50.6325 112.669 5
    endloop
  endfacet
  facet normal 0 0 1
    outer loop
      vertex 51.46 117.495 5
      vertex 49.8869 111.761 5
      vertex 50.2821 112.197 5
    endloop
  endfacet
  facet normal 0 0 1
    outer loop
      vertex 51.46 117.495 5
      vertex 49.451 111.366 5
      vertex 49.8869 111.761 5
    endloop
  endfacet
  facet normal 0 0 1
    outer loop
      vertex 45.5496 110 5
      vertex 51.46 117.495 5
      vertex 49.1731 127.271 5
    endloop
  endfacet
  facet normal 0 0 1
    outer loop
      vertex 43.2436 132 5
      vertex 49.1731 127.271 5
      vertex 48.9842 127.931 5
    endloop
  endfacet
  facet normal 0 0 1
    outer loop
      vertex 51.46 117.495 5
      vertex 45.5496 110 5
      vertex 49.451 111.366 5
    endloop
  endfacet
  facet normal 0 0 1
    outer loop
      vertex 43.2436 132 5
      vertex 48.9842 127.931 5
      vertex 48.7675 128.478 5
    endloop
  endfacet
  facet normal 0 0 1
    outer loop
      vertex 43.2436 132 5
      vertex 48.7675 128.478 5
      vertex 48.4984 129.001 5
    endloop
  endfacet
  facet normal 0 0 1
    outer loop
      vertex 49.451 111.366 5
      vertex 45.5496 110 5
      vertex 48.9784 111.015 5
    endloop
  endfacet
  facet normal 0 0 1
    outer loop
      vertex 43.2436 132 5
      vertex 48.4984 129.001 5
      vertex 48.1792 129.495 5
    endloop
  endfacet
  facet normal 0 0 1
    outer loop
      vertex 48.9784 111.015 5
      vertex 45.5496 110 5
      vertex 48.4739 110.713 5
    endloop
  endfacet
  facet normal 0 0 1
    outer loop
      vertex 43.2436 132 5
      vertex 48.1792 129.495 5
      vertex 47.813 129.956 5
    endloop
  endfacet
  facet normal 0 0 1
    outer loop
      vertex 43.2436 132 5
      vertex 47.813 129.956 5
      vertex 47.4037 130.379 5
    endloop
  endfacet
  facet normal 0 0 1
    outer loop
      vertex 48.4739 110.713 5
      vertex 45.5496 110 5
      vertex 47.942 110.461 5
    endloop
  endfacet
  facet normal 0 0 1
    outer loop
      vertex 43.2436 132 5
      vertex 47.4037 130.379 5
      vertex 46.9547 130.759 5
    endloop
  endfacet
  facet normal 0 0 1
    outer loop
      vertex 47.942 110.461 5
      vertex 45.5496 110 5
      vertex 47.388 110.263 5
    endloop
  endfacet
  facet normal 0 0 1
    outer loop
      vertex 43.2436 132 5
      vertex 46.9547 130.759 5
      vertex 46.4707 131.093 5
    endloop
  endfacet
  facet normal 0 0 1
    outer loop
      vertex 47.388 110.263 5
      vertex 45.5496 110 5
      vertex 46.8174 110.12 5
    endloop
  endfacet
  facet normal 0 0 1
    outer loop
      vertex 43.2436 132 5
      vertex 46.4707 131.093 5
      vertex 45.9564 131.379 5
    endloop
  endfacet
  facet normal 0 0 1
    outer loop
      vertex 46.8174 110.12 5
      vertex 45.5496 110 5
      vertex 46.2352 110.034 5
    endloop
  endfacet
  facet normal 0 0 1
    outer loop
      vertex 43.2436 132 5
      vertex 45.9564 131.379 5
      vertex 45.4162 131.612 5
    endloop
  endfacet
  facet normal 0 0 1
    outer loop
      vertex 43.2436 132 5
      vertex 45.4162 131.612 5
      vertex 44.8562 131.792 5
    endloop
  endfacet
  facet normal 0 0 1
    outer loop
      vertex 43.2436 132 5
      vertex 44.8562 131.792 5
      vertex 44.2808 131.916 5
    endloop
  endfacet
  facet normal 0 0 1
    outer loop
      vertex 43.2436 132 5
      vertex 44.2808 131.916 5
      vertex 43.6632 131.986 5
    endloop
  endfacet
  facet normal 0 0 1
    outer loop
      vertex 49.1731 127.271 5
      vertex 43.2436 132 5
      vertex 45.5496 110 5
    endloop
  endfacet
  facet normal 0 0 1
    outer loop
      vertex 15.0981 110 5
      vertex 43.2436 132 5
      vertex 15.0981 132 5
    endloop
  endfacet
  facet normal 0 0 1
    outer loop
      vertex 43.2436 132 5
      vertex 15.0981 110 5
      vertex 45.5496 110 5
    endloop
  endfacet
  facet normal 0 0 1
    outer loop
      vertex 9 125.902 5
      vertex 15.0981 132 5
      vertex 14.4125 131.966 5
    endloop
  endfacet
  facet normal 0 0 1
    outer loop
      vertex 15.0981 132 5
      vertex 9 125.902 5
      vertex 15.0981 110 5
    endloop
  endfacet
  facet normal 0 0 1
    outer loop
      vertex 9 125.902 5
      vertex 14.4125 131.966 5
      vertex 13.8303 131.88 5
    endloop
  endfacet
  facet normal -0 0 1
    outer loop
      vertex 9 116.098 5
      vertex 15.0981 110 5
      vertex 9 125.902 5
    endloop
  endfacet
  facet normal 0 0 1
    outer loop
      vertex 9 125.902 5
      vertex 13.8303 131.88 5
      vertex 13.2597 131.737 5
    endloop
  endfacet
  facet normal 0 0 1
    outer loop
      vertex 15.0981 110 5
      vertex 9 116.098 5
      vertex 14.4125 110.034 5
    endloop
  endfacet
  facet normal 0 0 1
    outer loop
      vertex 9 125.902 5
      vertex 13.2597 131.737 5
      vertex 12.7057 131.539 5
    endloop
  endfacet
  facet normal 0 0 1
    outer loop
      vertex 14.4125 110.034 5
      vertex 9 116.098 5
      vertex 13.8303 110.12 5
    endloop
  endfacet
  facet normal 0 0 1
    outer loop
      vertex 9 125.902 5
      vertex 12.7057 131.539 5
      vertex 12.1738 131.287 5
    endloop
  endfacet
  facet normal 0 0 1
    outer loop
      vertex 13.8303 110.12 5
      vertex 9 116.098 5
      vertex 13.2597 110.263 5
    endloop
  endfacet
  facet normal 0 0 1
    outer loop
      vertex 9 125.902 5
      vertex 12.1738 131.287 5
      vertex 11.6693 130.985 5
    endloop
  endfacet
  facet normal 0 0 1
    outer loop
      vertex 13.2597 110.263 5
      vertex 9 116.098 5
      vertex 12.7057 110.461 5
    endloop
  endfacet
  facet normal 0 0 1
    outer loop
      vertex 9 125.902 5
      vertex 11.6693 130.985 5
      vertex 11.1967 130.634 5
    endloop
  endfacet
  facet normal 0 0 1
    outer loop
      vertex 12.7057 110.461 5
      vertex 9 116.098 5
      vertex 12.1738 110.713 5
    endloop
  endfacet
  facet normal 0 0 1
    outer loop
      vertex 9 125.902 5
      vertex 11.1967 130.634 5
      vertex 10.7608 130.239 5
    endloop
  endfacet
  facet normal 0 0 1
    outer loop
      vertex 12.1738 110.713 5
      vertex 9 116.098 5
      vertex 11.6693 111.015 5
    endloop
  endfacet
  facet normal 0 0 1
    outer loop
      vertex 9 125.902 5
      vertex 10.7608 130.239 5
      vertex 10.3656 129.803 5
    endloop
  endfacet
  facet normal 0 0 1
    outer loop
      vertex 11.6693 111.015 5
      vertex 9 116.098 5
      vertex 11.1967 111.366 5
    endloop
  endfacet
  facet normal 0 0 1
    outer loop
      vertex 9 125.902 5
      vertex 10.3656 129.803 5
      vertex 10.0152 129.331 5
    endloop
  endfacet
  facet normal 0 0 1
    outer loop
      vertex 11.1967 111.366 5
      vertex 9 116.098 5
      vertex 10.7608 111.761 5
    endloop
  endfacet
  facet normal 0 0 1
    outer loop
      vertex 9 125.902 5
      vertex 10.0152 129.331 5
      vertex 9.71277 128.826 5
    endloop
  endfacet
  facet normal 0 0 1
    outer loop
      vertex 10.7608 111.761 5
      vertex 9 116.098 5
      vertex 10.3656 112.197 5
    endloop
  endfacet
  facet normal 0 0 1
    outer loop
      vertex 9 125.902 5
      vertex 9.71277 128.826 5
      vertex 9.4612 128.294 5
    endloop
  endfacet
  facet normal 0 0 1
    outer loop
      vertex 10.3656 112.197 5
      vertex 9 116.098 5
      vertex 10.0152 112.669 5
    endloop
  endfacet
  facet normal 0 0 1
    outer loop
      vertex 9 125.902 5
      vertex 9.4612 128.294 5
      vertex 9.26297 127.74 5
    endloop
  endfacet
  facet normal 0 0 1
    outer loop
      vertex 10.0152 112.669 5
      vertex 9 116.098 5
      vertex 9.71277 113.174 5
    endloop
  endfacet
  facet normal 0 0 1
    outer loop
      vertex 9 125.902 5
      vertex 9.26297 127.74 5
      vertex 9.12004 127.17 5
    endloop
  endfacet
  facet normal 0 0 1
    outer loop
      vertex 9.71277 113.174 5
      vertex 9 116.098 5
      vertex 9.4612 113.706 5
    endloop
  endfacet
  facet normal 0 0 1
    outer loop
      vertex 9 125.902 5
      vertex 9.12004 127.17 5
      vertex 9.03369 126.588 5
    endloop
  endfacet
  facet normal 0 0 1
    outer loop
      vertex 9.4612 113.706 5
      vertex 9 116.098 5
      vertex 9.26297 114.26 5
    endloop
  endfacet
  facet normal 0 0 1
    outer loop
      vertex 9.26297 114.26 5
      vertex 9 116.098 5
      vertex 9.12004 114.83 5
    endloop
  endfacet
  facet normal 0 0 1
    outer loop
      vertex 9.12004 114.83 5
      vertex 9 116.098 5
      vertex 9.03369 115.412 5
    endloop
  endfacet
  facet normal 0.706259 0.0346849 0.707103
    outer loop
      vertex 9.03369 115.412 5
      vertex 9 116.098 5
      vertex 5.04816 115.02 9
    endloop
  endfacet
  facet normal -0.36323 0.606681 0.707108
    outer loop
      vertex 42.1745 142.181 9
      vertex 43.0163 142.685 9
      vertex 40.7913 146.015 5
    endloop
  endfacet
  facet normal 0.595973 0.803005 -0
    outer loop
      vertex 9.44429 142.685 9
      vertex 8.65607 143.27 22.2
      vertex 9.44429 142.685 22.2
    endloop
  endfacet
  facet normal 0.595973 0.803005 0
    outer loop
      vertex 8.65607 143.27 22.2
      vertex 9.44429 142.685 9
      vertex 8.65607 143.27 9
    endloop
  endfacet
  facet normal -0.363181 0.606704 0.707114
    outer loop
      vertex 42.1745 142.181 9
      vertex 40.7913 146.015 5
      vertex 40.2868 145.713 5
    endloop
  endfacet
  facet normal -0.92984 -0.367964 0
    outer loop
      vertex 44.5884 164.221 9
      vertex 44.2271 165.134 22.2
      vertex 44.2271 165.134 9
    endloop
  endfacet
  facet normal -0.92984 -0.367964 0
    outer loop
      vertex 44.2271 165.134 22.2
      vertex 44.5884 164.221 9
      vertex 44.5884 164.221 22.2
    endloop
  endfacet
  facet normal 0.302743 0.639005 0.707121
    outer loop
      vertex 12.7057 145.461 5
      vertex 12.1738 145.713 5
      vertex 10.286 142.181 9
    endloop
  endfacet
  facet normal 0.302557 -0.639116 0.7071
    outer loop
      vertex 12.7057 166.539 5
      vertex 11.1732 170.239 9
      vertex 10.286 169.819 9
    endloop
  endfacet
  facet normal -0.421645 0.567599 0.70714
    outer loop
      vertex 43.8045 143.27 9
      vertex 41.2638 146.366 5
      vertex 40.7913 146.015 5
    endloop
  endfacet
  facet normal 0.699461 -0.103723 0.707104
    outer loop
      vertex 9.12004 162.17 5
      vertex 5.19215 162.951 9
      vertex 5.04816 161.98 9
    endloop
  endfacet
  facet normal 0 -1 0
    outer loop
      vertex 15 171 9
      vertex 35.1214 171 22.2
      vertex 15 171 22.2
    endloop
  endfacet
  facet normal 0 -1 -0
    outer loop
      vertex 35.1214 171 22.2
      vertex 15 171 9
      vertex 35.1214 171 9
    endloop
  endfacet
  facet normal -0.474849 0.523919 0.707126
    outer loop
      vertex 43.8045 143.27 9
      vertex 44.5316 143.929 9
      vertex 41.2638 146.366 5
    endloop
  endfacet
  facet normal -0.0324454 -0.999474 0
    outer loop
      vertex 35.1214 171 9
      vertex 35.7683 170.979 22.2
      vertex 35.1214 171 22.2
    endloop
  endfacet
  facet normal -0.0324454 -0.999474 -0
    outer loop
      vertex 35.7683 170.979 22.2
      vertex 35.1214 171 9
      vertex 35.7683 170.979 9
    endloop
  endfacet
  facet normal 0.523902 0.474877 0.70712
    outer loop
      vertex 10.7608 146.761 5
      vertex 10.3656 147.197 5
      vertex 7.92892 143.929 9
    endloop
  endfacet
  facet normal -0.216388 -0.673087 0.707199
    outer loop
      vertex 37.229 166.612 5
      vertex 38.6372 170.362 9
      vertex 36.6691 166.792 5
    endloop
  endfacet
  facet normal -0.237833 0.665933 0.707084
    outer loop
      vertex 40.3634 141.431 9
      vertex 41.2874 141.761 9
      vertex 39.2009 145.263 5
    endloop
  endfacet
  facet normal -0.697627 -0.115393 0.707108
    outer loop
      vertex 47.4124 151.98 9
      vertex 47.1977 153.278 9
      vertex 43.4285 151.554 5
    endloop
  endfacet
  facet normal -0.113115 -0.993582 0
    outer loop
      vertex 35.7683 170.979 9
      vertex 36.7433 170.868 22.2
      vertex 35.7683 170.979 22.2
    endloop
  endfacet
  facet normal -0.113115 -0.993582 -0
    outer loop
      vertex 36.7433 170.868 22.2
      vertex 35.7683 170.979 9
      vertex 36.7433 170.868 9
    endloop
  endfacet
  facet normal 0.302743 -0.639005 0.707121
    outer loop
      vertex 12.1738 166.287 5
      vertex 12.7057 166.539 5
      vertex 10.286 169.819 9
    endloop
  endfacet
  facet normal -0.606641 0.363264 0.707125
    outer loop
      vertex 46.2798 146.286 9
      vertex 42.7478 148.174 5
      vertex 42.4454 147.669 5
    endloop
  endfacet
  facet normal -0.302745 0.639008 0.707117
    outer loop
      vertex 42.1745 142.181 9
      vertex 40.2868 145.713 5
      vertex 39.7549 145.461 5
    endloop
  endfacet
  facet normal 0.0345852 0.70626 0.707108
    outer loop
      vertex 15 141 9
      vertex 15.0981 145 5
      vertex 14.0198 141.048 9
    endloop
  endfacet
  facet normal 0.740898 0.671618 0
    outer loop
      vertex 7.92892 143.929 22.2
      vertex 7.2699 144.656 9
      vertex 7.2699 144.656 22.2
    endloop
  endfacet
  facet normal 0.740898 0.671618 0
    outer loop
      vertex 7.2699 144.656 9
      vertex 7.92892 143.929 22.2
      vertex 7.92892 143.929 9
    endloop
  endfacet
  facet normal 0.903962 0.427614 0
    outer loop
      vertex 6.18079 146.286 22.2
      vertex 5.7612 147.173 9
      vertex 5.7612 147.173 22.2
    endloop
  endfacet
  facet normal 0.903962 0.427614 0
    outer loop
      vertex 5.7612 147.173 9
      vertex 6.18079 146.286 22.2
      vertex 6.18079 146.286 9
    endloop
  endfacet
  facet normal -0.10376 0.699441 0.707118
    outer loop
      vertex 39.4115 141.192 9
      vertex 38.6302 145.12 5
      vertex 38.4408 141.048 9
    endloop
  endfacet
  facet normal -0.657407 -0.260439 0.707098
    outer loop
      vertex 40.7971 162.931 5
      vertex 44.5884 164.221 9
      vertex 40.5804 163.478 5
    endloop
  endfacet
  facet normal 0.671531 -0.740977 0
    outer loop
      vertex 7.92892 168.071 9
      vertex 8.65607 168.73 22.2
      vertex 7.92892 168.071 22.2
    endloop
  endfacet
  facet normal 0.671531 -0.740977 0
    outer loop
      vertex 8.65607 168.73 22.2
      vertex 7.92892 168.071 9
      vertex 8.65607 168.73 9
    endloop
  endfacet
  facet normal 0.606558 -0.363438 0.707107
    outer loop
      vertex 10.0152 164.331 5
      vertex 6.6853 166.556 9
      vertex 6.18079 165.714 9
    endloop
  endfacet
  facet normal 0.363178 0.6067 0.707118
    outer loop
      vertex 12.1738 145.713 5
      vertex 11.6693 146.015 5
      vertex 10.286 142.181 9
    endloop
  endfacet
  facet normal -0.343007 -0.618349 0.707101
    outer loop
      vertex 40.396 169.496 9
      vertex 39.5379 169.972 9
      vertex 37.7692 166.379 5
    endloop
  endfacet
  facet normal -0.998793 -0.0491243 0
    outer loop
      vertex 47.4606 151 9
      vertex 47.4124 151.98 22.2
      vertex 47.4124 151.98 9
    endloop
  endfacet
  facet normal -0.998793 -0.0491243 0
    outer loop
      vertex 47.4124 151.98 22.2
      vertex 47.4606 151 9
      vertex 47.4606 151 22.2
    endloop
  endfacet
  facet normal 0.567891 -0.421306 0.707107
    outer loop
      vertex 10.0152 164.331 5
      vertex 7.2699 167.344 9
      vertex 6.6853 166.556 9
    endloop
  endfacet
  facet normal -0.594121 -0.383406 0.707121
    outer loop
      vertex 43.7781 166.006 9
      vertex 43.2457 166.831 9
      vertex 40.3112 164.001 5
    endloop
  endfacet
  facet normal -0.146741 0.989175 0
    outer loop
      vertex 39.4115 141.192 9
      vertex 38.4408 141.048 22.2
      vertex 39.4115 141.192 22.2
    endloop
  endfacet
  facet normal -0.146741 0.989175 0
    outer loop
      vertex 38.4408 141.048 22.2
      vertex 39.4115 141.192 9
      vertex 38.4408 141.048 9
    endloop
  endfacet
  facet normal -0.679777 -0.194706 0.707102
    outer loop
      vertex 44.8585 163.278 9
      vertex 44.5884 164.221 9
      vertex 40.7971 162.931 5
    endloop
  endfacet
  facet normal 0.048911 0.998803 -0
    outer loop
      vertex 15 141 9
      vertex 14.0198 141.048 22.2
      vertex 15 141 22.2
    endloop
  endfacet
  facet normal 0.048911 0.998803 0
    outer loop
      vertex 14.0198 141.048 22.2
      vertex 15 141 9
      vertex 14.0198 141.048 9
    endloop
  endfacet
  facet normal -0.0345852 0.706259 0.707108
    outer loop
      vertex 37.4606 141 9
      vertex 38.4408 141.048 9
      vertex 37.3624 145 5
    endloop
  endfacet
  facet normal 0.699459 -0.103777 0.707098
    outer loop
      vertex 9.03369 161.588 5
      vertex 9.12004 162.17 5
      vertex 5.04816 161.98 9
    endloop
  endfacet
  facet normal 0.421414 0.567806 0.707111
    outer loop
      vertex 9.44429 142.685 9
      vertex 11.6693 146.015 5
      vertex 8.65607 143.27 9
    endloop
  endfacet
  facet normal 0 1 -0
    outer loop
      vertex 37.4606 141 9
      vertex 15 141 22.2
      vertex 37.4606 141 22.2
    endloop
  endfacet
  facet normal 0 1 0
    outer loop
      vertex 15 141 22.2
      vertex 37.4606 141 9
      vertex 15 141 9
    endloop
  endfacet
  facet normal 0.421591 -0.567646 0.707135
    outer loop
      vertex 11.1967 165.634 5
      vertex 11.6693 165.985 5
      vertex 8.65607 168.73 9
    endloop
  endfacet
  facet normal 0.567739 -0.421474 0.707129
    outer loop
      vertex 10.0152 164.331 5
      vertex 10.3656 164.803 5
      vertex 7.2699 167.344 9
    endloop
  endfacet
  facet normal -0.606562 0.363433 0.707107
    outer loop
      vertex 45.7753 145.444 9
      vertex 46.2798 146.286 9
      vertex 42.4454 147.669 5
    endloop
  endfacet
  facet normal -0.243518 0.969896 0
    outer loop
      vertex 40.3634 141.431 9
      vertex 39.4115 141.192 22.2
      vertex 40.3634 141.431 22.2
    endloop
  endfacet
  facet normal -0.243518 0.969896 0
    outer loop
      vertex 39.4115 141.192 22.2
      vertex 40.3634 141.431 9
      vertex 39.4115 141.192 9
    endloop
  endfacet
  facet normal -0.343576 -0.617956 0.707168
    outer loop
      vertex 38.2836 166.093 5
      vertex 40.396 169.496 9
      vertex 37.7692 166.379 5
    endloop
  endfacet
  facet normal 0.474806 0.523969 0.707118
    outer loop
      vertex 11.1967 146.366 5
      vertex 10.7608 146.761 5
      vertex 7.92892 143.929 9
    endloop
  endfacet
  facet normal 0 -0.707107 0.707107
    outer loop
      vertex 15.0981 167 5
      vertex 35.1214 171 9
      vertex 15 171 9
    endloop
  endfacet
  facet normal 0 -0.707107 0.707107
    outer loop
      vertex 35.1214 171 9
      vertex 15.0981 167 5
      vertex 35.0565 167 5
    endloop
  endfacet
  facet normal 0.10376 0.699442 0.707117
    outer loop
      vertex 14.0198 141.048 9
      vertex 13.8303 145.12 5
      vertex 13.0491 141.192 9
    endloop
  endfacet
  facet normal 0.146741 -0.989175 0
    outer loop
      vertex 13.0491 170.808 9
      vertex 14.0198 170.952 22.2
      vertex 13.0491 170.808 22.2
    endloop
  endfacet
  facet normal 0.146741 -0.989175 0
    outer loop
      vertex 14.0198 170.952 22.2
      vertex 13.0491 170.808 9
      vertex 14.0198 170.952 9
    endloop
  endfacet
  facet normal 0.23798 0.665864 0.7071
    outer loop
      vertex 13.2597 145.263 5
      vertex 12.7057 145.461 5
      vertex 11.1732 141.761 9
    endloop
  endfacet
  facet normal 0.23798 -0.665864 0.7071
    outer loop
      vertex 12.7057 166.539 5
      vertex 13.2597 166.737 5
      vertex 11.1732 170.239 9
    endloop
  endfacet
  facet normal -0.699454 0.103836 0.707094
    outer loop
      vertex 47.4124 150.02 9
      vertex 43.4269 150.412 5
      vertex 43.3405 149.83 5
    endloop
  endfacet
  facet normal 0.10376 -0.699442 0.707117
    outer loop
      vertex 13.8303 166.88 5
      vertex 14.0198 170.952 9
      vertex 13.0491 170.808 9
    endloop
  endfacet
  facet normal -0.035016 0.70619 0.707156
    outer loop
      vertex 38.4408 141.048 9
      vertex 38.0481 145.034 5
      vertex 37.3624 145 5
    endloop
  endfacet
  facet normal -0.706256 -0.0346754 0.707107
    outer loop
      vertex 43.4557 151 5
      vertex 47.4124 151.98 9
      vertex 43.4285 151.554 5
    endloop
  endfacet
  facet normal -0.397347 -0.917668 0
    outer loop
      vertex 38.6372 170.362 9
      vertex 39.5379 169.972 22.2
      vertex 38.6372 170.362 22.2
    endloop
  endfacet
  facet normal -0.397347 -0.917668 -0
    outer loop
      vertex 39.5379 169.972 22.2
      vertex 38.6372 170.362 9
      vertex 39.5379 169.972 9
    endloop
  endfacet
  facet normal 0.523902 -0.474877 0.70712
    outer loop
      vertex 10.3656 164.803 5
      vertex 10.7608 165.239 5
      vertex 7.92892 168.071 9
    endloop
  endfacet
  facet normal 0.421591 0.567646 0.707135
    outer loop
      vertex 11.6693 146.015 5
      vertex 11.1967 146.366 5
      vertex 8.65607 143.27 9
    endloop
  endfacet
  facet normal 0.0350211 0.70619 0.707156
    outer loop
      vertex 15.0981 145 5
      vertex 14.4125 145.034 5
      vertex 14.0198 141.048 9
    endloop
  endfacet
  facet normal 0.970035 0.242967 0
    outer loop
      vertex 5.4306 148.097 22.2
      vertex 5.19215 149.049 9
      vertex 5.19215 149.049 22.2
    endloop
  endfacet
  facet normal 0.970035 0.242967 0
    outer loop
      vertex 5.19215 149.049 9
      vertex 5.4306 148.097 22.2
      vertex 5.4306 148.097 9
    endloop
  endfacet
  facet normal 0.146741 0.989175 -0
    outer loop
      vertex 14.0198 141.048 9
      vertex 13.0491 141.192 22.2
      vertex 14.0198 141.048 22.2
    endloop
  endfacet
  facet normal 0.146741 0.989175 0
    outer loop
      vertex 13.0491 141.192 22.2
      vertex 14.0198 141.048 9
      vertex 13.0491 141.192 9
    endloop
  endfacet
  facet normal 0.103322 -0.699464 0.70716
    outer loop
      vertex 14.4125 166.966 5
      vertex 14.0198 170.952 9
      vertex 13.8303 166.88 5
    endloop
  endfacet
  facet normal 0.048911 -0.998803 0
    outer loop
      vertex 14.0198 170.952 9
      vertex 15 171 22.2
      vertex 14.0198 170.952 22.2
    endloop
  endfacet
  facet normal 0.048911 -0.998803 0
    outer loop
      vertex 15 171 22.2
      vertex 14.0198 170.952 9
      vertex 15 171 9
    endloop
  endfacet
  facet normal -0.23798 0.665864 0.7071
    outer loop
      vertex 41.2874 141.761 9
      vertex 39.7549 145.461 5
      vertex 39.2009 145.263 5
    endloop
  endfacet
  facet normal -0.336336 0.941742 0
    outer loop
      vertex 41.2874 141.761 9
      vertex 40.3634 141.431 22.2
      vertex 41.2874 141.761 22.2
    endloop
  endfacet
  facet normal -0.336336 0.941742 0
    outer loop
      vertex 40.3634 141.431 22.2
      vertex 41.2874 141.761 9
      vertex 40.3634 141.431 9
    endloop
  endfacet
  facet normal -0.302585 0.639104 0.707099
    outer loop
      vertex 41.2874 141.761 9
      vertex 42.1745 142.181 9
      vertex 39.7549 145.461 5
    endloop
  endfacet
  facet normal -0.401585 -0.581938 0.707161
    outer loop
      vertex 38.7676 165.759 5
      vertex 40.396 169.496 9
      vertex 38.2836 166.093 5
    endloop
  endfacet
  facet normal -0.688522 -0.161059 0.707105
    outer loop
      vertex 47.1977 153.278 9
      vertex 44.8585 163.278 9
      vertex 43.2729 152.495 5
    endloop
  endfacet
  facet normal -0.513686 0.857978 0
    outer loop
      vertex 43.0163 142.685 9
      vertex 42.1745 142.181 22.2
      vertex 43.0163 142.685 22.2
    endloop
  endfacet
  facet normal -0.513686 0.857978 0
    outer loop
      vertex 42.1745 142.181 22.2
      vertex 43.0163 142.685 9
      vertex 42.1745 142.181 9
    endloop
  endfacet
  facet normal 0.474834 0.523938 0.707122
    outer loop
      vertex 8.65607 143.27 9
      vertex 11.1967 146.366 5
      vertex 7.92892 143.929 9
    endloop
  endfacet
  facet normal -0.215484 -0.673478 0.707103
    outer loop
      vertex 38.6372 170.362 9
      vertex 37.7027 170.661 9
      vertex 36.6691 166.792 5
    endloop
  endfacet
  facet normal 0.857803 0.513979 0
    outer loop
      vertex 6.6853 145.444 22.2
      vertex 6.18079 146.286 9
      vertex 6.18079 146.286 22.2
    endloop
  endfacet
  facet normal 0.857803 0.513979 0
    outer loop
      vertex 6.18079 146.286 9
      vertex 6.6853 145.444 22.2
      vertex 6.6853 145.444 9
    endloop
  endfacet
  facet normal 0.513727 -0.857954 0
    outer loop
      vertex 9.44429 169.315 9
      vertex 10.286 169.819 22.2
      vertex 9.44429 169.315 22.2
    endloop
  endfacet
  facet normal 0.513727 -0.857954 0
    outer loop
      vertex 10.286 169.819 22.2
      vertex 9.44429 169.315 9
      vertex 10.286 169.819 9
    endloop
  endfacet
  facet normal 0.0345852 -0.70626 0.707108
    outer loop
      vertex 15.0981 167 5
      vertex 15 171 9
      vertex 14.0198 170.952 9
    endloop
  endfacet
  facet normal 0.172194 -0.685821 0.707106
    outer loop
      vertex 13.8303 166.88 5
      vertex 13.0491 170.808 9
      vertex 12.0972 170.569 9
    endloop
  endfacet
  facet normal -0.889063 -0.457786 0
    outer loop
      vertex 44.2271 165.134 9
      vertex 43.7781 166.006 22.2
      vertex 43.7781 166.006 9
    endloop
  endfacet
  facet normal -0.889063 -0.457786 0
    outer loop
      vertex 43.7781 166.006 22.2
      vertex 44.2271 165.134 9
      vertex 44.2271 165.134 22.2
    endloop
  endfacet
  facet normal -0.507864 -0.492016 0.707103
    outer loop
      vertex 42.6351 167.599 9
      vertex 41.9521 168.304 9
      vertex 39.2166 165.379 5
    endloop
  endfacet
  facet normal -0.697637 -0.115359 0.707103
    outer loop
      vertex 43.4285 151.554 5
      vertex 47.1977 153.278 9
      vertex 43.2729 152.495 5
    endloop
  endfacet
  facet normal 0.665756 0.238218 0.707122
    outer loop
      vertex 9.4612 148.706 5
      vertex 9.26297 149.26 5
      vertex 5.7612 147.173 9
    endloop
  endfacet
  facet normal -0.679802 -0.194568 0.707116
    outer loop
      vertex 40.986 162.271 5
      vertex 44.8585 163.278 9
      vertex 40.7971 162.931 5
    endloop
  endfacet
  facet normal -0.688512 -0.161064 0.707114
    outer loop
      vertex 43.2729 152.495 5
      vertex 44.8585 163.278 9
      vertex 40.986 162.271 5
    endloop
  endfacet
  facet normal -0.07963 -0.702564 0.707151
    outer loop
      vertex 36.0937 166.916 5
      vertex 35.7683 170.979 9
      vertex 35.4761 166.986 5
    endloop
  endfacet
  facet normal -0.103339 0.699462 0.707159
    outer loop
      vertex 38.4408 141.048 9
      vertex 38.6302 145.12 5
      vertex 38.0481 145.034 5
    endloop
  endfacet
  facet normal 0.903962 -0.427614 0
    outer loop
      vertex 5.7612 164.827 22.2
      vertex 6.18079 165.714 9
      vertex 6.18079 165.714 22.2
    endloop
  endfacet
  facet normal 0.903962 -0.427614 0
    outer loop
      vertex 6.18079 165.714 9
      vertex 5.7612 164.827 22.2
      vertex 5.7612 164.827 9
    endloop
  endfacet
  facet normal -0.970047 0.242919 0
    outer loop
      vertex 47.03 148.097 9
      vertex 47.2684 149.049 22.2
      vertex 47.2684 149.049 9
    endloop
  endfacet
  facet normal -0.970047 0.242919 0
    outer loop
      vertex 47.2684 149.049 22.2
      vertex 47.03 148.097 9
      vertex 47.03 148.097 22.2
    endloop
  endfacet
  facet normal -0.973715 -0.227771 0
    outer loop
      vertex 47.1977 153.278 9
      vertex 44.8585 163.278 22.2
      vertex 44.8585 163.278 9
    endloop
  endfacet
  facet normal -0.973715 -0.227771 0
    outer loop
      vertex 44.8585 163.278 22.2
      vertex 47.1977 153.278 9
      vertex 47.1977 153.278 22.2
    endloop
  endfacet
  facet normal -0.56859 -0.822621 0
    outer loop
      vertex 40.396 169.496 9
      vertex 41.2033 168.938 22.2
      vertex 40.396 169.496 22.2
    endloop
  endfacet
  facet normal -0.56859 -0.822621 -0
    outer loop
      vertex 41.2033 168.938 22.2
      vertex 40.396 169.496 9
      vertex 41.2033 168.938 9
    endloop
  endfacet
  facet normal 0.941548 -0.336879 0
    outer loop
      vertex 5.4306 163.903 22.2
      vertex 5.7612 164.827 9
      vertex 5.7612 164.827 22.2
    endloop
  endfacet
  facet normal 0.941548 -0.336879 0
    outer loop
      vertex 5.7612 164.827 9
      vertex 5.4306 163.903 22.2
      vertex 5.4306 163.903 9
    endloop
  endfacet
  facet normal 0.706259 -0.0346849 0.707103
    outer loop
      vertex 9 160.902 5
      vertex 9.03369 161.588 5
      vertex 5.04816 161.98 9
    endloop
  endfacet
  facet normal 0.302557 0.639116 0.7071
    outer loop
      vertex 11.1732 141.761 9
      vertex 12.7057 145.461 5
      vertex 10.286 142.181 9
    endloop
  endfacet
  facet normal -0.961343 -0.275354 0
    outer loop
      vertex 44.8585 163.278 9
      vertex 44.5884 164.221 22.2
      vertex 44.5884 164.221 9
    endloop
  endfacet
  facet normal -0.961343 -0.275354 0
    outer loop
      vertex 44.5884 164.221 22.2
      vertex 44.8585 163.278 9
      vertex 44.8585 163.278 22.2
    endloop
  endfacet
  facet normal 0.706255 -0.0347074 0.707106
    outer loop
      vertex 9 160.902 5
      vertex 5.04816 161.98 9
      vertex 5 161 9
    endloop
  endfacet
  facet normal 0 0.707107 0.707107
    outer loop
      vertex 37.3624 145 5
      vertex 15 141 9
      vertex 37.4606 141 9
    endloop
  endfacet
  facet normal 0 0.707107 0.707107
    outer loop
      vertex 15 141 9
      vertex 37.3624 145 5
      vertex 15.0981 145 5
    endloop
  endfacet
  facet normal -0.523849 0.474923 0.707128
    outer loop
      vertex 44.5316 143.929 9
      vertex 45.1907 144.656 9
      vertex 42.0949 147.197 5
    endloop
  endfacet
  facet normal 0.103322 0.699464 0.70716
    outer loop
      vertex 14.0198 141.048 9
      vertex 14.4125 145.034 5
      vertex 13.8303 145.12 5
    endloop
  endfacet
  facet normal 0.80312 0.595817 0
    outer loop
      vertex 7.2699 144.656 22.2
      vertex 6.6853 145.444 9
      vertex 6.6853 145.444 22.2
    endloop
  endfacet
  facet normal 0.80312 0.595817 0
    outer loop
      vertex 6.6853 145.444 9
      vertex 7.2699 144.656 22.2
      vertex 7.2699 144.656 9
    endloop
  endfacet
  facet normal -0.740857 0.671663 0
    outer loop
      vertex 44.5316 143.929 9
      vertex 45.1907 144.656 22.2
      vertex 45.1907 144.656 9
    endloop
  endfacet
  facet normal -0.740857 0.671663 0
    outer loop
      vertex 45.1907 144.656 22.2
      vertex 44.5316 143.929 9
      vertex 44.5316 143.929 22.2
    endloop
  endfacet
  facet normal -0.427916 0.903819 0
    outer loop
      vertex 42.1745 142.181 9
      vertex 41.2874 141.761 22.2
      vertex 42.1745 142.181 22.2
    endloop
  endfacet
  facet normal -0.427916 0.903819 0
    outer loop
      vertex 41.2874 141.761 22.2
      vertex 42.1745 142.181 9
      vertex 41.2874 141.761 9
    endloop
  endfacet
  facet normal -0.172193 0.685819 0.707108
    outer loop
      vertex 39.4115 141.192 9
      vertex 40.3634 141.431 9
      vertex 38.6302 145.12 5
    endloop
  endfacet
  facet normal -0.718224 -0.695812 0
    outer loop
      vertex 42.6351 167.599 9
      vertex 41.9521 168.304 22.2
      vertex 41.9521 168.304 9
    endloop
  endfacet
  facet normal -0.718224 -0.695812 0
    outer loop
      vertex 41.9521 168.304 22.2
      vertex 42.6351 167.599 9
      vertex 42.6351 167.599 22.2
    endloop
  endfacet
  facet normal 0.0350211 -0.70619 0.707156
    outer loop
      vertex 14.4125 166.966 5
      vertex 15.0981 167 5
      vertex 14.0198 170.952 9
    endloop
  endfacet
  facet normal 0.639232 -0.302278 0.707114
    outer loop
      vertex 9.4612 163.294 5
      vertex 9.71277 163.826 5
      vertex 6.18079 165.714 9
    endloop
  endfacet
  facet normal 0.639182 0.302361 0.707124
    outer loop
      vertex 6.18079 146.286 9
      vertex 9.4612 148.706 5
      vertex 5.7612 147.173 9
    endloop
  endfacet
  facet normal -0.628689 -0.3236 0.70713
    outer loop
      vertex 40.5804 163.478 5
      vertex 44.2271 165.134 9
      vertex 40.3112 164.001 5
    endloop
  endfacet
  facet normal 0.941548 0.336879 0
    outer loop
      vertex 5.7612 147.173 22.2
      vertex 5.4306 148.097 9
      vertex 5.4306 148.097 22.2
    endloop
  endfacet
  facet normal 0.941548 0.336879 0
    outer loop
      vertex 5.4306 148.097 9
      vertex 5.7612 147.173 22.2
      vertex 5.7612 147.173 9
    endloop
  endfacet
  facet normal -0.048911 0.998803 0
    outer loop
      vertex 38.4408 141.048 9
      vertex 37.4606 141 22.2
      vertex 38.4408 141.048 22.2
    endloop
  endfacet
  facet normal -0.048911 0.998803 0
    outer loop
      vertex 37.4606 141 22.2
      vertex 38.4408 141.048 9
      vertex 37.4606 141 9
    endloop
  endfacet
  facet normal 0.237833 0.665933 0.707084
    outer loop
      vertex 12.0972 141.431 9
      vertex 13.2597 145.263 5
      vertex 11.1732 141.761 9
    endloop
  endfacet
  facet normal 0.989183 0.146686 0
    outer loop
      vertex 5.19215 149.049 22.2
      vertex 5.04816 150.02 9
      vertex 5.04816 150.02 22.2
    endloop
  endfacet
  facet normal 0.989183 0.146686 0
    outer loop
      vertex 5.04816 150.02 9
      vertex 5.19215 149.049 22.2
      vertex 5.19215 149.049 9
    endloop
  endfacet
  facet normal 0.363258 0.606663 0.70711
    outer loop
      vertex 10.286 142.181 9
      vertex 11.6693 146.015 5
      vertex 9.44429 142.685 9
    endloop
  endfacet
  facet normal 0.243518 0.969896 -0
    outer loop
      vertex 13.0491 141.192 9
      vertex 12.0972 141.431 22.2
      vertex 13.0491 141.192 22.2
    endloop
  endfacet
  facet normal 0.243518 0.969896 0
    outer loop
      vertex 12.0972 141.431 22.2
      vertex 13.0491 141.192 9
      vertex 12.0972 141.431 9
    endloop
  endfacet
  facet normal -0.986595 -0.163191 0
    outer loop
      vertex 47.4124 151.98 9
      vertex 47.1977 153.278 22.2
      vertex 47.1977 153.278 9
    endloop
  endfacet
  facet normal -0.986595 -0.163191 0
    outer loop
      vertex 47.1977 153.278 22.2
      vertex 47.4124 151.98 9
      vertex 47.4124 151.98 22.2
    endloop
  endfacet
  facet normal 1 -0 0
    outer loop
      vertex 5 151 22.2
      vertex 5 161 9
      vertex 5 161 22.2
    endloop
  endfacet
  facet normal 1 0 0
    outer loop
      vertex 5 161 9
      vertex 5 151 22.2
      vertex 5 151 9
    endloop
  endfacet
  facet normal -0.639216 0.302306 0.707116
    outer loop
      vertex 46.2798 146.286 9
      vertex 42.9994 148.706 5
      vertex 42.7478 148.174 5
    endloop
  endfacet
  facet normal -0.149134 -0.691204 0.707104
    outer loop
      vertex 37.7027 170.661 9
      vertex 36.7433 170.868 9
      vertex 36.6691 166.792 5
    endloop
  endfacet
  facet normal 0.513727 0.857954 -0
    outer loop
      vertex 10.286 142.181 9
      vertex 9.44429 142.685 22.2
      vertex 10.286 142.181 22.2
    endloop
  endfacet
  facet normal 0.513727 0.857954 0
    outer loop
      vertex 9.44429 142.685 22.2
      vertex 10.286 142.181 9
      vertex 9.44429 142.685 9
    endloop
  endfacet
  facet normal -0.998793 0.0491243 0
    outer loop
      vertex 47.4124 150.02 9
      vertex 47.4606 151 22.2
      vertex 47.4606 151 9
    endloop
  endfacet
  facet normal -0.998793 0.0491243 0
    outer loop
      vertex 47.4606 151 22.2
      vertex 47.4124 150.02 9
      vertex 47.4124 150.02 22.2
    endloop
  endfacet
  facet normal -0.782755 -0.622331 0
    outer loop
      vertex 43.2457 166.831 9
      vertex 42.6351 167.599 22.2
      vertex 42.6351 167.599 9
    endloop
  endfacet
  facet normal -0.782755 -0.622331 0
    outer loop
      vertex 42.6351 167.599 22.2
      vertex 43.2457 166.831 9
      vertex 43.2457 166.831 22.2
    endloop
  endfacet
  facet normal -0.14896 -0.691224 0.707121
    outer loop
      vertex 36.6691 166.792 5
      vertex 36.7433 170.868 9
      vertex 36.0937 166.916 5
    endloop
  endfacet
  facet normal 0.523882 -0.474895 0.707123
    outer loop
      vertex 10.3656 164.803 5
      vertex 7.92892 168.071 9
      vertex 7.2699 167.344 9
    endloop
  endfacet
  facet normal 0.740898 -0.671618 0
    outer loop
      vertex 7.2699 167.344 22.2
      vertex 7.92892 168.071 9
      vertex 7.92892 168.071 22.2
    endloop
  endfacet
  facet normal 0.740898 -0.671618 0
    outer loop
      vertex 7.92892 168.071 9
      vertex 7.2699 167.344 22.2
      vertex 7.2699 167.344 9
    endloop
  endfacet
  facet normal -0.0799836 -0.702558 0.707117
    outer loop
      vertex 36.0937 166.916 5
      vertex 36.7433 170.868 9
      vertex 35.7683 170.979 9
    endloop
  endfacet
  facet normal 0.998795 -0.0490836 0
    outer loop
      vertex 5 161 22.2
      vertex 5.04816 161.98 9
      vertex 5.04816 161.98 22.2
    endloop
  endfacet
  facet normal 0.998795 -0.0490836 0
    outer loop
      vertex 5.04816 161.98 9
      vertex 5 161 22.2
      vertex 5 161 9
    endloop
  endfacet
  facet normal 0.243518 -0.969896 0
    outer loop
      vertex 12.0972 170.569 9
      vertex 13.0491 170.808 22.2
      vertex 12.0972 170.569 22.2
    endloop
  endfacet
  facet normal 0.243518 -0.969896 0
    outer loop
      vertex 13.0491 170.808 22.2
      vertex 12.0972 170.569 9
      vertex 13.0491 170.808 9
    endloop
  endfacet
  facet normal 0.421414 -0.567806 0.707111
    outer loop
      vertex 11.6693 165.985 5
      vertex 9.44429 169.315 9
      vertex 8.65607 168.73 9
    endloop
  endfacet
  facet normal 0.699461 0.103723 0.707104
    outer loop
      vertex 5.19215 149.049 9
      vertex 9.12004 149.83 5
      vertex 5.04816 150.02 9
    endloop
  endfacet
  facet normal 0.336336 0.941742 -0
    outer loop
      vertex 12.0972 141.431 9
      vertex 11.1732 141.761 22.2
      vertex 12.0972 141.431 22.2
    endloop
  endfacet
  facet normal 0.336336 0.941742 0
    outer loop
      vertex 11.1732 141.761 22.2
      vertex 12.0972 141.431 9
      vertex 11.1732 141.761 9
    endloop
  endfacet
  facet normal -0.64618 -0.763185 0
    outer loop
      vertex 41.2033 168.938 9
      vertex 41.9521 168.304 22.2
      vertex 41.2033 168.938 22.2
    endloop
  endfacet
  facet normal -0.64618 -0.763185 -0
    outer loop
      vertex 41.9521 168.304 22.2
      vertex 41.2033 168.938 9
      vertex 41.9521 168.304 9
    endloop
  endfacet
  facet normal -0.023578 -0.706667 0.707153
    outer loop
      vertex 35.4761 166.986 5
      vertex 35.7683 170.979 9
      vertex 35.0565 167 5
    endloop
  endfacet
  facet normal -0.0229424 -0.706735 0.707107
    outer loop
      vertex 35.7683 170.979 9
      vertex 35.1214 171 9
      vertex 35.0565 167 5
    endloop
  endfacet
  facet normal -0.48508 -0.87447 0
    outer loop
      vertex 39.5379 169.972 9
      vertex 40.396 169.496 22.2
      vertex 39.5379 169.972 22.2
    endloop
  endfacet
  facet normal -0.48508 -0.87447 -0
    outer loop
      vertex 40.396 169.496 22.2
      vertex 39.5379 169.972 9
      vertex 40.396 169.496 9
    endloop
  endfacet
  facet normal -0.280968 -0.648892 0.707104
    outer loop
      vertex 39.5379 169.972 9
      vertex 38.6372 170.362 9
      vertex 37.7692 166.379 5
    endloop
  endfacet
  facet normal 0.171902 0.685925 0.707076
    outer loop
      vertex 13.8303 145.12 5
      vertex 13.2597 145.263 5
      vertex 12.0972 141.431 9
    endloop
  endfacet
  facet normal -0.456798 -0.539743 0.707116
    outer loop
      vertex 39.2166 165.379 5
      vertex 41.2033 168.938 9
      vertex 38.7676 165.759 5
    endloop
  endfacet
  facet normal -0.553454 -0.440025 0.707154
    outer loop
      vertex 43.2457 166.831 9
      vertex 42.6351 167.599 9
      vertex 39.9921 164.495 5
    endloop
  endfacet
  facet normal 0.970035 -0.242967 0
    outer loop
      vertex 5.19215 162.951 22.2
      vertex 5.4306 163.903 9
      vertex 5.4306 163.903 22.2
    endloop
  endfacet
  facet normal 0.970035 -0.242967 0
    outer loop
      vertex 5.4306 163.903 9
      vertex 5.19215 162.951 22.2
      vertex 5.19215 162.951 9
    endloop
  endfacet
  facet normal 0.685859 0.171982 0.70712
    outer loop
      vertex 9.26297 149.26 5
      vertex 9.12004 149.83 5
      vertex 5.4306 148.097 9
    endloop
  endfacet
  facet normal 0.639182 -0.302361 0.707124
    outer loop
      vertex 9.4612 163.294 5
      vertex 6.18079 165.714 9
      vertex 5.7612 164.827 9
    endloop
  endfacet
  facet normal 0.172194 0.685821 0.707106
    outer loop
      vertex 13.0491 141.192 9
      vertex 13.8303 145.12 5
      vertex 12.0972 141.431 9
    endloop
  endfacet
  facet normal -0.171874 0.685933 0.707075
    outer loop
      vertex 40.3634 141.431 9
      vertex 39.2009 145.263 5
      vertex 38.6302 145.12 5
    endloop
  endfacet
  facet normal -0.941548 0.336879 0
    outer loop
      vertex 46.6994 147.173 9
      vertex 47.03 148.097 22.2
      vertex 47.03 148.097 9
    endloop
  endfacet
  facet normal -0.941548 0.336879 0
    outer loop
      vertex 47.03 148.097 22.2
      vertex 46.6994 147.173 9
      vertex 46.6994 147.173 22.2
    endloop
  endfacet
  facet normal -0.857807 0.513971 0
    outer loop
      vertex 45.7753 145.444 9
      vertex 46.2798 146.286 22.2
      vertex 46.2798 146.286 9
    endloop
  endfacet
  facet normal -0.857807 0.513971 0
    outer loop
      vertex 46.2798 146.286 22.2
      vertex 45.7753 145.444 9
      vertex 45.7753 145.444 22.2
    endloop
  endfacet
  facet normal -0.671556 0.740954 0
    outer loop
      vertex 44.5316 143.929 9
      vertex 43.8045 143.27 22.2
      vertex 44.5316 143.929 22.2
    endloop
  endfacet
  facet normal -0.671556 0.740954 0
    outer loop
      vertex 43.8045 143.27 22.2
      vertex 44.5316 143.929 9
      vertex 43.8045 143.27 9
    endloop
  endfacet
  facet normal -0.80312 0.595817 0
    outer loop
      vertex 45.1907 144.656 9
      vertex 45.7753 145.444 22.2
      vertex 45.7753 145.444 9
    endloop
  endfacet
  facet normal -0.80312 0.595817 0
    outer loop
      vertex 45.7753 145.444 22.2
      vertex 45.1907 144.656 9
      vertex 45.1907 144.656 22.2
    endloop
  endfacet
  facet normal 0.989183 -0.146686 0
    outer loop
      vertex 5.04816 161.98 22.2
      vertex 5.19215 162.951 9
      vertex 5.19215 162.951 22.2
    endloop
  endfacet
  facet normal 0.989183 -0.146686 0
    outer loop
      vertex 5.19215 162.951 9
      vertex 5.04816 161.98 22.2
      vertex 5.04816 161.98 9
    endloop
  endfacet
  facet normal 0.998795 0.0490836 0
    outer loop
      vertex 5.04816 150.02 22.2
      vertex 5 151 9
      vertex 5 151 22.2
    endloop
  endfacet
  facet normal 0.998795 0.0490836 0
    outer loop
      vertex 5 151 9
      vertex 5.04816 150.02 22.2
      vertex 5.04816 150.02 9
    endloop
  endfacet
  facet normal -0.567674 0.421546 0.707139
    outer loop
      vertex 45.1907 144.656 9
      vertex 42.4454 147.669 5
      vertex 42.0949 147.197 5
    endloop
  endfacet
  facet normal -0.567891 0.421306 0.707107
    outer loop
      vertex 45.1907 144.656 9
      vertex 45.7753 145.444 9
      vertex 42.4454 147.669 5
    endloop
  endfacet
  facet normal -0.304739 -0.952436 0
    outer loop
      vertex 37.7027 170.661 9
      vertex 38.6372 170.362 22.2
      vertex 37.7027 170.661 22.2
    endloop
  endfacet
  facet normal -0.304739 -0.952436 -0
    outer loop
      vertex 38.6372 170.362 22.2
      vertex 37.7027 170.661 9
      vertex 38.6372 170.362 9
    endloop
  endfacet
  facet normal 0.707107 0 0.707107
    outer loop
      vertex 5 161 9
      vertex 9 151.098 5
      vertex 9 160.902 5
    endloop
  endfacet
  facet normal 0.707107 0 0.707107
    outer loop
      vertex 9 151.098 5
      vertex 5 161 9
      vertex 5 151 9
    endloop
  endfacet
  facet normal 0.706255 0.0347074 0.707106
    outer loop
      vertex 5.04816 150.02 9
      vertex 9 151.098 5
      vertex 5 151 9
    endloop
  endfacet
  facet normal -0.456921 -0.539657 0.707102
    outer loop
      vertex 41.9521 168.304 9
      vertex 41.2033 168.938 9
      vertex 39.2166 165.379 5
    endloop
  endfacet
  facet normal 0.474834 -0.523938 0.707122
    outer loop
      vertex 11.1967 165.634 5
      vertex 8.65607 168.73 9
      vertex 7.92892 168.071 9
    endloop
  endfacet
  facet normal -0.595983 0.802997 0
    outer loop
      vertex 43.8045 143.27 9
      vertex 43.0163 142.685 22.2
      vertex 43.8045 143.27 22.2
    endloop
  endfacet
  facet normal -0.595983 0.802997 0
    outer loop
      vertex 43.0163 142.685 22.2
      vertex 43.8045 143.27 9
      vertex 43.0163 142.685 9
    endloop
  endfacet
  facet normal -0.421421 0.567802 0.707111
    outer loop
      vertex 43.0163 142.685 9
      vertex 43.8045 143.27 9
      vertex 40.7913 146.015 5
    endloop
  endfacet
  facet normal 0.427876 -0.903837 0
    outer loop
      vertex 10.286 169.819 9
      vertex 11.1732 170.239 22.2
      vertex 10.286 169.819 22.2
    endloop
  endfacet
  facet normal 0.427876 -0.903837 0
    outer loop
      vertex 11.1732 170.239 22.2
      vertex 10.286 169.819 9
      vertex 11.1732 170.239 9
    endloop
  endfacet
  facet normal 0.171902 -0.685925 0.707076
    outer loop
      vertex 13.2597 166.737 5
      vertex 13.8303 166.88 5
      vertex 12.0972 170.569 9
    endloop
  endfacet
  facet normal 0.80312 -0.595817 0
    outer loop
      vertex 6.6853 166.556 22.2
      vertex 7.2699 167.344 9
      vertex 7.2699 167.344 22.2
    endloop
  endfacet
  facet normal 0.80312 -0.595817 0
    outer loop
      vertex 7.2699 167.344 9
      vertex 6.6853 166.556 22.2
      vertex 6.6853 166.556 9
    endloop
  endfacet
  facet normal -0.989182 0.146696 0
    outer loop
      vertex 47.2684 149.049 9
      vertex 47.4124 150.02 22.2
      vertex 47.4124 150.02 9
    endloop
  endfacet
  facet normal -0.989182 0.146696 0
    outer loop
      vertex 47.4124 150.02 22.2
      vertex 47.2684 149.049 9
      vertex 47.2684 149.049 22.2
    endloop
  endfacet
  facet normal -0.210907 -0.977506 0
    outer loop
      vertex 36.7433 170.868 9
      vertex 37.7027 170.661 22.2
      vertex 36.7433 170.868 22.2
    endloop
  endfacet
  facet normal -0.210907 -0.977506 -0
    outer loop
      vertex 37.7027 170.661 22.2
      vertex 36.7433 170.868 9
      vertex 37.7027 170.661 9
    endloop
  endfacet
  facet normal -0.62865 -0.323697 0.70712
    outer loop
      vertex 44.2271 165.134 9
      vertex 43.7781 166.006 9
      vertex 40.3112 164.001 5
    endloop
  endfacet
  facet normal 0.474806 -0.523969 0.707118
    outer loop
      vertex 10.7608 165.239 5
      vertex 11.1967 165.634 5
      vertex 7.92892 168.071 9
    endloop
  endfacet
  facet normal 0.427876 0.903837 -0
    outer loop
      vertex 11.1732 141.761 9
      vertex 10.286 142.181 22.2
      vertex 11.1732 141.761 22.2
    endloop
  endfacet
  facet normal 0.427876 0.903837 0
    outer loop
      vertex 10.286 142.181 22.2
      vertex 11.1732 141.761 9
      vertex 10.286 142.181 9
    endloop
  endfacet
  facet normal -0.665768 0.238186 0.707121
    outer loop
      vertex 46.6994 147.173 9
      vertex 43.1976 149.26 5
      vertex 42.9994 148.706 5
    endloop
  endfacet
  facet normal 0.363178 -0.6067 0.707118
    outer loop
      vertex 11.6693 165.985 5
      vertex 12.1738 166.287 5
      vertex 10.286 169.819 9
    endloop
  endfacet
  facet normal 0.606627 -0.363292 0.707123
    outer loop
      vertex 9.71277 163.826 5
      vertex 10.0152 164.331 5
      vertex 6.18079 165.714 9
    endloop
  endfacet
  facet normal -0.523968 0.474816 0.707112
    outer loop
      vertex 44.5316 143.929 9
      vertex 42.0949 147.197 5
      vertex 41.6998 146.761 5
    endloop
  endfacet
  facet normal 0.685859 -0.171982 0.70712
    outer loop
      vertex 9.12004 162.17 5
      vertex 9.26297 162.74 5
      vertex 5.4306 163.903 9
    endloop
  endfacet
  facet normal 0.685923 -0.171805 0.707102
    outer loop
      vertex 9.12004 162.17 5
      vertex 5.4306 163.903 9
      vertex 5.19215 162.951 9
    endloop
  endfacet
  facet normal -0.65748 -0.260184 0.707124
    outer loop
      vertex 44.5884 164.221 9
      vertex 44.2271 165.134 9
      vertex 40.5804 163.478 5
    endloop
  endfacet
  facet normal -0.402052 -0.581679 0.707109
    outer loop
      vertex 41.2033 168.938 9
      vertex 40.396 169.496 9
      vertex 38.7676 165.759 5
    endloop
  endfacet
  facet normal -0.706269 0.0345927 0.707098
    outer loop
      vertex 47.4124 150.02 9
      vertex 43.4557 151 5
      vertex 43.4269 150.412 5
    endloop
  endfacet
  facet normal 0.336336 -0.941742 0
    outer loop
      vertex 11.1732 170.239 9
      vertex 12.0972 170.569 22.2
      vertex 11.1732 170.239 22.2
    endloop
  endfacet
  facet normal 0.336336 -0.941742 0
    outer loop
      vertex 12.0972 170.569 22.2
      vertex 11.1732 170.239 9
      vertex 12.0972 170.569 9
    endloop
  endfacet
  facet normal 0.237833 -0.665933 0.707084
    outer loop
      vertex 13.2597 166.737 5
      vertex 12.0972 170.569 9
      vertex 11.1732 170.239 9
    endloop
  endfacet
  facet normal 0.363258 -0.606663 0.70711
    outer loop
      vertex 11.6693 165.985 5
      vertex 10.286 169.819 9
      vertex 9.44429 169.315 9
    endloop
  endfacet
  facet normal -0.706247 0.0347358 0.707113
    outer loop
      vertex 47.4124 150.02 9
      vertex 47.4606 151 9
      vertex 43.4557 151 5
    endloop
  endfacet
  facet normal -0.706247 -0.0347358 0.707113
    outer loop
      vertex 47.4606 151 9
      vertex 47.4124 151.98 9
      vertex 43.4557 151 5
    endloop
  endfacet
  facet normal 0.639232 0.302278 0.707114
    outer loop
      vertex 9.71277 148.174 5
      vertex 9.4612 148.706 5
      vertex 6.18079 146.286 9
    endloop
  endfacet
  facet normal 0.706259 0.0346849 0.707103
    outer loop
      vertex 9.03369 150.412 5
      vertex 9 151.098 5
      vertex 5.04816 150.02 9
    endloop
  endfacet
  facet normal 0.671531 0.740977 -0
    outer loop
      vertex 8.65607 143.27 9
      vertex 7.92892 143.929 22.2
      vertex 8.65607 143.27 22.2
    endloop
  endfacet
  facet normal 0.671531 0.740977 0
    outer loop
      vertex 7.92892 143.929 22.2
      vertex 8.65607 143.27 9
      vertex 7.92892 143.929 9
    endloop
  endfacet
  facet normal 0.523882 0.474895 0.707123
    outer loop
      vertex 7.92892 143.929 9
      vertex 10.3656 147.197 5
      vertex 7.2699 144.656 9
    endloop
  endfacet
  facet normal -0.840231 -0.542229 0
    outer loop
      vertex 43.7781 166.006 9
      vertex 43.2457 166.831 22.2
      vertex 43.2457 166.831 9
    endloop
  endfacet
  facet normal -0.840231 -0.542229 0
    outer loop
      vertex 43.2457 166.831 22.2
      vertex 43.7781 166.006 9
      vertex 43.7781 166.006 22.2
    endloop
  endfacet
  facet normal 0.567739 0.421474 0.707129
    outer loop
      vertex 10.3656 147.197 5
      vertex 10.0152 147.669 5
      vertex 7.2699 144.656 9
    endloop
  endfacet
  facet normal -0.685929 0.171771 0.707104
    outer loop
      vertex 47.03 148.097 9
      vertex 47.2684 149.049 9
      vertex 43.3405 149.83 5
    endloop
  endfacet
  facet normal -0.699459 0.10373 0.707105
    outer loop
      vertex 47.2684 149.049 9
      vertex 47.4124 150.02 9
      vertex 43.3405 149.83 5
    endloop
  endfacet
  facet normal -0.903958 0.427622 0
    outer loop
      vertex 46.2798 146.286 9
      vertex 46.6994 147.173 22.2
      vertex 46.6994 147.173 9
    endloop
  endfacet
  facet normal -0.903958 0.427622 0
    outer loop
      vertex 46.6994 147.173 22.2
      vertex 46.2798 146.286 9
      vertex 46.2798 146.286 22.2
    endloop
  endfacet
  facet normal -0.593928 -0.383649 0.707152
    outer loop
      vertex 40.3112 164.001 5
      vertex 43.2457 166.831 9
      vertex 39.9921 164.495 5
    endloop
  endfacet
  facet normal -0.47475 0.524028 0.707111
    outer loop
      vertex 44.5316 143.929 9
      vertex 41.6998 146.761 5
      vertex 41.2638 146.366 5
    endloop
  endfacet
  facet normal 0.606627 0.363292 0.707123
    outer loop
      vertex 10.0152 147.669 5
      vertex 9.71277 148.174 5
      vertex 6.18079 146.286 9
    endloop
  endfacet
  facet normal -0.66576 0.238204 0.707123
    outer loop
      vertex 46.6994 147.173 9
      vertex 47.03 148.097 9
      vertex 43.1976 149.26 5
    endloop
  endfacet
  facet normal 0.857803 -0.513979 0
    outer loop
      vertex 6.18079 165.714 22.2
      vertex 6.6853 166.556 9
      vertex 6.6853 166.556 22.2
    endloop
  endfacet
  facet normal 0.857803 -0.513979 0
    outer loop
      vertex 6.6853 166.556 9
      vertex 6.18079 165.714 22.2
      vertex 6.18079 165.714 9
    endloop
  endfacet
  facet normal 0.606558 0.363438 0.707107
    outer loop
      vertex 6.6853 145.444 9
      vertex 10.0152 147.669 5
      vertex 6.18079 146.286 9
    endloop
  endfacet
  facet normal 0.567891 0.421306 0.707107
    outer loop
      vertex 7.2699 144.656 9
      vertex 10.0152 147.669 5
      vertex 6.6853 145.444 9
    endloop
  endfacet
  facet normal -0.280013 -0.649198 0.707202
    outer loop
      vertex 37.7692 166.379 5
      vertex 38.6372 170.362 9
      vertex 37.229 166.612 5
    endloop
  endfacet
  facet normal 0.665756 -0.238218 0.707122
    outer loop
      vertex 9.26297 162.74 5
      vertex 9.4612 163.294 5
      vertex 5.7612 164.827 9
    endloop
  endfacet
  facet normal 0.665763 -0.238205 0.70712
    outer loop
      vertex 9.26297 162.74 5
      vertex 5.7612 164.827 9
      vertex 5.4306 163.903 9
    endloop
  endfacet
  facet normal 0.595973 -0.803005 0
    outer loop
      vertex 8.65607 168.73 9
      vertex 9.44429 169.315 22.2
      vertex 8.65607 168.73 22.2
    endloop
  endfacet
  facet normal 0.595973 -0.803005 0
    outer loop
      vertex 9.44429 169.315 22.2
      vertex 8.65607 168.73 9
      vertex 9.44429 169.315 9
    endloop
  endfacet
  facet normal -0.508134 -0.491677 0.707145
    outer loop
      vertex 39.6259 164.956 5
      vertex 42.6351 167.599 9
      vertex 39.2166 165.379 5
    endloop
  endfacet
  facet normal -0.553664 -0.439808 0.707125
    outer loop
      vertex 39.9921 164.495 5
      vertex 42.6351 167.599 9
      vertex 39.6259 164.956 5
    endloop
  endfacet
  facet normal -0.63918 0.302367 0.707123
    outer loop
      vertex 46.2798 146.286 9
      vertex 46.6994 147.173 9
      vertex 42.9994 148.706 5
    endloop
  endfacet
  facet normal -0.685866 0.171948 0.707122
    outer loop
      vertex 47.03 148.097 9
      vertex 43.3405 149.83 5
      vertex 43.1976 149.26 5
    endloop
  endfacet
  facet normal 0.665763 0.238205 0.70712
    outer loop
      vertex 5.7612 147.173 9
      vertex 9.26297 149.26 5
      vertex 5.4306 148.097 9
    endloop
  endfacet
  facet normal 0.685923 0.171805 0.707102
    outer loop
      vertex 5.4306 148.097 9
      vertex 9.12004 149.83 5
      vertex 5.19215 149.049 9
    endloop
  endfacet
  facet normal 0 0 1
    outer loop
      vertex 43.4285 151.554 5
      vertex 43.4269 150.412 5
      vertex 43.4557 151 5
    endloop
  endfacet
  facet normal 0 0 1
    outer loop
      vertex 43.4285 151.554 5
      vertex 43.3405 149.83 5
      vertex 43.4269 150.412 5
    endloop
  endfacet
  facet normal 0 0 1
    outer loop
      vertex 43.2729 152.495 5
      vertex 43.3405 149.83 5
      vertex 43.4285 151.554 5
    endloop
  endfacet
  facet normal 0 0 1
    outer loop
      vertex 43.2729 152.495 5
      vertex 43.1976 149.26 5
      vertex 43.3405 149.83 5
    endloop
  endfacet
  facet normal 0 0 1
    outer loop
      vertex 43.2729 152.495 5
      vertex 42.9994 148.706 5
      vertex 43.1976 149.26 5
    endloop
  endfacet
  facet normal 0 0 1
    outer loop
      vertex 43.2729 152.495 5
      vertex 42.7478 148.174 5
      vertex 42.9994 148.706 5
    endloop
  endfacet
  facet normal 0 0 1
    outer loop
      vertex 43.2729 152.495 5
      vertex 42.4454 147.669 5
      vertex 42.7478 148.174 5
    endloop
  endfacet
  facet normal 0 0 1
    outer loop
      vertex 43.2729 152.495 5
      vertex 42.0949 147.197 5
      vertex 42.4454 147.669 5
    endloop
  endfacet
  facet normal 0 0 1
    outer loop
      vertex 43.2729 152.495 5
      vertex 41.6998 146.761 5
      vertex 42.0949 147.197 5
    endloop
  endfacet
  facet normal 0 0 1
    outer loop
      vertex 43.2729 152.495 5
      vertex 41.2638 146.366 5
      vertex 41.6998 146.761 5
    endloop
  endfacet
  facet normal 0 0 1
    outer loop
      vertex 37.3624 145 5
      vertex 43.2729 152.495 5
      vertex 40.986 162.271 5
    endloop
  endfacet
  facet normal 0 0 1
    outer loop
      vertex 35.0565 167 5
      vertex 40.986 162.271 5
      vertex 40.7971 162.931 5
    endloop
  endfacet
  facet normal 0 0 1
    outer loop
      vertex 43.2729 152.495 5
      vertex 37.3624 145 5
      vertex 41.2638 146.366 5
    endloop
  endfacet
  facet normal 0 0 1
    outer loop
      vertex 35.0565 167 5
      vertex 40.7971 162.931 5
      vertex 40.5804 163.478 5
    endloop
  endfacet
  facet normal 0 0 1
    outer loop
      vertex 35.0565 167 5
      vertex 40.5804 163.478 5
      vertex 40.3112 164.001 5
    endloop
  endfacet
  facet normal 0 0 1
    outer loop
      vertex 41.2638 146.366 5
      vertex 37.3624 145 5
      vertex 40.7913 146.015 5
    endloop
  endfacet
  facet normal 0 0 1
    outer loop
      vertex 35.0565 167 5
      vertex 40.3112 164.001 5
      vertex 39.9921 164.495 5
    endloop
  endfacet
  facet normal 0 0 1
    outer loop
      vertex 40.7913 146.015 5
      vertex 37.3624 145 5
      vertex 40.2868 145.713 5
    endloop
  endfacet
  facet normal 0 0 1
    outer loop
      vertex 35.0565 167 5
      vertex 39.9921 164.495 5
      vertex 39.6259 164.956 5
    endloop
  endfacet
  facet normal 0 0 1
    outer loop
      vertex 35.0565 167 5
      vertex 39.6259 164.956 5
      vertex 39.2166 165.379 5
    endloop
  endfacet
  facet normal 0 0 1
    outer loop
      vertex 40.2868 145.713 5
      vertex 37.3624 145 5
      vertex 39.7549 145.461 5
    endloop
  endfacet
  facet normal 0 0 1
    outer loop
      vertex 35.0565 167 5
      vertex 39.2166 165.379 5
      vertex 38.7676 165.759 5
    endloop
  endfacet
  facet normal 0 0 1
    outer loop
      vertex 39.7549 145.461 5
      vertex 37.3624 145 5
      vertex 39.2009 145.263 5
    endloop
  endfacet
  facet normal 0 0 1
    outer loop
      vertex 35.0565 167 5
      vertex 38.7676 165.759 5
      vertex 38.2836 166.093 5
    endloop
  endfacet
  facet normal 0 0 1
    outer loop
      vertex 39.2009 145.263 5
      vertex 37.3624 145 5
      vertex 38.6302 145.12 5
    endloop
  endfacet
  facet normal 0 0 1
    outer loop
      vertex 35.0565 167 5
      vertex 38.2836 166.093 5
      vertex 37.7692 166.379 5
    endloop
  endfacet
  facet normal 0 0 1
    outer loop
      vertex 38.6302 145.12 5
      vertex 37.3624 145 5
      vertex 38.0481 145.034 5
    endloop
  endfacet
  facet normal 0 0 1
    outer loop
      vertex 35.0565 167 5
      vertex 37.7692 166.379 5
      vertex 37.229 166.612 5
    endloop
  endfacet
  facet normal 0 0 1
    outer loop
      vertex 35.0565 167 5
      vertex 37.229 166.612 5
      vertex 36.6691 166.792 5
    endloop
  endfacet
  facet normal 0 0 1
    outer loop
      vertex 35.0565 167 5
      vertex 36.6691 166.792 5
      vertex 36.0937 166.916 5
    endloop
  endfacet
  facet normal 0 0 1
    outer loop
      vertex 35.0565 167 5
      vertex 36.0937 166.916 5
      vertex 35.4761 166.986 5
    endloop
  endfacet
  facet normal 0 0 1
    outer loop
      vertex 40.986 162.271 5
      vertex 35.0565 167 5
      vertex 37.3624 145 5
    endloop
  endfacet
  facet normal 0 0 1
    outer loop
      vertex 15.0981 145 5
      vertex 35.0565 167 5
      vertex 15.0981 167 5
    endloop
  endfacet
  facet normal 0 0 1
    outer loop
      vertex 35.0565 167 5
      vertex 15.0981 145 5
      vertex 37.3624 145 5
    endloop
  endfacet
  facet normal 0 0 1
    outer loop
      vertex 9 160.902 5
      vertex 15.0981 167 5
      vertex 14.4125 166.966 5
    endloop
  endfacet
  facet normal 0 0 1
    outer loop
      vertex 15.0981 167 5
      vertex 9 160.902 5
      vertex 15.0981 145 5
    endloop
  endfacet
  facet normal 0 0 1
    outer loop
      vertex 9 160.902 5
      vertex 14.4125 166.966 5
      vertex 13.8303 166.88 5
    endloop
  endfacet
  facet normal -0 0 1
    outer loop
      vertex 9 151.098 5
      vertex 15.0981 145 5
      vertex 9 160.902 5
    endloop
  endfacet
  facet normal 0 0 1
    outer loop
      vertex 9 160.902 5
      vertex 13.8303 166.88 5
      vertex 13.2597 166.737 5
    endloop
  endfacet
  facet normal 0 0 1
    outer loop
      vertex 15.0981 145 5
      vertex 9 151.098 5
      vertex 14.4125 145.034 5
    endloop
  endfacet
  facet normal 0 0 1
    outer loop
      vertex 9 160.902 5
      vertex 13.2597 166.737 5
      vertex 12.7057 166.539 5
    endloop
  endfacet
  facet normal 0 0 1
    outer loop
      vertex 14.4125 145.034 5
      vertex 9 151.098 5
      vertex 13.8303 145.12 5
    endloop
  endfacet
  facet normal 0 0 1
    outer loop
      vertex 9 160.902 5
      vertex 12.7057 166.539 5
      vertex 12.1738 166.287 5
    endloop
  endfacet
  facet normal 0 0 1
    outer loop
      vertex 13.8303 145.12 5
      vertex 9 151.098 5
      vertex 13.2597 145.263 5
    endloop
  endfacet
  facet normal 0 0 1
    outer loop
      vertex 9 160.902 5
      vertex 12.1738 166.287 5
      vertex 11.6693 165.985 5
    endloop
  endfacet
  facet normal 0 0 1
    outer loop
      vertex 13.2597 145.263 5
      vertex 9 151.098 5
      vertex 12.7057 145.461 5
    endloop
  endfacet
  facet normal 0 0 1
    outer loop
      vertex 9 160.902 5
      vertex 11.6693 165.985 5
      vertex 11.1967 165.634 5
    endloop
  endfacet
  facet normal 0 0 1
    outer loop
      vertex 12.7057 145.461 5
      vertex 9 151.098 5
      vertex 12.1738 145.713 5
    endloop
  endfacet
  facet normal 0 0 1
    outer loop
      vertex 9 160.902 5
      vertex 11.1967 165.634 5
      vertex 10.7608 165.239 5
    endloop
  endfacet
  facet normal 0 0 1
    outer loop
      vertex 12.1738 145.713 5
      vertex 9 151.098 5
      vertex 11.6693 146.015 5
    endloop
  endfacet
  facet normal 0 0 1
    outer loop
      vertex 9 160.902 5
      vertex 10.7608 165.239 5
      vertex 10.3656 164.803 5
    endloop
  endfacet
  facet normal 0 0 1
    outer loop
      vertex 11.6693 146.015 5
      vertex 9 151.098 5
      vertex 11.1967 146.366 5
    endloop
  endfacet
  facet normal 0 0 1
    outer loop
      vertex 9 160.902 5
      vertex 10.3656 164.803 5
      vertex 10.0152 164.331 5
    endloop
  endfacet
  facet normal 0 0 1
    outer loop
      vertex 11.1967 146.366 5
      vertex 9 151.098 5
      vertex 10.7608 146.761 5
    endloop
  endfacet
  facet normal 0 0 1
    outer loop
      vertex 9 160.902 5
      vertex 10.0152 164.331 5
      vertex 9.71277 163.826 5
    endloop
  endfacet
  facet normal 0 0 1
    outer loop
      vertex 10.7608 146.761 5
      vertex 9 151.098 5
      vertex 10.3656 147.197 5
    endloop
  endfacet
  facet normal 0 0 1
    outer loop
      vertex 9 160.902 5
      vertex 9.71277 163.826 5
      vertex 9.4612 163.294 5
    endloop
  endfacet
  facet normal 0 0 1
    outer loop
      vertex 10.3656 147.197 5
      vertex 9 151.098 5
      vertex 10.0152 147.669 5
    endloop
  endfacet
  facet normal 0 0 1
    outer loop
      vertex 9 160.902 5
      vertex 9.4612 163.294 5
      vertex 9.26297 162.74 5
    endloop
  endfacet
  facet normal 0 0 1
    outer loop
      vertex 10.0152 147.669 5
      vertex 9 151.098 5
      vertex 9.71277 148.174 5
    endloop
  endfacet
  facet normal 0 0 1
    outer loop
      vertex 9 160.902 5
      vertex 9.26297 162.74 5
      vertex 9.12004 162.17 5
    endloop
  endfacet
  facet normal 0 0 1
    outer loop
      vertex 9.71277 148.174 5
      vertex 9 151.098 5
      vertex 9.4612 148.706 5
    endloop
  endfacet
  facet normal 0 0 1
    outer loop
      vertex 9 160.902 5
      vertex 9.12004 162.17 5
      vertex 9.03369 161.588 5
    endloop
  endfacet
  facet normal 0 0 1
    outer loop
      vertex 9.4612 148.706 5
      vertex 9 151.098 5
      vertex 9.26297 149.26 5
    endloop
  endfacet
  facet normal 0 0 1
    outer loop
      vertex 9.26297 149.26 5
      vertex 9 151.098 5
      vertex 9.12004 149.83 5
    endloop
  endfacet
  facet normal 0 0 1
    outer loop
      vertex 9.12004 149.83 5
      vertex 9 151.098 5
      vertex 9.03369 150.412 5
    endloop
  endfacet
  facet normal 0.699459 0.103777 0.707098
    outer loop
      vertex 9.12004 149.83 5
      vertex 9.03369 150.412 5
      vertex 5.04816 150.02 9
    endloop
  endfacet
  facet normal -0.302584 0.6391 0.707103
    outer loop
      vertex 33.1003 176.761 9
      vertex 33.9874 177.181 9
      vertex 31.5677 180.461 5
    endloop
  endfacet
  facet normal -0.302743 0.639005 0.707121
    outer loop
      vertex 33.9874 177.181 9
      vertex 32.0996 180.713 5
      vertex 31.5677 180.461 5
    endloop
  endfacet
  facet normal -0.10376 0.699442 0.707117
    outer loop
      vertex 31.2243 176.192 9
      vertex 30.4431 180.12 5
      vertex 30.2536 176.048 9
    endloop
  endfacet
  facet normal -0.685914 0.171839 0.707102
    outer loop
      vertex 38.8428 183.097 9
      vertex 39.0813 184.049 9
      vertex 35.1534 184.83 5
    endloop
  endfacet
  facet normal 0.970035 0.242967 0
    outer loop
      vertex 5.4306 183.097 22.2
      vertex 5.19215 184.049 9
      vertex 5.19215 184.049 22.2
    endloop
  endfacet
  facet normal 0.970035 0.242967 0
    outer loop
      vertex 5.19215 184.049 9
      vertex 5.4306 183.097 22.2
      vertex 5.4306 183.097 9
    endloop
  endfacet
  facet normal 0.172194 0.685821 0.707106
    outer loop
      vertex 13.0491 176.192 9
      vertex 13.8303 180.12 5
      vertex 12.0972 176.431 9
    endloop
  endfacet
  facet normal -0.706258 -0.0346643 0.707105
    outer loop
      vertex 39.2734 186 9
      vertex 39.2253 186.98 9
      vertex 35.2686 186 5
    endloop
  endfacet
  facet normal 0.421414 0.567806 0.707111
    outer loop
      vertex 9.44429 177.685 9
      vertex 11.6693 181.015 5
      vertex 8.65607 178.27 9
    endloop
  endfacet
  facet normal 0.421591 0.567646 0.707135
    outer loop
      vertex 11.6693 181.015 5
      vertex 11.1967 181.366 5
      vertex 8.65607 178.27 9
    endloop
  endfacet
  facet normal -0.973714 -0.227775 0
    outer loop
      vertex 39.0106 188.278 9
      vertex 34.865 206 22.2
      vertex 34.865 206 9
    endloop
  endfacet
  facet normal -0.973714 -0.227775 0
    outer loop
      vertex 34.865 206 22.2
      vertex 39.0106 188.278 9
      vertex 39.0106 188.278 22.2
    endloop
  endfacet
  facet normal 0.671531 0.740977 -0
    outer loop
      vertex 8.65607 178.27 9
      vertex 7.92892 178.929 22.2
      vertex 8.65607 178.27 22.2
    endloop
  endfacet
  facet normal 0.671531 0.740977 0
    outer loop
      vertex 7.92892 178.929 22.2
      vertex 8.65607 178.27 9
      vertex 7.92892 178.929 9
    endloop
  endfacet
  facet normal -0.639206 0.302308 0.707125
    outer loop
      vertex 38.0927 181.286 9
      vertex 38.5122 182.173 9
      vertex 34.8122 183.706 5
    endloop
  endfacet
  facet normal 0 1 -0
    outer loop
      vertex 29.2734 176 9
      vertex 15 176 22.2
      vertex 29.2734 176 22.2
    endloop
  endfacet
  facet normal 0 1 0
    outer loop
      vertex 15 176 22.2
      vertex 29.2734 176 9
      vertex 15 176 9
    endloop
  endfacet
  facet normal -0.237979 0.665861 0.707103
    outer loop
      vertex 33.1003 176.761 9
      vertex 31.5677 180.461 5
      vertex 31.0137 180.263 5
    endloop
  endfacet
  facet normal -0.363264 0.606665 0.707105
    outer loop
      vertex 33.9874 177.181 9
      vertex 34.8291 177.685 9
      vertex 32.6042 181.015 5
    endloop
  endfacet
  facet normal 0.706259 0.0346849 0.707103
    outer loop
      vertex 9.03369 185.412 5
      vertex 9 186.098 5
      vertex 5.04816 185.02 9
    endloop
  endfacet
  facet normal -0.606641 0.363264 0.707125
    outer loop
      vertex 38.0927 181.286 9
      vertex 34.5607 183.174 5
      vertex 34.2583 182.669 5
    endloop
  endfacet
  facet normal -0.857762 0.514046 0
    outer loop
      vertex 37.5881 180.444 9
      vertex 38.0927 181.286 22.2
      vertex 38.0927 181.286 9
    endloop
  endfacet
  facet normal -0.857762 0.514046 0
    outer loop
      vertex 38.0927 181.286 22.2
      vertex 37.5881 180.444 9
      vertex 37.5881 180.444 22.2
    endloop
  endfacet
  facet normal -0.941548 0.336879 0
    outer loop
      vertex 38.5122 182.173 9
      vertex 38.8428 183.097 22.2
      vertex 38.8428 183.097 9
    endloop
  endfacet
  facet normal -0.941548 0.336879 0
    outer loop
      vertex 38.8428 183.097 22.2
      vertex 38.5122 182.173 9
      vertex 38.5122 182.173 22.2
    endloop
  endfacet
  facet normal 0.048911 0.998803 -0
    outer loop
      vertex 15 176 9
      vertex 14.0198 176.048 22.2
      vertex 15 176 22.2
    endloop
  endfacet
  facet normal 0.048911 0.998803 0
    outer loop
      vertex 14.0198 176.048 22.2
      vertex 15 176 9
      vertex 14.0198 176.048 9
    endloop
  endfacet
  facet normal -0.427916 0.903819 0
    outer loop
      vertex 33.9874 177.181 9
      vertex 33.1003 176.761 22.2
      vertex 33.9874 177.181 22.2
    endloop
  endfacet
  facet normal -0.427916 0.903819 0
    outer loop
      vertex 33.1003 176.761 22.2
      vertex 33.9874 177.181 9
      vertex 33.1003 176.761 9
    endloop
  endfacet
  facet normal -0.243494 0.969902 0
    outer loop
      vertex 32.1763 176.431 9
      vertex 31.2243 176.192 22.2
      vertex 32.1763 176.431 22.2
    endloop
  endfacet
  facet normal -0.243494 0.969902 0
    outer loop
      vertex 31.2243 176.192 22.2
      vertex 32.1763 176.431 9
      vertex 31.2243 176.192 9
    endloop
  endfacet
  facet normal -0.103322 0.699464 0.70716
    outer loop
      vertex 30.2536 176.048 9
      vertex 30.4431 180.12 5
      vertex 29.8609 180.034 5
    endloop
  endfacet
  facet normal -0.172177 0.685825 0.707106
    outer loop
      vertex 31.2243 176.192 9
      vertex 32.1763 176.431 9
      vertex 30.4431 180.12 5
    endloop
  endfacet
  facet normal -0.336336 0.941742 0
    outer loop
      vertex 33.1003 176.761 9
      vertex 32.1763 176.431 22.2
      vertex 33.1003 176.761 22.2
    endloop
  endfacet
  facet normal -0.336336 0.941742 0
    outer loop
      vertex 32.1763 176.431 22.2
      vertex 33.1003 176.761 9
      vertex 32.1763 176.431 9
    endloop
  endfacet
  facet normal -0.688515 -0.161058 0.707112
    outer loop
      vertex 35.0857 187.495 5
      vertex 34.2469 206 8.39812
      vertex 30.757 206 5
    endloop
  endfacet
  facet normal 0.103322 0.699464 0.70716
    outer loop
      vertex 14.0198 176.048 9
      vertex 14.4125 180.034 5
      vertex 13.8303 180.12 5
    endloop
  endfacet
  facet normal 0.706255 0.0347074 0.707106
    outer loop
      vertex 5.04816 185.02 9
      vertex 9 186.098 5
      vertex 5 186 9
    endloop
  endfacet
  facet normal 0.998795 0.0490836 0
    outer loop
      vertex 5.04816 185.02 22.2
      vertex 5 186 9
      vertex 5 186 22.2
    endloop
  endfacet
  facet normal 0.998795 0.0490836 0
    outer loop
      vertex 5 186 9
      vertex 5.04816 185.02 22.2
      vertex 5.04816 185.02 9
    endloop
  endfacet
  facet normal 0.146741 0.989175 -0
    outer loop
      vertex 14.0198 176.048 9
      vertex 13.0491 176.192 22.2
      vertex 14.0198 176.048 22.2
    endloop
  endfacet
  facet normal 0.146741 0.989175 0
    outer loop
      vertex 13.0491 176.192 22.2
      vertex 14.0198 176.048 9
      vertex 13.0491 176.192 9
    endloop
  endfacet
  facet normal -0.639265 0.302209 0.707114
    outer loop
      vertex 38.0927 181.286 9
      vertex 34.8122 183.706 5
      vertex 34.5607 183.174 5
    endloop
  endfacet
  facet normal 0 0.707107 0.707107
    outer loop
      vertex 29.1753 180 5
      vertex 15 176 9
      vertex 29.2734 176 9
    endloop
  endfacet
  facet normal 0 0.707107 0.707107
    outer loop
      vertex 15 176 9
      vertex 29.1753 180 5
      vertex 15.0981 180 5
    endloop
  endfacet
  facet normal -0.606535 0.363489 0.707101
    outer loop
      vertex 37.5881 180.444 9
      vertex 38.0927 181.286 9
      vertex 34.2583 182.669 5
    endloop
  endfacet
  facet normal 0.903962 0.427614 0
    outer loop
      vertex 6.18079 181.286 22.2
      vertex 5.7612 182.173 9
      vertex 5.7612 182.173 22.2
    endloop
  endfacet
  facet normal 0.903962 0.427614 0
    outer loop
      vertex 5.7612 182.173 9
      vertex 6.18079 181.286 22.2
      vertex 6.18079 181.286 9
    endloop
  endfacet
  facet normal -0.697622 -0.115393 0.707112
    outer loop
      vertex 39.2253 186.98 9
      vertex 39.0106 188.278 9
      vertex 35.0857 187.495 5
    endloop
  endfacet
  facet normal 0.363178 0.6067 0.707118
    outer loop
      vertex 12.1738 180.713 5
      vertex 11.6693 181.015 5
      vertex 10.286 177.181 9
    endloop
  endfacet
  facet normal -0.671556 0.740954 0
    outer loop
      vertex 36.3445 178.929 9
      vertex 35.6174 178.27 22.2
      vertex 36.3445 178.929 22.2
    endloop
  endfacet
  facet normal -0.671556 0.740954 0
    outer loop
      vertex 35.6174 178.27 22.2
      vertex 36.3445 178.929 9
      vertex 35.6174 178.27 9
    endloop
  endfacet
  facet normal 0.523882 0.474895 0.707123
    outer loop
      vertex 7.92892 178.929 9
      vertex 10.3656 182.197 5
      vertex 7.2699 179.656 9
    endloop
  endfacet
  facet normal 0.567739 0.421474 0.707129
    outer loop
      vertex 10.3656 182.197 5
      vertex 10.0152 182.669 5
      vertex 7.2699 179.656 9
    endloop
  endfacet
  facet normal 0.10376 0.699442 0.707117
    outer loop
      vertex 14.0198 176.048 9
      vertex 13.8303 180.12 5
      vertex 13.0491 176.192 9
    endloop
  endfacet
  facet normal -0.706256 -0.0346754 0.707107
    outer loop
      vertex 35.2686 186 5
      vertex 39.2253 186.98 9
      vertex 35.2414 186.554 5
    endloop
  endfacet
  facet normal 0.941548 0.336879 0
    outer loop
      vertex 5.7612 182.173 22.2
      vertex 5.4306 183.097 9
      vertex 5.4306 183.097 22.2
    endloop
  endfacet
  facet normal 0.941548 0.336879 0
    outer loop
      vertex 5.4306 183.097 9
      vertex 5.7612 182.173 22.2
      vertex 5.7612 182.173 9
    endloop
  endfacet
  facet normal -0.171902 0.685923 0.707078
    outer loop
      vertex 32.1763 176.431 9
      vertex 31.0137 180.263 5
      vertex 30.4431 180.12 5
    endloop
  endfacet
  facet normal -0.237832 0.66593 0.707087
    outer loop
      vertex 32.1763 176.431 9
      vertex 33.1003 176.761 9
      vertex 31.0137 180.263 5
    endloop
  endfacet
  facet normal -0.688513 -0.16106 0.707114
    outer loop
      vertex 34.865 206 9
      vertex 35.0857 187.495 5
      vertex 39.0106 188.278 9
    endloop
  endfacet
  facet normal -0.688536 -0.161055 0.707092
    outer loop
      vertex 35.0857 187.495 5
      vertex 34.865 206 9
      vertex 34.2469 206 8.39812
    endloop
  endfacet
  facet normal 0.171902 0.685925 0.707076
    outer loop
      vertex 13.8303 180.12 5
      vertex 13.2597 180.263 5
      vertex 12.0972 176.431 9
    endloop
  endfacet
  facet normal -0.47475 0.524028 0.707111
    outer loop
      vertex 36.3445 178.929 9
      vertex 33.5127 181.761 5
      vertex 33.0767 181.366 5
    endloop
  endfacet
  facet normal -0.421389 0.567831 0.707106
    outer loop
      vertex 34.8291 177.685 9
      vertex 35.6174 178.27 9
      vertex 32.6042 181.015 5
    endloop
  endfacet
  facet normal -0.903997 0.427539 0
    outer loop
      vertex 38.0927 181.286 9
      vertex 38.5122 182.173 22.2
      vertex 38.5122 182.173 9
    endloop
  endfacet
  facet normal -0.903997 0.427539 0
    outer loop
      vertex 38.5122 182.173 22.2
      vertex 38.0927 181.286 9
      vertex 38.0927 181.286 22.2
    endloop
  endfacet
  facet normal -0.363125 0.606731 0.70712
    outer loop
      vertex 33.9874 177.181 9
      vertex 32.6042 181.015 5
      vertex 32.0996 180.713 5
    endloop
  endfacet
  facet normal -0.421645 0.567599 0.70714
    outer loop
      vertex 35.6174 178.27 9
      vertex 33.0767 181.366 5
      vertex 32.6042 181.015 5
    endloop
  endfacet
  facet normal -0.69946 0.103717 0.707106
    outer loop
      vertex 39.2253 185.02 9
      vertex 35.2397 185.412 5
      vertex 35.1534 184.83 5
    endloop
  endfacet
  facet normal 0.523902 0.474877 0.70712
    outer loop
      vertex 10.7608 181.761 5
      vertex 10.3656 182.197 5
      vertex 7.92892 178.929 9
    endloop
  endfacet
  facet normal 0.740898 0.671618 0
    outer loop
      vertex 7.92892 178.929 22.2
      vertex 7.2699 179.656 9
      vertex 7.2699 179.656 22.2
    endloop
  endfacet
  facet normal 0.740898 0.671618 0
    outer loop
      vertex 7.2699 179.656 9
      vertex 7.92892 178.929 22.2
      vertex 7.92892 178.929 9
    endloop
  endfacet
  facet normal 0.699459 0.103777 0.707098
    outer loop
      vertex 9.12004 184.83 5
      vertex 9.03369 185.412 5
      vertex 5.04816 185.02 9
    endloop
  endfacet
  facet normal -0.699459 0.10373 0.707105
    outer loop
      vertex 39.0813 184.049 9
      vertex 39.2253 185.02 9
      vertex 35.1534 184.83 5
    endloop
  endfacet
  facet normal -0.56768 0.42155 0.707131
    outer loop
      vertex 37.0035 179.656 9
      vertex 34.2583 182.669 5
      vertex 33.9078 182.197 5
    endloop
  endfacet
  facet normal -0.706251 0.034712 0.70711
    outer loop
      vertex 39.2253 185.02 9
      vertex 35.2686 186 5
      vertex 35.2397 185.412 5
    endloop
  endfacet
  facet normal -0.706258 0.0346643 0.707105
    outer loop
      vertex 39.2253 185.02 9
      vertex 39.2734 186 9
      vertex 35.2686 186 5
    endloop
  endfacet
  facet normal -0.146741 0.989175 0
    outer loop
      vertex 31.2243 176.192 9
      vertex 30.2536 176.048 22.2
      vertex 31.2243 176.192 22.2
    endloop
  endfacet
  facet normal -0.146741 0.989175 0
    outer loop
      vertex 30.2536 176.048 22.2
      vertex 31.2243 176.192 9
      vertex 30.2536 176.048 9
    endloop
  endfacet
  facet normal 0.665763 0.238205 0.70712
    outer loop
      vertex 5.7612 182.173 9
      vertex 9.26297 184.26 5
      vertex 5.4306 183.097 9
    endloop
  endfacet
  facet normal 0.427876 0.903837 -0
    outer loop
      vertex 11.1732 176.761 9
      vertex 10.286 177.181 22.2
      vertex 11.1732 176.761 22.2
    endloop
  endfacet
  facet normal 0.427876 0.903837 0
    outer loop
      vertex 10.286 177.181 22.2
      vertex 11.1732 176.761 9
      vertex 10.286 177.181 9
    endloop
  endfacet
  facet normal 0.363258 0.606663 0.70711
    outer loop
      vertex 10.286 177.181 9
      vertex 11.6693 181.015 5
      vertex 9.44429 177.685 9
    endloop
  endfacet
  facet normal -0.048911 0.998803 0
    outer loop
      vertex 30.2536 176.048 9
      vertex 29.2734 176 22.2
      vertex 30.2536 176.048 22.2
    endloop
  endfacet
  facet normal -0.048911 0.998803 0
    outer loop
      vertex 29.2734 176 22.2
      vertex 30.2536 176.048 9
      vertex 29.2734 176 9
    endloop
  endfacet
  facet normal -0.0350211 0.70619 0.707156
    outer loop
      vertex 30.2536 176.048 9
      vertex 29.8609 180.034 5
      vertex 29.1753 180 5
    endloop
  endfacet
  facet normal 0.474834 0.523938 0.707122
    outer loop
      vertex 8.65607 178.27 9
      vertex 11.1967 181.366 5
      vertex 7.92892 178.929 9
    endloop
  endfacet
  facet normal -0.685874 0.17195 0.707114
    outer loop
      vertex 38.8428 183.097 9
      vertex 35.1534 184.83 5
      vertex 35.0105 184.26 5
    endloop
  endfacet
  facet normal 0.0345852 0.70626 0.707108
    outer loop
      vertex 15 176 9
      vertex 15.0981 180 5
      vertex 14.0198 176.048 9
    endloop
  endfacet
  facet normal 0.595973 0.803005 -0
    outer loop
      vertex 9.44429 177.685 9
      vertex 8.65607 178.27 22.2
      vertex 9.44429 177.685 22.2
    endloop
  endfacet
  facet normal 0.595973 0.803005 0
    outer loop
      vertex 8.65607 178.27 22.2
      vertex 9.44429 177.685 9
      vertex 8.65607 178.27 9
    endloop
  endfacet
  facet normal 0.513727 0.857954 -0
    outer loop
      vertex 10.286 177.181 9
      vertex 9.44429 177.685 22.2
      vertex 10.286 177.181 22.2
    endloop
  endfacet
  facet normal 0.513727 0.857954 0
    outer loop
      vertex 9.44429 177.685 22.2
      vertex 10.286 177.181 9
      vertex 9.44429 177.685 9
    endloop
  endfacet
  facet normal -0.998798 0.0490226 0
    outer loop
      vertex 39.2253 185.02 9
      vertex 39.2734 186 22.2
      vertex 39.2734 186 9
    endloop
  endfacet
  facet normal -0.998798 0.0490226 0
    outer loop
      vertex 39.2734 186 22.2
      vertex 39.2253 185.02 9
      vertex 39.2253 185.02 22.2
    endloop
  endfacet
  facet normal 0.707107 0 0.707107
    outer loop
      vertex 8.98408 189.925 5.01592
      vertex 9 186.098 5
      vertex 9 189.946 5
    endloop
  endfacet
  facet normal 0.707107 -1.74285e-16 0.707107
    outer loop
      vertex 8.45685 189.343 5.54315
      vertex 9 186.098 5
      vertex 8.98408 189.925 5.01592
    endloop
  endfacet
  facet normal 0.707107 3.25018e-16 0.707107
    outer loop
      vertex 7.87515 188.816 6.12485
      vertex 9 186.098 5
      vertex 8.45685 189.343 5.54315
    endloop
  endfacet
  facet normal 0.707107 0 0.707107
    outer loop
      vertex 7.24456 188.348 6.75544
      vertex 9 186.098 5
      vertex 7.87515 188.816 6.12485
    endloop
  endfacet
  facet normal 0.707107 0 0.707107
    outer loop
      vertex 6.57117 187.945 7.42883
      vertex 9 186.098 5
      vertex 7.24456 188.348 6.75544
    endloop
  endfacet
  facet normal 0.707107 -7.38206e-16 0.707107
    outer loop
      vertex 5.86147 187.609 8.13853
      vertex 9 186.098 5
      vertex 6.57117 187.945 7.42883
    endloop
  endfacet
  facet normal 0.707107 -8.16848e-17 0.707107
    outer loop
      vertex 5 186 9
      vertex 5.86147 187.609 8.13853
      vertex 5.12228 187.344 8.87772
    endloop
  endfacet
  facet normal 0.707107 -0 0.707107
    outer loop
      vertex 5 186 9
      vertex 5.12228 187.344 8.87772
      vertex 5 187.314 9
    endloop
  endfacet
  facet normal 0.707107 3.95516e-16 0.707107
    outer loop
      vertex 5.86147 187.609 8.13853
      vertex 5 186 9
      vertex 9 186.098 5
    endloop
  endfacet
  facet normal 0.707107 0 0.707107
    outer loop
      vertex 5.12228 202.656 8.87772
      vertex 5 206 9
      vertex 5 202.686 9
    endloop
  endfacet
  facet normal 0.707107 3.21813e-17 0.707107
    outer loop
      vertex 5.86147 202.391 8.13853
      vertex 5 206 9
      vertex 5.12228 202.656 8.87772
    endloop
  endfacet
  facet normal 0.707107 -1.7402e-16 0.707107
    outer loop
      vertex 5 206 9
      vertex 5.86147 202.391 8.13853
      vertex 9 206 5
    endloop
  endfacet
  facet normal 0.707107 4.34225e-16 0.707107
    outer loop
      vertex 6.57117 202.055 7.42883
      vertex 9 206 5
      vertex 5.86147 202.391 8.13853
    endloop
  endfacet
  facet normal 0.707107 0 0.707107
    outer loop
      vertex 7.24456 201.652 6.75544
      vertex 9 206 5
      vertex 6.57117 202.055 7.42883
    endloop
  endfacet
  facet normal 0.707107 0 0.707107
    outer loop
      vertex 7.87515 201.184 6.12485
      vertex 9 206 5
      vertex 7.24456 201.652 6.75544
    endloop
  endfacet
  facet normal 0.707107 -2.08158e-16 0.707107
    outer loop
      vertex 8.45685 200.657 5.54315
      vertex 9 206 5
      vertex 7.87515 201.184 6.12485
    endloop
  endfacet
  facet normal 0.707107 1.12363e-16 0.707107
    outer loop
      vertex 8.98408 200.075 5.01592
      vertex 9 206 5
      vertex 8.45685 200.657 5.54315
    endloop
  endfacet
  facet normal 0.707107 0 0.707107
    outer loop
      vertex 9 206 5
      vertex 8.98408 200.075 5.01592
      vertex 9 200.054 5
    endloop
  endfacet
  facet normal 1 0 0
    outer loop
      vertex 5 206 22.2
      vertex 5 202.686 9
      vertex 5 206 9
    endloop
  endfacet
  facet normal 1 0 0
    outer loop
      vertex 5 197.153 10.5469
      vertex 5 202.656 8.87772
      vertex 5 202.686 9
    endloop
  endfacet
  facet normal 1 -0 0
    outer loop
      vertex 5 196.984 12.2606
      vertex 5 202.686 9
      vertex 5 206 22.2
    endloop
  endfacet
  facet normal 1 -0 -0
    outer loop
      vertex 5 197.153 11.8531
      vertex 5 202.686 9
      vertex 5 197.079 12.061
    endloop
  endfacet
  facet normal 1 -0 -0
    outer loop
      vertex 5 197.207 11.639
      vertex 5 202.686 9
      vertex 5 197.153 11.8531
    endloop
  endfacet
  facet normal 1 -0 -0
    outer loop
      vertex 5 197.25 11.2
      vertex 5 202.686 9
      vertex 5 197.239 11.4205
    endloop
  endfacet
  facet normal 1 -0 0
    outer loop
      vertex 5 197.207 10.761
      vertex 5 202.686 9
      vertex 5 197.239 10.9795
    endloop
  endfacet
  facet normal 1 0 0
    outer loop
      vertex 5 202.656 8.87772
      vertex 5 197.153 10.5469
      vertex 5 202.391 8.13853
    endloop
  endfacet
  facet normal 1 -0 0
    outer loop
      vertex 5 197.079 10.339
      vertex 5 202.391 8.13853
      vertex 5 197.153 10.5469
    endloop
  endfacet
  facet normal 1 -0 0
    outer loop
      vertex 5 196.984 10.1394
      vertex 5 202.055 7.42883
      vertex 5 197.079 10.339
    endloop
  endfacet
  facet normal 1 -0 0
    outer loop
      vertex 5 196.871 9.94997
      vertex 5 201.652 6.75544
      vertex 5 196.984 10.1394
    endloop
  endfacet
  facet normal 1 0 0
    outer loop
      vertex 5 201.652 6.75544
      vertex 5 196.871 9.94997
      vertex 5 201.184 6.12485
    endloop
  endfacet
  facet normal 1 0 0
    outer loop
      vertex 5 202.055 7.42883
      vertex 5 196.984 10.1394
      vertex 5 201.652 6.75544
    endloop
  endfacet
  facet normal 1 0 0
    outer loop
      vertex 5 202.391 8.13853
      vertex 5 197.079 10.339
      vertex 5 202.055 7.42883
    endloop
  endfacet
  facet normal 1 -0 0
    outer loop
      vertex 5 197.153 10.5469
      vertex 5 202.686 9
      vertex 5 197.207 10.761
    endloop
  endfacet
  facet normal 1 -0 0
    outer loop
      vertex 5 197.239 10.9795
      vertex 5 202.686 9
      vertex 5 197.25 11.2
    endloop
  endfacet
  facet normal 1 -0 -0
    outer loop
      vertex 5 197.239 11.4205
      vertex 5 202.686 9
      vertex 5 197.207 11.639
    endloop
  endfacet
  facet normal 1 0 0
    outer loop
      vertex 5 202.686 9
      vertex 5 196.984 12.2606
      vertex 5 197.079 12.061
    endloop
  endfacet
  facet normal 1 0 0
    outer loop
      vertex 5 206 22.2
      vertex 5 196.871 12.45
      vertex 5 196.984 12.2606
    endloop
  endfacet
  facet normal 1 0 0
    outer loop
      vertex 5 206 22.2
      vertex 5 196.739 12.6274
      vertex 5 196.871 12.45
    endloop
  endfacet
  facet normal 1 0 0
    outer loop
      vertex 5 206 22.2
      vertex 5 196.591 12.791
      vertex 5 196.739 12.6274
    endloop
  endfacet
  facet normal 1 0 0
    outer loop
      vertex 5 206 22.2
      vertex 5 196.427 12.9393
      vertex 5 196.591 12.791
    endloop
  endfacet
  facet normal 1 0 0
    outer loop
      vertex 5 206 22.2
      vertex 5 196.25 13.0708
      vertex 5 196.427 12.9393
    endloop
  endfacet
  facet normal 1 0 0
    outer loop
      vertex 5 206 22.2
      vertex 5 196.061 13.1843
      vertex 5 196.25 13.0708
    endloop
  endfacet
  facet normal 1 0 0
    outer loop
      vertex 5 206 22.2
      vertex 5 195.861 13.2787
      vertex 5 196.061 13.1843
    endloop
  endfacet
  facet normal 1 0 0
    outer loop
      vertex 5 206 22.2
      vertex 5 195.653 13.3531
      vertex 5 195.861 13.2787
    endloop
  endfacet
  facet normal 1 0 0
    outer loop
      vertex 5 206 22.2
      vertex 5 195.439 13.4068
      vertex 5 195.653 13.3531
    endloop
  endfacet
  facet normal 1 0 0
    outer loop
      vertex 5 206 22.2
      vertex 5 195.221 13.4392
      vertex 5 195.439 13.4068
    endloop
  endfacet
  facet normal 1 -0 0
    outer loop
      vertex 5 186 22.2
      vertex 5 195.221 13.4392
      vertex 5 206 22.2
    endloop
  endfacet
  facet normal 1 0 0
    outer loop
      vertex 5 195.221 13.4392
      vertex 5 186 22.2
      vertex 5 195 13.45
    endloop
  endfacet
  facet normal 1 0 0
    outer loop
      vertex 5 195 13.45
      vertex 5 186 22.2
      vertex 5 194.779 13.4392
    endloop
  endfacet
  facet normal 1 0 0
    outer loop
      vertex 5 194.779 13.4392
      vertex 5 186 22.2
      vertex 5 194.561 13.4068
    endloop
  endfacet
  facet normal 1 0 0
    outer loop
      vertex 5 194.561 13.4068
      vertex 5 186 22.2
      vertex 5 194.347 13.3531
    endloop
  endfacet
  facet normal 1 0 0
    outer loop
      vertex 5 194.347 13.3531
      vertex 5 186 22.2
      vertex 5 194.139 13.2787
    endloop
  endfacet
  facet normal 1 0 0
    outer loop
      vertex 5 194.139 13.2787
      vertex 5 186 22.2
      vertex 5 193.939 13.1843
    endloop
  endfacet
  facet normal 1 0 0
    outer loop
      vertex 5 193.939 13.1843
      vertex 5 186 22.2
      vertex 5 193.75 13.0708
    endloop
  endfacet
  facet normal 1 0 0
    outer loop
      vertex 5 194.139 9.12127
      vertex 5 191.939 3.80896
      vertex 5 192.678 3.54448
    endloop
  endfacet
  facet normal 1 0 0
    outer loop
      vertex 5 187.314 9
      vertex 5 192.75 11.2
      vertex 5 192.761 11.4205
    endloop
  endfacet
  facet normal 1 0 0
    outer loop
      vertex 5 192.761 10.9795
      vertex 5 191.229 4.14463
      vertex 5 191.939 3.80896
    endloop
  endfacet
  facet normal 1 0 0
    outer loop
      vertex 5 187.314 9
      vertex 5 192.761 11.4205
      vertex 5 192.793 11.639
    endloop
  endfacet
  facet normal 1 0 0
    outer loop
      vertex 5 192.761 10.9795
      vertex 5 190.555 4.54824
      vertex 5 191.229 4.14463
    endloop
  endfacet
  facet normal 1 0 0
    outer loop
      vertex 5 187.314 9
      vertex 5 192.793 11.639
      vertex 5 192.847 11.8531
    endloop
  endfacet
  facet normal 1 0 0
    outer loop
      vertex 5 192.761 10.9795
      vertex 5 189.925 5.01592
      vertex 5 190.555 4.54824
    endloop
  endfacet
  facet normal 1 0 0
    outer loop
      vertex 5 187.314 9
      vertex 5 192.847 11.8531
      vertex 5 192.921 12.061
    endloop
  endfacet
  facet normal 1 0 0
    outer loop
      vertex 5 192.761 10.9795
      vertex 5 189.343 5.54315
      vertex 5 189.925 5.01592
    endloop
  endfacet
  facet normal 1 0 0
    outer loop
      vertex 5 187.314 9
      vertex 5 192.921 12.061
      vertex 5 193.016 12.2606
    endloop
  endfacet
  facet normal 1 0 0
    outer loop
      vertex 5 192.761 10.9795
      vertex 5 188.816 6.12485
      vertex 5 189.343 5.54315
    endloop
  endfacet
  facet normal 1 0 0
    outer loop
      vertex 5 186 22.2
      vertex 5 193.016 12.2606
      vertex 5 193.129 12.45
    endloop
  endfacet
  facet normal 1 0 0
    outer loop
      vertex 5 192.761 10.9795
      vertex 5 188.348 6.75544
      vertex 5 188.816 6.12485
    endloop
  endfacet
  facet normal 1 0 0
    outer loop
      vertex 5 186 22.2
      vertex 5 193.129 12.45
      vertex 5 193.261 12.6274
    endloop
  endfacet
  facet normal 1 0 0
    outer loop
      vertex 5 192.761 10.9795
      vertex 5 187.945 7.42883
      vertex 5 188.348 6.75544
    endloop
  endfacet
  facet normal 1 0 0
    outer loop
      vertex 5 186 22.2
      vertex 5 193.261 12.6274
      vertex 5 193.409 12.791
    endloop
  endfacet
  facet normal 1 0 0
    outer loop
      vertex 5 192.761 10.9795
      vertex 5 187.609 8.13853
      vertex 5 187.945 7.42883
    endloop
  endfacet
  facet normal 1 0 0
    outer loop
      vertex 5 186 22.2
      vertex 5 193.409 12.791
      vertex 5 193.573 12.9393
    endloop
  endfacet
  facet normal 1 0 0
    outer loop
      vertex 5 192.761 10.9795
      vertex 5 187.344 8.87772
      vertex 5 187.609 8.13853
    endloop
  endfacet
  facet normal 1 0 0
    outer loop
      vertex 5 193.75 13.0708
      vertex 5 186 22.2
      vertex 5 193.573 12.9393
    endloop
  endfacet
  facet normal 1 0 0
    outer loop
      vertex 5 192.761 10.9795
      vertex 5 187.314 9
      vertex 5 187.344 8.87772
    endloop
  endfacet
  facet normal 1 0 0
    outer loop
      vertex 5 193.016 12.2606
      vertex 5 186 22.2
      vertex 5 187.314 9
    endloop
  endfacet
  facet normal 1 0 0
    outer loop
      vertex 5 187.314 9
      vertex 5 186 22.2
      vertex 5 186 9
    endloop
  endfacet
  facet normal 1 -0 0
    outer loop
      vertex 5 196.739 9.77262
      vertex 5 201.184 6.12485
      vertex 5 196.871 9.94997
    endloop
  endfacet
  facet normal 1 0 0
    outer loop
      vertex 5 201.184 6.12485
      vertex 5 196.739 9.77262
      vertex 5 200.657 5.54315
    endloop
  endfacet
  facet normal 1 -0 0
    outer loop
      vertex 5 196.591 9.60901
      vertex 5 200.657 5.54315
      vertex 5 196.739 9.77262
    endloop
  endfacet
  facet normal 1 0 0
    outer loop
      vertex 5 200.657 5.54315
      vertex 5 196.591 9.60901
      vertex 5 200.075 5.01592
    endloop
  endfacet
  facet normal 1 -0 0
    outer loop
      vertex 5 196.427 9.46073
      vertex 5 200.075 5.01592
      vertex 5 196.591 9.60901
    endloop
  endfacet
  facet normal 1 0 0
    outer loop
      vertex 5 200.075 5.01592
      vertex 5 196.427 9.46073
      vertex 5 199.445 4.54824
    endloop
  endfacet
  facet normal 1 -0 0
    outer loop
      vertex 5 196.25 9.32919
      vertex 5 199.445 4.54824
      vertex 5 196.427 9.46073
    endloop
  endfacet
  facet normal 1 0 0
    outer loop
      vertex 5 199.445 4.54824
      vertex 5 196.25 9.32919
      vertex 5 198.771 4.14463
    endloop
  endfacet
  facet normal 1 -0 0
    outer loop
      vertex 5 196.061 9.21568
      vertex 5 198.771 4.14463
      vertex 5 196.25 9.32919
    endloop
  endfacet
  facet normal 1 0 0
    outer loop
      vertex 5 198.771 4.14463
      vertex 5 196.061 9.21568
      vertex 5 198.061 3.80896
    endloop
  endfacet
  facet normal 1 -0 0
    outer loop
      vertex 5 195.861 9.12127
      vertex 5 198.061 3.80896
      vertex 5 196.061 9.21568
    endloop
  endfacet
  facet normal 1 0 0
    outer loop
      vertex 5 198.061 3.80896
      vertex 5 195.861 9.12127
      vertex 5 197.322 3.54448
    endloop
  endfacet
  facet normal 1 -0 0
    outer loop
      vertex 5 195.653 9.04688
      vertex 5 197.322 3.54448
      vertex 5 195.861 9.12127
    endloop
  endfacet
  facet normal 1 0 0
    outer loop
      vertex 5 197.322 3.54448
      vertex 5 195.653 9.04688
      vertex 5 196.561 3.35372
    endloop
  endfacet
  facet normal 1 -0 0
    outer loop
      vertex 5 195.439 8.99323
      vertex 5 196.561 3.35372
      vertex 5 195.653 9.04688
    endloop
  endfacet
  facet normal 1 0 0
    outer loop
      vertex 5 196.561 3.35372
      vertex 5 195.439 8.99323
      vertex 5 195.784 3.23852
    endloop
  endfacet
  facet normal 1 -0 0
    outer loop
      vertex 5 195.221 8.96083
      vertex 5 195.784 3.23852
      vertex 5 195.439 8.99323
    endloop
  endfacet
  facet normal 1 -0 0
    outer loop
      vertex 5 195 8.95
      vertex 5 195.784 3.23852
      vertex 5 195.221 8.96083
    endloop
  endfacet
  facet normal 1 0 0
    outer loop
      vertex 5 195 8.95
      vertex 5 195 3.2
      vertex 5 195.784 3.23852
    endloop
  endfacet
  facet normal 1 0 0
    outer loop
      vertex 5 194.779 8.96083
      vertex 5 195 3.2
      vertex 5 195 8.95
    endloop
  endfacet
  facet normal 1 0 0
    outer loop
      vertex 5 194.216 3.23852
      vertex 5 194.779 8.96083
      vertex 5 194.561 8.99323
    endloop
  endfacet
  facet normal 1 0 0
    outer loop
      vertex 5 193.439 3.35372
      vertex 5 194.561 8.99323
      vertex 5 194.347 9.04688
    endloop
  endfacet
  facet normal 1 0 0
    outer loop
      vertex 5 194.779 8.96083
      vertex 5 194.216 3.23852
      vertex 5 195 3.2
    endloop
  endfacet
  facet normal 1 0 0
    outer loop
      vertex 5 192.678 3.54448
      vertex 5 194.347 9.04688
      vertex 5 194.139 9.12127
    endloop
  endfacet
  facet normal 1 0 0
    outer loop
      vertex 5 191.939 3.80896
      vertex 5 194.139 9.12127
      vertex 5 193.939 9.21568
    endloop
  endfacet
  facet normal 1 0 0
    outer loop
      vertex 5 191.939 3.80896
      vertex 5 193.939 9.21568
      vertex 5 193.75 9.32919
    endloop
  endfacet
  facet normal 1 0 0
    outer loop
      vertex 5 191.939 3.80896
      vertex 5 193.75 9.32919
      vertex 5 193.573 9.46073
    endloop
  endfacet
  facet normal 1 0 0
    outer loop
      vertex 5 194.561 8.99323
      vertex 5 193.439 3.35372
      vertex 5 194.216 3.23852
    endloop
  endfacet
  facet normal 1 0 0
    outer loop
      vertex 5 191.939 3.80896
      vertex 5 193.573 9.46073
      vertex 5 193.409 9.60901
    endloop
  endfacet
  facet normal 1 0 0
    outer loop
      vertex 5 191.939 3.80896
      vertex 5 193.409 9.60901
      vertex 5 193.261 9.77262
    endloop
  endfacet
  facet normal 1 0 0
    outer loop
      vertex 5 191.939 3.80896
      vertex 5 193.261 9.77262
      vertex 5 193.129 9.94997
    endloop
  endfacet
  facet normal 1 0 0
    outer loop
      vertex 5 191.939 3.80896
      vertex 5 193.129 9.94997
      vertex 5 193.016 10.1394
    endloop
  endfacet
  facet normal 1 0 0
    outer loop
      vertex 5 191.939 3.80896
      vertex 5 193.016 10.1394
      vertex 5 192.921 10.339
    endloop
  endfacet
  facet normal 1 0 0
    outer loop
      vertex 5 191.939 3.80896
      vertex 5 192.921 10.339
      vertex 5 192.847 10.5469
    endloop
  endfacet
  facet normal 1 0 0
    outer loop
      vertex 5 191.939 3.80896
      vertex 5 192.847 10.5469
      vertex 5 192.793 10.761
    endloop
  endfacet
  facet normal 1 0 0
    outer loop
      vertex 5 191.939 3.80896
      vertex 5 192.793 10.761
      vertex 5 192.761 10.9795
    endloop
  endfacet
  facet normal 1 0 0
    outer loop
      vertex 5 194.347 9.04688
      vertex 5 192.678 3.54448
      vertex 5 193.439 3.35372
    endloop
  endfacet
  facet normal 1 0 0
    outer loop
      vertex 5 187.314 9
      vertex 5 192.761 10.9795
      vertex 5 192.75 11.2
    endloop
  endfacet
  facet normal -0.474849 0.523919 0.707126
    outer loop
      vertex 35.6174 178.27 9
      vertex 36.3445 178.929 9
      vertex 33.0767 181.366 5
    endloop
  endfacet
  facet normal -0.989182 0.146696 0
    outer loop
      vertex 39.0813 184.049 9
      vertex 39.2253 185.02 22.2
      vertex 39.2253 185.02 9
    endloop
  endfacet
  facet normal -0.989182 0.146696 0
    outer loop
      vertex 39.2253 185.02 22.2
      vertex 39.0813 184.049 9
      vertex 39.0813 184.049 22.2
    endloop
  endfacet
  facet normal -0.595934 0.803034 0
    outer loop
      vertex 35.6174 178.27 9
      vertex 34.8291 177.685 22.2
      vertex 35.6174 178.27 22.2
    endloop
  endfacet
  facet normal -0.595934 0.803034 0
    outer loop
      vertex 34.8291 177.685 22.2
      vertex 35.6174 178.27 9
      vertex 34.8291 177.685 9
    endloop
  endfacet
  facet normal -0.986595 -0.163191 0
    outer loop
      vertex 39.2253 186.98 9
      vertex 39.0106 188.278 22.2
      vertex 39.0106 188.278 9
    endloop
  endfacet
  facet normal -0.986595 -0.163191 0
    outer loop
      vertex 39.0106 188.278 22.2
      vertex 39.2253 186.98 9
      vertex 39.2253 186.98 22.2
    endloop
  endfacet
  facet normal -0.697622 -0.11543 0.707107
    outer loop
      vertex 35.2414 186.554 5
      vertex 39.2253 186.98 9
      vertex 35.0857 187.495 5
    endloop
  endfacet
  facet normal 0.699461 0.103723 0.707104
    outer loop
      vertex 5.19215 184.049 9
      vertex 9.12004 184.83 5
      vertex 5.04816 185.02 9
    endloop
  endfacet
  facet normal 0.685923 0.171805 0.707102
    outer loop
      vertex 5.4306 183.097 9
      vertex 9.12004 184.83 5
      vertex 5.19215 184.049 9
    endloop
  endfacet
  facet normal 0.474806 0.523969 0.707118
    outer loop
      vertex 11.1967 181.366 5
      vertex 10.7608 181.761 5
      vertex 7.92892 178.929 9
    endloop
  endfacet
  facet normal -0.970023 0.243015 0
    outer loop
      vertex 38.8428 183.097 9
      vertex 39.0813 184.049 22.2
      vertex 39.0813 184.049 9
    endloop
  endfacet
  facet normal -0.970023 0.243015 0
    outer loop
      vertex 39.0813 184.049 22.2
      vertex 38.8428 183.097 9
      vertex 38.8428 183.097 22.2
    endloop
  endfacet
  facet normal -0.523889 0.474887 0.707123
    outer loop
      vertex 36.3445 178.929 9
      vertex 37.0035 179.656 9
      vertex 33.9078 182.197 5
    endloop
  endfacet
  facet normal -0.523968 0.474816 0.707112
    outer loop
      vertex 36.3445 178.929 9
      vertex 33.9078 182.197 5
      vertex 33.5127 181.761 5
    endloop
  endfacet
  facet normal 0.237833 0.665933 0.707084
    outer loop
      vertex 12.0972 176.431 9
      vertex 13.2597 180.263 5
      vertex 11.1732 176.761 9
    endloop
  endfacet
  facet normal -0.740908 0.671607 0
    outer loop
      vertex 36.3445 178.929 9
      vertex 37.0035 179.656 22.2
      vertex 37.0035 179.656 9
    endloop
  endfacet
  facet normal -0.740908 0.671607 0
    outer loop
      vertex 37.0035 179.656 22.2
      vertex 36.3445 178.929 9
      vertex 36.3445 178.929 22.2
    endloop
  endfacet
  facet normal 0.336336 0.941742 -0
    outer loop
      vertex 12.0972 176.431 9
      vertex 11.1732 176.761 22.2
      vertex 12.0972 176.431 22.2
    endloop
  endfacet
  facet normal 0.336336 0.941742 0
    outer loop
      vertex 11.1732 176.761 22.2
      vertex 12.0972 176.431 9
      vertex 11.1732 176.761 9
    endloop
  endfacet
  facet normal 0.665756 0.238218 0.707122
    outer loop
      vertex 9.4612 183.706 5
      vertex 9.26297 184.26 5
      vertex 5.7612 182.173 9
    endloop
  endfacet
  facet normal 0.243518 0.969896 -0
    outer loop
      vertex 13.0491 176.192 9
      vertex 12.0972 176.431 22.2
      vertex 13.0491 176.192 22.2
    endloop
  endfacet
  facet normal 0.243518 0.969896 0
    outer loop
      vertex 12.0972 176.431 22.2
      vertex 13.0491 176.192 9
      vertex 12.0972 176.431 9
    endloop
  endfacet
  facet normal -0.0345852 0.70626 0.707108
    outer loop
      vertex 29.2734 176 9
      vertex 30.2536 176.048 9
      vertex 29.1753 180 5
    endloop
  endfacet
  facet normal 0.857803 0.513979 0
    outer loop
      vertex 6.6853 180.444 22.2
      vertex 6.18079 181.286 9
      vertex 6.18079 181.286 22.2
    endloop
  endfacet
  facet normal 0.857803 0.513979 0
    outer loop
      vertex 6.18079 181.286 9
      vertex 6.6853 180.444 22.2
      vertex 6.6853 180.444 9
    endloop
  endfacet
  facet normal -0.513731 0.857951 0
    outer loop
      vertex 34.8291 177.685 9
      vertex 33.9874 177.181 22.2
      vertex 34.8291 177.685 22.2
    endloop
  endfacet
  facet normal -0.513731 0.857951 0
    outer loop
      vertex 33.9874 177.181 22.2
      vertex 34.8291 177.685 9
      vertex 33.9874 177.181 9
    endloop
  endfacet
  facet normal -0.998798 -0.0490226 0
    outer loop
      vertex 39.2734 186 9
      vertex 39.2253 186.98 22.2
      vertex 39.2253 186.98 9
    endloop
  endfacet
  facet normal -0.998798 -0.0490226 0
    outer loop
      vertex 39.2253 186.98 22.2
      vertex 39.2734 186 9
      vertex 39.2734 186 22.2
    endloop
  endfacet
  facet normal -0.665728 0.238292 0.707123
    outer loop
      vertex 38.5122 182.173 9
      vertex 35.0105 184.26 5
      vertex 34.8122 183.706 5
    endloop
  endfacet
  facet normal -0.665768 0.238207 0.707114
    outer loop
      vertex 38.5122 182.173 9
      vertex 38.8428 183.097 9
      vertex 35.0105 184.26 5
    endloop
  endfacet
  facet normal 0.302557 0.639116 0.7071
    outer loop
      vertex 11.1732 176.761 9
      vertex 12.7057 180.461 5
      vertex 10.286 177.181 9
    endloop
  endfacet
  facet normal 0.685859 0.171982 0.70712
    outer loop
      vertex 9.26297 184.26 5
      vertex 9.12004 184.83 5
      vertex 5.4306 183.097 9
    endloop
  endfacet
  facet normal 0.23798 0.665864 0.7071
    outer loop
      vertex 13.2597 180.263 5
      vertex 12.7057 180.461 5
      vertex 11.1732 176.761 9
    endloop
  endfacet
  facet normal 0.0350211 0.70619 0.707156
    outer loop
      vertex 15.0981 180 5
      vertex 14.4125 180.034 5
      vertex 14.0198 176.048 9
    endloop
  endfacet
  facet normal 0.606558 0.363438 0.707107
    outer loop
      vertex 6.6853 180.444 9
      vertex 10.0152 182.669 5
      vertex 6.18079 181.286 9
    endloop
  endfacet
  facet normal 0.606627 0.363292 0.707123
    outer loop
      vertex 10.0152 182.669 5
      vertex 9.71277 183.174 5
      vertex 6.18079 181.286 9
    endloop
  endfacet
  facet normal 0.639232 0.302278 0.707114
    outer loop
      vertex 9.71277 183.174 5
      vertex 9.4612 183.706 5
      vertex 6.18079 181.286 9
    endloop
  endfacet
  facet normal 0.302743 0.639005 0.707121
    outer loop
      vertex 12.7057 180.461 5
      vertex 12.1738 180.713 5
      vertex 10.286 177.181 9
    endloop
  endfacet
  facet normal 0.80312 0.595817 0
    outer loop
      vertex 7.2699 179.656 22.2
      vertex 6.6853 180.444 9
      vertex 6.6853 180.444 22.2
    endloop
  endfacet
  facet normal 0.80312 0.595817 0
    outer loop
      vertex 6.6853 180.444 9
      vertex 7.2699 179.656 22.2
      vertex 7.2699 179.656 9
    endloop
  endfacet
  facet normal 0.567891 0.421306 0.707107
    outer loop
      vertex 7.2699 179.656 9
      vertex 10.0152 182.669 5
      vertex 6.6853 180.444 9
    endloop
  endfacet
  facet normal -0.567897 0.42131 0.7071
    outer loop
      vertex 37.0035 179.656 9
      vertex 37.5881 180.444 9
      vertex 34.2583 182.669 5
    endloop
  endfacet
  facet normal -0.80312 0.595817 0
    outer loop
      vertex 37.0035 179.656 9
      vertex 37.5881 180.444 22.2
      vertex 37.5881 180.444 9
    endloop
  endfacet
  facet normal -0.80312 0.595817 0
    outer loop
      vertex 37.5881 180.444 22.2
      vertex 37.0035 179.656 9
      vertex 37.0035 179.656 22.2
    endloop
  endfacet
  facet normal 0.639182 0.302361 0.707124
    outer loop
      vertex 6.18079 181.286 9
      vertex 9.4612 183.706 5
      vertex 5.7612 182.173 9
    endloop
  endfacet
  facet normal 0.989183 0.146686 0
    outer loop
      vertex 5.19215 184.049 22.2
      vertex 5.04816 185.02 9
      vertex 5.04816 185.02 22.2
    endloop
  endfacet
  facet normal 0.989183 0.146686 0
    outer loop
      vertex 5.04816 185.02 9
      vertex 5.19215 184.049 22.2
      vertex 5.19215 184.049 9
    endloop
  endfacet
  facet normal 0 0 1
    outer loop
      vertex 35.2414 186.554 5
      vertex 35.2397 185.412 5
      vertex 35.2686 186 5
    endloop
  endfacet
  facet normal 0 0 1
    outer loop
      vertex 35.2414 186.554 5
      vertex 35.1534 184.83 5
      vertex 35.2397 185.412 5
    endloop
  endfacet
  facet normal 0 0 1
    outer loop
      vertex 35.0857 187.495 5
      vertex 35.1534 184.83 5
      vertex 35.2414 186.554 5
    endloop
  endfacet
  facet normal 0 0 1
    outer loop
      vertex 35.0857 187.495 5
      vertex 35.0105 184.26 5
      vertex 35.1534 184.83 5
    endloop
  endfacet
  facet normal 0 0 1
    outer loop
      vertex 35.0857 187.495 5
      vertex 34.8122 183.706 5
      vertex 35.0105 184.26 5
    endloop
  endfacet
  facet normal 0 0 1
    outer loop
      vertex 35.0857 187.495 5
      vertex 34.5607 183.174 5
      vertex 34.8122 183.706 5
    endloop
  endfacet
  facet normal 0 0 1
    outer loop
      vertex 35.0857 187.495 5
      vertex 34.2583 182.669 5
      vertex 34.5607 183.174 5
    endloop
  endfacet
  facet normal 0 0 1
    outer loop
      vertex 35.0857 187.495 5
      vertex 33.9078 182.197 5
      vertex 34.2583 182.669 5
    endloop
  endfacet
  facet normal 0 0 1
    outer loop
      vertex 35.0857 187.495 5
      vertex 33.5127 181.761 5
      vertex 33.9078 182.197 5
    endloop
  endfacet
  facet normal 0 0 1
    outer loop
      vertex 35.0857 187.495 5
      vertex 33.0767 181.366 5
      vertex 33.5127 181.761 5
    endloop
  endfacet
  facet normal 0 0 1
    outer loop
      vertex 35.0857 187.495 5
      vertex 32.6042 181.015 5
      vertex 33.0767 181.366 5
    endloop
  endfacet
  facet normal 0 0 1
    outer loop
      vertex 35.0857 187.495 5
      vertex 32.0996 180.713 5
      vertex 32.6042 181.015 5
    endloop
  endfacet
  facet normal 0 0 1
    outer loop
      vertex 35.0857 187.495 5
      vertex 31.5677 180.461 5
      vertex 32.0996 180.713 5
    endloop
  endfacet
  facet normal 0 0 1
    outer loop
      vertex 35.0857 187.495 5
      vertex 31.0137 180.263 5
      vertex 31.5677 180.461 5
    endloop
  endfacet
  facet normal -0 0 1
    outer loop
      vertex 15 189.946 5
      vertex 35.0857 187.495 5
      vertex 30.757 206 5
    endloop
  endfacet
  facet normal 0 0 1
    outer loop
      vertex 35.0857 187.495 5
      vertex 29.1753 180 5
      vertex 31.0137 180.263 5
    endloop
  endfacet
  facet normal 0 0 1
    outer loop
      vertex 31.0137 180.263 5
      vertex 29.1753 180 5
      vertex 30.4431 180.12 5
    endloop
  endfacet
  facet normal 0 0 1
    outer loop
      vertex 30.4431 180.12 5
      vertex 29.1753 180 5
      vertex 29.8609 180.034 5
    endloop
  endfacet
  facet normal 0 0 1
    outer loop
      vertex 35.0857 187.495 5
      vertex 15 189.946 5
      vertex 29.1753 180 5
    endloop
  endfacet
  facet normal 0 0 1
    outer loop
      vertex 15 189.946 5
      vertex 30.757 206 5
      vertex 15 200.054 5
    endloop
  endfacet
  facet normal -0 0 1
    outer loop
      vertex 9 206 5
      vertex 15 200.054 5
      vertex 30.757 206 5
    endloop
  endfacet
  facet normal 0 0 1
    outer loop
      vertex 15 200.054 5
      vertex 9 206 5
      vertex 9 200.054 5
    endloop
  endfacet
  facet normal 0 0 1
    outer loop
      vertex 29.1753 180 5
      vertex 15 189.946 5
      vertex 15.0981 180 5
    endloop
  endfacet
  facet normal 0 0 1
    outer loop
      vertex 15 189.946 5
      vertex 14.4125 180.034 5
      vertex 15.0981 180 5
    endloop
  endfacet
  facet normal 0 0 1
    outer loop
      vertex 15 189.946 5
      vertex 13.8303 180.12 5
      vertex 14.4125 180.034 5
    endloop
  endfacet
  facet normal 0 0 1
    outer loop
      vertex 15 189.946 5
      vertex 13.2597 180.263 5
      vertex 13.8303 180.12 5
    endloop
  endfacet
  facet normal 0 0 1
    outer loop
      vertex 15 189.946 5
      vertex 12.7057 180.461 5
      vertex 13.2597 180.263 5
    endloop
  endfacet
  facet normal 0 0 1
    outer loop
      vertex 15 189.946 5
      vertex 12.1738 180.713 5
      vertex 12.7057 180.461 5
    endloop
  endfacet
  facet normal 0 0 1
    outer loop
      vertex 15 189.946 5
      vertex 11.6693 181.015 5
      vertex 12.1738 180.713 5
    endloop
  endfacet
  facet normal 0 0 1
    outer loop
      vertex 15 189.946 5
      vertex 11.1967 181.366 5
      vertex 11.6693 181.015 5
    endloop
  endfacet
  facet normal 0 0 1
    outer loop
      vertex 15 189.946 5
      vertex 10.7608 181.761 5
      vertex 11.1967 181.366 5
    endloop
  endfacet
  facet normal 0 0 1
    outer loop
      vertex 15 189.946 5
      vertex 10.3656 182.197 5
      vertex 10.7608 181.761 5
    endloop
  endfacet
  facet normal 0 0 1
    outer loop
      vertex 15 189.946 5
      vertex 10.0152 182.669 5
      vertex 10.3656 182.197 5
    endloop
  endfacet
  facet normal 0 0 1
    outer loop
      vertex 15 189.946 5
      vertex 9.71277 183.174 5
      vertex 10.0152 182.669 5
    endloop
  endfacet
  facet normal 0 0 1
    outer loop
      vertex 15 189.946 5
      vertex 9.4612 183.706 5
      vertex 9.71277 183.174 5
    endloop
  endfacet
  facet normal 0 0 1
    outer loop
      vertex 15 189.946 5
      vertex 9.26297 184.26 5
      vertex 9.4612 183.706 5
    endloop
  endfacet
  facet normal 0 0 1
    outer loop
      vertex 15 189.946 5
      vertex 9.12004 184.83 5
      vertex 9.26297 184.26 5
    endloop
  endfacet
  facet normal 0 0 1
    outer loop
      vertex 15 189.946 5
      vertex 9.03369 185.412 5
      vertex 9.12004 184.83 5
    endloop
  endfacet
  facet normal 0 0 1
    outer loop
      vertex 9 186.098 5
      vertex 15 189.946 5
      vertex 9 189.946 5
    endloop
  endfacet
  facet normal 0 0 1
    outer loop
      vertex 15 189.946 5
      vertex 9 186.098 5
      vertex 9.03369 185.412 5
    endloop
  endfacet
  facet normal -0.970041 -0.242943 0
    outer loop
      vertex 40.8078 21.9509 9
      vertex 40.5694 22.9028 22.2
      vertex 40.5694 22.9028 9
    endloop
  endfacet
  facet normal -0.970041 -0.242943 0
    outer loop
      vertex 40.5694 22.9028 22.2
      vertex 40.8078 21.9509 9
      vertex 40.8078 21.9509 22.2
    endloop
  endfacet
  facet normal 0.0491143 -0.998793 0
    outer loop
      vertex 14.0198 29.9518 9
      vertex 15 30 22.2
      vertex 14.0198 29.9518 22.2
    endloop
  endfacet
  facet normal 0.0491143 -0.998793 0
    outer loop
      vertex 15 30 22.2
      vertex 14.0198 29.9518 9
      vertex 15 30 9
    endloop
  endfacet
  facet normal 0.941548 -0.336879 0
    outer loop
      vertex 5.4306 22.9028 22.2
      vertex 5.7612 23.8268 9
      vertex 5.7612 23.8268 22.2
    endloop
  endfacet
  facet normal 0.941548 -0.336879 0
    outer loop
      vertex 5.7612 23.8268 9
      vertex 5.4306 22.9028 22.2
      vertex 5.4306 22.9028 9
    endloop
  endfacet
  facet normal -0.242943 -0.970041 0
    outer loop
      vertex 32.9509 29.8078 9
      vertex 33.9028 29.5694 22.2
      vertex 32.9509 29.8078 22.2
    endloop
  endfacet
  facet normal -0.242943 -0.970041 -0
    outer loop
      vertex 33.9028 29.5694 22.2
      vertex 32.9509 29.8078 9
      vertex 33.9028 29.5694 9
    endloop
  endfacet
  facet normal 0.998795 -0.0490736 0
    outer loop
      vertex 5 20 22.2
      vertex 5.04816 20.9802 9
      vertex 5.04816 20.9802 22.2
    endloop
  endfacet
  facet normal 0.998795 -0.0490736 0
    outer loop
      vertex 5.04816 20.9802 9
      vertex 5 20 22.2
      vertex 5 20 9
    endloop
  endfacet
  facet normal 0.514102 -0.857729 0
    outer loop
      vertex 9.44429 28.3147 9
      vertex 10.286 28.8192 22.2
      vertex 9.44429 28.3147 22.2
    endloop
  endfacet
  facet normal 0.514102 -0.857729 0
    outer loop
      vertex 10.286 28.8192 22.2
      vertex 9.44429 28.3147 9
      vertex 10.286 28.8192 9
    endloop
  endfacet
  facet normal -0.803192 -0.59572 0
    outer loop
      vertex 39.3147 25.5557 9
      vertex 38.7301 26.3439 22.2
      vertex 38.7301 26.3439 9
    endloop
  endfacet
  facet normal -0.803192 -0.59572 0
    outer loop
      vertex 38.7301 26.3439 22.2
      vertex 39.3147 25.5557 9
      vertex 39.3147 25.5557 22.2
    endloop
  endfacet
  facet normal 0.707107 -0 0.707107
    outer loop
      vertex 5 0 9
      vertex 9 19.9019 5
      vertex 5 20 9
    endloop
  endfacet
  facet normal 0.707107 0 0.707107
    outer loop
      vertex 9 19.9019 5
      vertex 5 0 9
      vertex 9 0 5
    endloop
  endfacet
  facet normal -0.336879 -0.941548 0
    outer loop
      vertex 33.9028 29.5694 9
      vertex 34.8268 29.2388 22.2
      vertex 33.9028 29.5694 22.2
    endloop
  endfacet
  facet normal -0.336879 -0.941548 -0
    outer loop
      vertex 34.8268 29.2388 22.2
      vertex 33.9028 29.5694 9
      vertex 34.8268 29.2388 9
    endloop
  endfacet
  facet normal 0.59571 -0.8032 0
    outer loop
      vertex 8.65607 27.7301 9
      vertex 9.44429 28.3147 22.2
      vertex 8.65607 27.7301 22.2
    endloop
  endfacet
  facet normal 0.59571 -0.8032 0
    outer loop
      vertex 9.44429 28.3147 22.2
      vertex 8.65607 27.7301 9
      vertex 9.44429 28.3147 9
    endloop
  endfacet
  facet normal -0.52385 -0.474938 0.707117
    outer loop
      vertex 35.6344 23.8033 5
      vertex 38.0711 27.0711 9
      vertex 35.2392 24.2392 5
    endloop
  endfacet
  facet normal 1 -0 0
    outer loop
      vertex 5 0 22.2
      vertex 5 20 9
      vertex 5 20 22.2
    endloop
  endfacet
  facet normal 1 0 0
    outer loop
      vertex 5 20 9
      vertex 5 0 22.2
      vertex 5 0 9
    endloop
  endfacet
  facet normal 0.671531 -0.740977 0
    outer loop
      vertex 7.92892 27.0711 9
      vertex 8.65607 27.7301 22.2
      vertex 7.92892 27.0711 22.2
    endloop
  endfacet
  facet normal 0.671531 -0.740977 0
    outer loop
      vertex 8.65607 27.7301 22.2
      vertex 7.92892 27.0711 9
      vertex 8.65607 27.7301 9
    endloop
  endfacet
  facet normal 0.302355 -0.6392 0.70711
    outer loop
      vertex 12.1738 25.2872 5
      vertex 12.7057 25.5388 5
      vertex 10.286 28.8192 9
    endloop
  endfacet
  facet normal 0.740989 -0.671517 0
    outer loop
      vertex 7.2699 26.3439 22.2
      vertex 7.92892 27.0711 9
      vertex 7.92892 27.0711 22.2
    endloop
  endfacet
  facet normal 0.740989 -0.671517 0
    outer loop
      vertex 7.92892 27.0711 9
      vertex 7.2699 26.3439 22.2
      vertex 7.2699 26.3439 9
    endloop
  endfacet
  facet normal 0.903999 -0.427535 0
    outer loop
      vertex 5.7612 23.8268 22.2
      vertex 6.18079 24.714 9
      vertex 6.18079 24.714 22.2
    endloop
  endfacet
  facet normal 0.903999 -0.427535 0
    outer loop
      vertex 6.18079 24.714 9
      vertex 5.7612 23.8268 22.2
      vertex 5.7612 23.8268 9
    endloop
  endfacet
  facet normal -1 0 0
    outer loop
      vertex 41 0 9
      vertex 41 20 22.2
      vertex 41 20 9
    endloop
  endfacet
  facet normal -1 -0 0
    outer loop
      vertex 41 20 22.2
      vertex 41 0 9
      vertex 41 0 22.2
    endloop
  endfacet
  facet normal -0.0491143 -0.998793 0
    outer loop
      vertex 31 30 9
      vertex 31.9802 29.9518 22.2
      vertex 31 30 22.2
    endloop
  endfacet
  facet normal -0.0491143 -0.998793 -0
    outer loop
      vertex 31.9802 29.9518 22.2
      vertex 31 30 9
      vertex 31.9802 29.9518 9
    endloop
  endfacet
  facet normal -0.998793 -0.0491143 0
    outer loop
      vertex 41 20 9
      vertex 40.9518 20.9802 22.2
      vertex 40.9518 20.9802 9
    endloop
  endfacet
  facet normal -0.998793 -0.0491143 0
    outer loop
      vertex 40.9518 20.9802 22.2
      vertex 41 20 9
      vertex 41 20 22.2
    endloop
  endfacet
  facet normal 0.567941 -0.421236 0.707109
    outer loop
      vertex 10.0152 23.3307 5
      vertex 7.2699 26.3439 9
      vertex 6.6853 25.5557 9
    endloop
  endfacet
  facet normal 0.706255 -0.034705 0.707107
    outer loop
      vertex 9 19.9019 5
      vertex 9.03369 20.5875 5
      vertex 5.04816 20.9802 9
    endloop
  endfacet
  facet normal 0.427543 -0.903995 0
    outer loop
      vertex 10.286 28.8192 9
      vertex 11.1732 29.2388 22.2
      vertex 10.286 28.8192 22.2
    endloop
  endfacet
  facet normal 0.427543 -0.903995 0
    outer loop
      vertex 11.1732 29.2388 22.2
      vertex 10.286 28.8192 9
      vertex 11.1732 29.2388 9
    endloop
  endfacet
  facet normal 0.242943 -0.970041 0
    outer loop
      vertex 12.0972 29.5694 9
      vertex 13.0491 29.8078 22.2
      vertex 12.0972 29.5694 22.2
    endloop
  endfacet
  facet normal 0.242943 -0.970041 0
    outer loop
      vertex 13.0491 29.8078 22.2
      vertex 12.0972 29.5694 9
      vertex 13.0491 29.8078 9
    endloop
  endfacet
  facet normal 0.146741 -0.989175 0
    outer loop
      vertex 13.0491 29.8078 9
      vertex 14.0198 29.9518 22.2
      vertex 13.0491 29.8078 22.2
    endloop
  endfacet
  facet normal 0.146741 -0.989175 0
    outer loop
      vertex 14.0198 29.9518 22.2
      vertex 13.0491 29.8078 9
      vertex 14.0198 29.9518 9
    endloop
  endfacet
  facet normal -0.171894 -0.685892 0.70711
    outer loop
      vertex 32.7403 25.737 5
      vertex 33.9028 29.5694 9
      vertex 32.1697 25.88 5
    endloop
  endfacet
  facet normal -0.989175 -0.146741 0
    outer loop
      vertex 40.9518 20.9802 9
      vertex 40.8078 21.9509 22.2
      vertex 40.8078 21.9509 9
    endloop
  endfacet
  facet normal -0.989175 -0.146741 0
    outer loop
      vertex 40.8078 21.9509 22.2
      vertex 40.9518 20.9802 9
      vertex 40.9518 20.9802 22.2
    endloop
  endfacet
  facet normal -0.741 -0.671505 0
    outer loop
      vertex 38.7301 26.3439 9
      vertex 38.0711 27.0711 22.2
      vertex 38.0711 27.0711 9
    endloop
  endfacet
  facet normal -0.741 -0.671505 0
    outer loop
      vertex 38.0711 27.0711 22.2
      vertex 38.7301 26.3439 9
      vertex 38.7301 26.3439 22.2
    endloop
  endfacet
  facet normal 0 -1 0
    outer loop
      vertex 15 30 9
      vertex 31 30 22.2
      vertex 15 30 22.2
    endloop
  endfacet
  facet normal 0 -1 -0
    outer loop
      vertex 31 30 22.2
      vertex 15 30 9
      vertex 31 30 9
    endloop
  endfacet
  facet normal -0.69946 -0.103762 0.707099
    outer loop
      vertex 40.9518 20.9802 9
      vertex 40.8078 21.9509 9
      vertex 36.88 21.1697 5
    endloop
  endfacet
  facet normal 0.857722 -0.514114 0
    outer loop
      vertex 6.18079 24.714 22.2
      vertex 6.6853 25.5557 9
      vertex 6.6853 25.5557 22.2
    endloop
  endfacet
  facet normal 0.857722 -0.514114 0
    outer loop
      vertex 6.6853 25.5557 9
      vertex 6.18079 24.714 22.2
      vertex 6.18079 24.714 9
    endloop
  endfacet
  facet normal 0.336879 -0.941548 0
    outer loop
      vertex 11.1732 29.2388 9
      vertex 12.0972 29.5694 22.2
      vertex 11.1732 29.2388 22.2
    endloop
  endfacet
  facet normal 0.336879 -0.941548 0
    outer loop
      vertex 12.0972 29.5694 22.2
      vertex 11.1732 29.2388 9
      vertex 12.0972 29.5694 9
    endloop
  endfacet
  facet normal -0.59572 -0.803192 0
    outer loop
      vertex 36.5557 28.3147 9
      vertex 37.3439 27.7301 22.2
      vertex 36.5557 28.3147 22.2
    endloop
  endfacet
  facet normal -0.59572 -0.803192 -0
    outer loop
      vertex 37.3439 27.7301 22.2
      vertex 36.5557 28.3147 9
      vertex 37.3439 27.7301 9
    endloop
  endfacet
  facet normal -0.903995 -0.427543 0
    outer loop
      vertex 40.2388 23.8268 9
      vertex 39.8192 24.714 22.2
      vertex 39.8192 24.714 9
    endloop
  endfacet
  facet normal -0.903995 -0.427543 0
    outer loop
      vertex 39.8192 24.714 22.2
      vertex 40.2388 23.8268 9
      vertex 40.2388 23.8268 22.2
    endloop
  endfacet
  facet normal -0.52397 -0.47483 0.707101
    outer loop
      vertex 38.7301 26.3439 9
      vertex 38.0711 27.0711 9
      vertex 35.6344 23.8033 5
    endloop
  endfacet
  facet normal -0.427543 -0.903995 0
    outer loop
      vertex 34.8268 29.2388 9
      vertex 35.714 28.8192 22.2
      vertex 34.8268 29.2388 22.2
    endloop
  endfacet
  facet normal -0.427543 -0.903995 -0
    outer loop
      vertex 35.714 28.8192 22.2
      vertex 34.8268 29.2388 9
      vertex 35.714 28.8192 9
    endloop
  endfacet
  facet normal 0.970028 -0.242991 0
    outer loop
      vertex 5.19215 21.9509 22.2
      vertex 5.4306 22.9028 9
      vertex 5.4306 22.9028 22.2
    endloop
  endfacet
  facet normal 0.970028 -0.242991 0
    outer loop
      vertex 5.4306 22.9028 9
      vertex 5.19215 21.9509 22.2
      vertex 5.19215 21.9509 9
    endloop
  endfacet
  facet normal 0.989176 -0.146731 0
    outer loop
      vertex 5.04816 20.9802 22.2
      vertex 5.19215 21.9509 9
      vertex 5.19215 21.9509 22.2
    endloop
  endfacet
  facet normal 0.989176 -0.146731 0
    outer loop
      vertex 5.19215 21.9509 9
      vertex 5.04816 20.9802 22.2
      vertex 5.04816 20.9802 9
    endloop
  endfacet
  facet normal 0.699454 -0.103741 0.707108
    outer loop
      vertex 9.03369 20.5875 5
      vertex 9.12004 21.1697 5
      vertex 5.04816 20.9802 9
    endloop
  endfacet
  facet normal -0.671505 -0.741 0
    outer loop
      vertex 37.3439 27.7301 9
      vertex 38.0711 27.0711 22.2
      vertex 37.3439 27.7301 22.2
    endloop
  endfacet
  facet normal -0.671505 -0.741 -0
    outer loop
      vertex 38.0711 27.0711 22.2
      vertex 37.3439 27.7301 9
      vertex 38.0711 27.0711 9
    endloop
  endfacet
  facet normal -0.514106 -0.857727 0
    outer loop
      vertex 35.714 28.8192 9
      vertex 36.5557 28.3147 22.2
      vertex 35.714 28.8192 22.2
    endloop
  endfacet
  facet normal -0.514106 -0.857727 -0
    outer loop
      vertex 36.5557 28.3147 22.2
      vertex 35.714 28.8192 9
      vertex 36.5557 28.3147 9
    endloop
  endfacet
  facet normal 0.0347153 -0.706256 0.707104
    outer loop
      vertex 14.4125 25.9663 5
      vertex 15.0981 26 5
      vertex 14.0198 29.9518 9
    endloop
  endfacet
  facet normal -0.941548 -0.336879 0
    outer loop
      vertex 40.5694 22.9028 9
      vertex 40.2388 23.8268 22.2
      vertex 40.2388 23.8268 9
    endloop
  endfacet
  facet normal -0.941548 -0.336879 0
    outer loop
      vertex 40.2388 23.8268 22.2
      vertex 40.5694 22.9028 9
      vertex 40.5694 22.9028 22.2
    endloop
  endfacet
  facet normal -0.146741 -0.989175 0
    outer loop
      vertex 31.9802 29.9518 9
      vertex 32.9509 29.8078 22.2
      vertex 31.9802 29.9518 22.2
    endloop
  endfacet
  facet normal -0.146741 -0.989175 -0
    outer loop
      vertex 32.9509 29.8078 22.2
      vertex 31.9802 29.9518 9
      vertex 32.9509 29.8078 9
    endloop
  endfacet
  facet normal -0.238209 -0.665774 0.707108
    outer loop
      vertex 34.8268 29.2388 9
      vertex 33.9028 29.5694 9
      vertex 32.7403 25.737 5
    endloop
  endfacet
  facet normal -0.857727 -0.514106 0
    outer loop
      vertex 39.8192 24.714 9
      vertex 39.3147 25.5557 22.2
      vertex 39.3147 25.5557 9
    endloop
  endfacet
  facet normal -0.857727 -0.514106 0
    outer loop
      vertex 39.3147 25.5557 22.2
      vertex 39.8192 24.714 9
      vertex 39.8192 24.714 22.2
    endloop
  endfacet
  facet normal 0.803192 -0.59572 0
    outer loop
      vertex 6.6853 25.5557 22.2
      vertex 7.2699 26.3439 9
      vertex 7.2699 26.3439 22.2
    endloop
  endfacet
  facet normal 0.803192 -0.59572 0
    outer loop
      vertex 7.2699 26.3439 9
      vertex 6.6853 25.5557 22.2
      vertex 6.6853 25.5557 9
    endloop
  endfacet
  facet normal -0.302319 -0.639222 0.707106
    outer loop
      vertex 35.714 28.8192 9
      vertex 34.8268 29.2388 9
      vertex 33.2943 25.5388 5
    endloop
  endfacet
  facet normal 0.302319 -0.639222 0.707106
    outer loop
      vertex 12.7057 25.5388 5
      vertex 11.1732 29.2388 9
      vertex 10.286 28.8192 9
    endloop
  endfacet
  facet normal 0.606499 -0.363532 0.70711
    outer loop
      vertex 10.0152 23.3307 5
      vertex 6.6853 25.5557 9
      vertex 6.18079 24.714 9
    endloop
  endfacet
  facet normal -0.103762 -0.69946 0.707099
    outer loop
      vertex 32.1697 25.88 5
      vertex 32.9509 29.8078 9
      vertex 31.9802 29.9518 9
    endloop
  endfacet
  facet normal -0.171789 -0.68593 0.707099
    outer loop
      vertex 33.9028 29.5694 9
      vertex 32.9509 29.8078 9
      vertex 32.1697 25.88 5
    endloop
  endfacet
  facet normal -0.363537 -0.606497 0.707108
    outer loop
      vertex 34.3307 24.9848 5
      vertex 35.714 28.8192 9
      vertex 33.8262 25.2872 5
    endloop
  endfacet
  facet normal -0.639222 -0.302319 0.707106
    outer loop
      vertex 40.2388 23.8268 9
      vertex 39.8192 24.714 9
      vertex 36.5388 22.2943 5
    endloop
  endfacet
  facet normal -0.363527 -0.606502 0.707109
    outer loop
      vertex 36.5557 28.3147 9
      vertex 35.714 28.8192 9
      vertex 34.3307 24.9848 5
    endloop
  endfacet
  facet normal 0.699453 -0.103754 0.707107
    outer loop
      vertex 9.12004 21.1697 5
      vertex 5.19215 21.9509 9
      vertex 5.04816 20.9802 9
    endloop
  endfacet
  facet normal 0.0347291 -0.706254 0.707106
    outer loop
      vertex 15.0981 26 5
      vertex 15 30 9
      vertex 14.0198 29.9518 9
    endloop
  endfacet
  facet normal 0.639224 -0.302313 0.707106
    outer loop
      vertex 9.4612 22.2943 5
      vertex 6.18079 24.714 9
      vertex 5.7612 23.8268 9
    endloop
  endfacet
  facet normal 0.685915 -0.171821 0.707106
    outer loop
      vertex 9.12004 21.1697 5
      vertex 5.4306 22.9028 9
      vertex 5.19215 21.9509 9
    endloop
  endfacet
  facet normal 0.706255 -0.0347003 0.707106
    outer loop
      vertex 9 19.9019 5
      vertex 5.04816 20.9802 9
      vertex 5 20 9
    endloop
  endfacet
  facet normal 0.421229 -0.567945 0.70711
    outer loop
      vertex 11.6693 24.9848 5
      vertex 9.44429 28.3147 9
      vertex 8.65607 27.7301 9
    endloop
  endfacet
  facet normal -0.103682 -0.699464 0.707107
    outer loop
      vertex 32.1697 25.88 5
      vertex 31.9802 29.9518 9
      vertex 31.5875 25.9663 5
    endloop
  endfacet
  facet normal 0 -0.707107 0.707107
    outer loop
      vertex 15.0981 26 5
      vertex 31 30 9
      vertex 15 30 9
    endloop
  endfacet
  facet normal 0 -0.707107 0.707107
    outer loop
      vertex 31 30 9
      vertex 15.0981 26 5
      vertex 30.9019 26 5
    endloop
  endfacet
  facet normal -0.0347291 -0.706254 0.707106
    outer loop
      vertex 31.9802 29.9518 9
      vertex 31 30 9
      vertex 30.9019 26 5
    endloop
  endfacet
  facet normal 0.523963 -0.474838 0.707101
    outer loop
      vertex 10.3656 23.8033 5
      vertex 7.92892 27.0711 9
      vertex 7.2699 26.3439 9
    endloop
  endfacet
  facet normal -0.0347153 -0.706256 0.707104
    outer loop
      vertex 31.5875 25.9663 5
      vertex 31.9802 29.9518 9
      vertex 30.9019 26 5
    endloop
  endfacet
  facet normal 0.66577 -0.238223 0.707107
    outer loop
      vertex 9.26297 21.7403 5
      vertex 9.4612 22.2943 5
      vertex 5.7612 23.8268 9
    endloop
  endfacet
  facet normal 0.363523 -0.606504 0.70711
    outer loop
      vertex 11.6693 24.9848 5
      vertex 10.286 28.8192 9
      vertex 9.44429 28.3147 9
    endloop
  endfacet
  facet normal -0.706256 -0.0347153 0.707104
    outer loop
      vertex 37 19.9019 5
      vertex 40.9518 20.9802 9
      vertex 36.9663 20.5875 5
    endloop
  endfacet
  facet normal 0.606483 -0.363565 0.707106
    outer loop
      vertex 9.71277 22.8262 5
      vertex 10.0152 23.3307 5
      vertex 6.18079 24.714 9
    endloop
  endfacet
  facet normal -0.699464 -0.103682 0.707107
    outer loop
      vertex 36.9663 20.5875 5
      vertex 40.9518 20.9802 9
      vertex 36.88 21.1697 5
    endloop
  endfacet
  facet normal -0.68593 -0.171789 0.707099
    outer loop
      vertex 40.8078 21.9509 9
      vertex 40.5694 22.9028 9
      vertex 36.88 21.1697 5
    endloop
  endfacet
  facet normal -0.706254 -0.0347291 0.707106
    outer loop
      vertex 41 20 9
      vertex 40.9518 20.9802 9
      vertex 37 19.9019 5
    endloop
  endfacet
  facet normal 0.103762 -0.69946 0.707099
    outer loop
      vertex 13.8303 25.88 5
      vertex 14.0198 29.9518 9
      vertex 13.0491 29.8078 9
    endloop
  endfacet
  facet normal -0.685892 -0.171894 0.70711
    outer loop
      vertex 36.88 21.1697 5
      vertex 40.5694 22.9028 9
      vertex 36.737 21.7403 5
    endloop
  endfacet
  facet normal -0.665774 -0.238209 0.707108
    outer loop
      vertex 40.5694 22.9028 9
      vertex 40.2388 23.8268 9
      vertex 36.737 21.7403 5
    endloop
  endfacet
  facet normal -0.568021 -0.421148 0.707098
    outer loop
      vertex 35.9848 23.3307 5
      vertex 38.7301 26.3439 9
      vertex 35.6344 23.8033 5
    endloop
  endfacet
  facet normal -0.707107 0 0.707107
    outer loop
      vertex 41 0 9
      vertex 37 19.9019 5
      vertex 37 0 5
    endloop
  endfacet
  facet normal -0.707107 0 0.707107
    outer loop
      vertex 37 19.9019 5
      vertex 41 0 9
      vertex 41 20 9
    endloop
  endfacet
  facet normal 0.421147 -0.568019 0.707099
    outer loop
      vertex 11.1967 24.6344 5
      vertex 11.6693 24.9848 5
      vertex 8.65607 27.7301 9
    endloop
  endfacet
  facet normal 0 0 1
    outer loop
      vertex 37 0 5
      vertex 15.6421 7.71173 5
      vertex 15.65 7.55 5
    endloop
  endfacet
  facet normal 0 0 1
    outer loop
      vertex 37 19.9019 5
      vertex 15.6183 7.8719 5
      vertex 15.6421 7.71173 5
    endloop
  endfacet
  facet normal 0 0 1
    outer loop
      vertex 37 19.9019 5
      vertex 15.579 8.02897 5
      vertex 15.6183 7.8719 5
    endloop
  endfacet
  facet normal 0 0 1
    outer loop
      vertex 37 19.9019 5
      vertex 15.5244 8.18143 5
      vertex 15.579 8.02897 5
    endloop
  endfacet
  facet normal 0 0 1
    outer loop
      vertex 37 19.9019 5
      vertex 15.4552 8.3278 5
      vertex 15.5244 8.18143 5
    endloop
  endfacet
  facet normal 0 0 1
    outer loop
      vertex 37 19.9019 5
      vertex 15.3719 8.46669 5
      vertex 15.4552 8.3278 5
    endloop
  endfacet
  facet normal 0 0 1
    outer loop
      vertex 30.9019 26 5
      vertex 15.2755 8.59675 5
      vertex 15.3719 8.46669 5
    endloop
  endfacet
  facet normal 0 0 1
    outer loop
      vertex 30.9019 26 5
      vertex 15.1667 8.71673 5
      vertex 15.2755 8.59675 5
    endloop
  endfacet
  facet normal -0 0 1
    outer loop
      vertex 15.0981 26 5
      vertex 15.1667 8.71673 5
      vertex 30.9019 26 5
    endloop
  endfacet
  facet normal 0 0 1
    outer loop
      vertex 15.0981 26 5
      vertex 15.0467 8.82547 5
      vertex 15.1667 8.71673 5
    endloop
  endfacet
  facet normal 0 0 1
    outer loop
      vertex 15.0981 26 5
      vertex 14.9167 8.92192 5
      vertex 15.0467 8.82547 5
    endloop
  endfacet
  facet normal 0 0 1
    outer loop
      vertex 15.0981 26 5
      vertex 14.7778 9.00517 5
      vertex 14.9167 8.92192 5
    endloop
  endfacet
  facet normal 0 0 1
    outer loop
      vertex 15.0981 26 5
      vertex 14.6314 9.0744 5
      vertex 14.7778 9.00517 5
    endloop
  endfacet
  facet normal 0 0 1
    outer loop
      vertex 15.0981 26 5
      vertex 14.479 9.12895 5
      vertex 14.6314 9.0744 5
    endloop
  endfacet
  facet normal 0 0 1
    outer loop
      vertex 9 19.9019 5
      vertex 15.0981 26 5
      vertex 14.4125 25.9663 5
    endloop
  endfacet
  facet normal 0 0 1
    outer loop
      vertex 15.0981 26 5
      vertex 9 19.9019 5
      vertex 14.479 9.12895 5
    endloop
  endfacet
  facet normal 0 0 1
    outer loop
      vertex 14.479 9.12895 5
      vertex 9 19.9019 5
      vertex 14.3219 9.16829 5
    endloop
  endfacet
  facet normal 0 0 1
    outer loop
      vertex 14.3219 9.16829 5
      vertex 9 19.9019 5
      vertex 14.1617 9.19205 5
    endloop
  endfacet
  facet normal 0 0 1
    outer loop
      vertex 14.1617 9.19205 5
      vertex 9 19.9019 5
      vertex 14 9.2 5
    endloop
  endfacet
  facet normal 0 0 1
    outer loop
      vertex 9 19.9019 5
      vertex 14.4125 25.9663 5
      vertex 13.8303 25.88 5
    endloop
  endfacet
  facet normal 0 0 1
    outer loop
      vertex 14 9.2 5
      vertex 9 19.9019 5
      vertex 13.8383 9.19205 5
    endloop
  endfacet
  facet normal 0 0 1
    outer loop
      vertex 13.8383 9.19205 5
      vertex 9 19.9019 5
      vertex 13.6781 9.16829 5
    endloop
  endfacet
  facet normal 0 0 1
    outer loop
      vertex 13.6781 9.16829 5
      vertex 9 19.9019 5
      vertex 13.521 9.12895 5
    endloop
  endfacet
  facet normal 0 0 1
    outer loop
      vertex 9 19.9019 5
      vertex 13.8303 25.88 5
      vertex 13.2597 25.737 5
    endloop
  endfacet
  facet normal 0 0 1
    outer loop
      vertex 13.521 9.12895 5
      vertex 9 19.9019 5
      vertex 13.3686 9.0744 5
    endloop
  endfacet
  facet normal 0 0 1
    outer loop
      vertex 13.3686 9.0744 5
      vertex 9 19.9019 5
      vertex 13.2222 9.00517 5
    endloop
  endfacet
  facet normal 0 0 1
    outer loop
      vertex 13.2222 9.00517 5
      vertex 9 19.9019 5
      vertex 13.0833 8.92192 5
    endloop
  endfacet
  facet normal 0 0 1
    outer loop
      vertex 13.0833 8.92192 5
      vertex 9 19.9019 5
      vertex 12.9533 8.82547 5
    endloop
  endfacet
  facet normal 0 0 1
    outer loop
      vertex 12.9533 8.82547 5
      vertex 9 19.9019 5
      vertex 12.8333 8.71673 5
    endloop
  endfacet
  facet normal 0 0 1
    outer loop
      vertex 9 19.9019 5
      vertex 13.2597 25.737 5
      vertex 12.7057 25.5388 5
    endloop
  endfacet
  facet normal 0 0 1
    outer loop
      vertex 12.8333 8.71673 5
      vertex 9 19.9019 5
      vertex 12.7245 8.59675 5
    endloop
  endfacet
  facet normal 0 0 1
    outer loop
      vertex 12.7245 8.59675 5
      vertex 9 19.9019 5
      vertex 12.6281 8.46669 5
    endloop
  endfacet
  facet normal 0 0 1
    outer loop
      vertex 12.6281 8.46669 5
      vertex 9 19.9019 5
      vertex 12.5448 8.3278 5
    endloop
  endfacet
  facet normal 0 0 1
    outer loop
      vertex 12.5448 8.3278 5
      vertex 9 19.9019 5
      vertex 12.4756 8.18143 5
    endloop
  endfacet
  facet normal 0 0 1
    outer loop
      vertex 12.4756 8.18143 5
      vertex 9 19.9019 5
      vertex 12.421 8.02897 5
    endloop
  endfacet
  facet normal 0 0 1
    outer loop
      vertex 12.421 8.02897 5
      vertex 9 19.9019 5
      vertex 12.3817 7.8719 5
    endloop
  endfacet
  facet normal 0 0 1
    outer loop
      vertex 12.3817 7.8719 5
      vertex 9 19.9019 5
      vertex 12.3579 7.71173 5
    endloop
  endfacet
  facet normal 0 0 1
    outer loop
      vertex 9 19.9019 5
      vertex 12.7057 25.5388 5
      vertex 12.1738 25.2872 5
    endloop
  endfacet
  facet normal 0 0 1
    outer loop
      vertex 9 0 5
      vertex 12.3579 7.71173 5
      vertex 9 19.9019 5
    endloop
  endfacet
  facet normal 0 0 1
    outer loop
      vertex 9 19.9019 5
      vertex 12.1738 25.2872 5
      vertex 11.6693 24.9848 5
    endloop
  endfacet
  facet normal 0 0 1
    outer loop
      vertex 9 19.9019 5
      vertex 11.6693 24.9848 5
      vertex 11.1967 24.6344 5
    endloop
  endfacet
  facet normal 0 0 1
    outer loop
      vertex 9 19.9019 5
      vertex 11.1967 24.6344 5
      vertex 10.7608 24.2392 5
    endloop
  endfacet
  facet normal 0 0 1
    outer loop
      vertex 9 19.9019 5
      vertex 10.7608 24.2392 5
      vertex 10.3656 23.8033 5
    endloop
  endfacet
  facet normal 0 0 1
    outer loop
      vertex 9 19.9019 5
      vertex 10.3656 23.8033 5
      vertex 10.0152 23.3307 5
    endloop
  endfacet
  facet normal 0 0 1
    outer loop
      vertex 9 19.9019 5
      vertex 10.0152 23.3307 5
      vertex 9.71277 22.8262 5
    endloop
  endfacet
  facet normal 0 0 1
    outer loop
      vertex 9 19.9019 5
      vertex 9.71277 22.8262 5
      vertex 9.4612 22.2943 5
    endloop
  endfacet
  facet normal 0 0 1
    outer loop
      vertex 9 19.9019 5
      vertex 9.4612 22.2943 5
      vertex 9.26297 21.7403 5
    endloop
  endfacet
  facet normal 0 0 1
    outer loop
      vertex 9 19.9019 5
      vertex 9.26297 21.7403 5
      vertex 9.12004 21.1697 5
    endloop
  endfacet
  facet normal 0 0 1
    outer loop
      vertex 9 19.9019 5
      vertex 9.12004 21.1697 5
      vertex 9.03369 20.5875 5
    endloop
  endfacet
  facet normal 0 0 1
    outer loop
      vertex 12.3579 7.71173 5
      vertex 9 0 5
      vertex 12.35 7.55 5
    endloop
  endfacet
  facet normal 0 0 1
    outer loop
      vertex 12.35 7.55 5
      vertex 9 0 5
      vertex 12.35 0 5
    endloop
  endfacet
  facet normal 0 0 1
    outer loop
      vertex 30.9019 26 5
      vertex 37 19.9019 5
      vertex 36.9663 20.5875 5
    endloop
  endfacet
  facet normal 0 0 1
    outer loop
      vertex 30.9019 26 5
      vertex 36.9663 20.5875 5
      vertex 36.88 21.1697 5
    endloop
  endfacet
  facet normal 0 0 1
    outer loop
      vertex 30.9019 26 5
      vertex 36.88 21.1697 5
      vertex 36.737 21.7403 5
    endloop
  endfacet
  facet normal 0 0 1
    outer loop
      vertex 30.9019 26 5
      vertex 36.737 21.7403 5
      vertex 36.5388 22.2943 5
    endloop
  endfacet
  facet normal 0 0 1
    outer loop
      vertex 30.9019 26 5
      vertex 36.5388 22.2943 5
      vertex 36.2872 22.8262 5
    endloop
  endfacet
  facet normal 0 0 1
    outer loop
      vertex 30.9019 26 5
      vertex 36.2872 22.8262 5
      vertex 35.9848 23.3307 5
    endloop
  endfacet
  facet normal 0 0 1
    outer loop
      vertex 30.9019 26 5
      vertex 35.9848 23.3307 5
      vertex 35.6344 23.8033 5
    endloop
  endfacet
  facet normal 0 0 1
    outer loop
      vertex 30.9019 26 5
      vertex 35.6344 23.8033 5
      vertex 35.2392 24.2392 5
    endloop
  endfacet
  facet normal 0 0 1
    outer loop
      vertex 30.9019 26 5
      vertex 35.2392 24.2392 5
      vertex 34.8033 24.6344 5
    endloop
  endfacet
  facet normal 0 0 1
    outer loop
      vertex 30.9019 26 5
      vertex 34.8033 24.6344 5
      vertex 34.3307 24.9848 5
    endloop
  endfacet
  facet normal 0 0 1
    outer loop
      vertex 30.9019 26 5
      vertex 34.3307 24.9848 5
      vertex 33.8262 25.2872 5
    endloop
  endfacet
  facet normal 0 0 1
    outer loop
      vertex 30.9019 26 5
      vertex 33.8262 25.2872 5
      vertex 33.2943 25.5388 5
    endloop
  endfacet
  facet normal 0 0 1
    outer loop
      vertex 30.9019 26 5
      vertex 33.2943 25.5388 5
      vertex 32.7403 25.737 5
    endloop
  endfacet
  facet normal 0 0 1
    outer loop
      vertex 30.9019 26 5
      vertex 32.7403 25.737 5
      vertex 32.1697 25.88 5
    endloop
  endfacet
  facet normal 0 0 1
    outer loop
      vertex 30.9019 26 5
      vertex 32.1697 25.88 5
      vertex 31.5875 25.9663 5
    endloop
  endfacet
  facet normal 0 0 1
    outer loop
      vertex 15.3719 8.46669 5
      vertex 37 19.9019 5
      vertex 30.9019 26 5
    endloop
  endfacet
  facet normal -0 0 1
    outer loop
      vertex 15.6421 7.71173 5
      vertex 37 0 5
      vertex 37 19.9019 5
    endloop
  endfacet
  facet normal 0 0 1
    outer loop
      vertex 37 0 5
      vertex 15.65 7.55 5
      vertex 15.65 0 5
    endloop
  endfacet
  facet normal 0.639216 -0.302327 0.707108
    outer loop
      vertex 9.4612 22.2943 5
      vertex 9.71277 22.8262 5
      vertex 6.18079 24.714 9
    endloop
  endfacet
  facet normal 0.685916 -0.171816 0.707105
    outer loop
      vertex 9.12004 21.1697 5
      vertex 9.26297 21.7403 5
      vertex 5.4306 22.9028 9
    endloop
  endfacet
  facet normal 0.665777 -0.23821 0.707105
    outer loop
      vertex 9.26297 21.7403 5
      vertex 5.7612 23.8268 9
      vertex 5.4306 22.9028 9
    endloop
  endfacet
  facet normal -0.567941 -0.421236 0.707109
    outer loop
      vertex 39.3147 25.5557 9
      vertex 38.7301 26.3439 9
      vertex 35.9848 23.3307 5
    endloop
  endfacet
  facet normal -0.606502 -0.363527 0.707109
    outer loop
      vertex 39.8192 24.714 9
      vertex 39.3147 25.5557 9
      vertex 35.9848 23.3307 5
    endloop
  endfacet
  facet normal -0.421236 -0.567941 0.707109
    outer loop
      vertex 37.3439 27.7301 9
      vertex 36.5557 28.3147 9
      vertex 34.3307 24.9848 5
    endloop
  endfacet
  facet normal -0.302355 -0.6392 0.70711
    outer loop
      vertex 33.8262 25.2872 5
      vertex 35.714 28.8192 9
      vertex 33.2943 25.5388 5
    endloop
  endfacet
  facet normal 0.523851 -0.474939 0.707116
    outer loop
      vertex 10.3656 23.8033 5
      vertex 10.7608 24.2392 5
      vertex 7.92892 27.0711 9
    endloop
  endfacet
  facet normal -0.6392 -0.302355 0.70711
    outer loop
      vertex 36.5388 22.2943 5
      vertex 39.8192 24.714 9
      vertex 36.2872 22.8262 5
    endloop
  endfacet
  facet normal -0.421148 -0.568021 0.707098
    outer loop
      vertex 34.8033 24.6344 5
      vertex 37.3439 27.7301 9
      vertex 34.3307 24.9848 5
    endloop
  endfacet
  facet normal -0.47483 -0.52397 0.707101
    outer loop
      vertex 38.0711 27.0711 9
      vertex 37.3439 27.7301 9
      vertex 34.8033 24.6344 5
    endloop
  endfacet
  facet normal 0.103682 -0.699464 0.707107
    outer loop
      vertex 14.4125 25.9663 5
      vertex 14.0198 29.9518 9
      vertex 13.8303 25.88 5
    endloop
  endfacet
  facet normal -0.238191 -0.665782 0.707106
    outer loop
      vertex 33.2943 25.5388 5
      vertex 34.8268 29.2388 9
      vertex 32.7403 25.737 5
    endloop
  endfacet
  facet normal 0.238209 -0.665774 0.707108
    outer loop
      vertex 13.2597 25.737 5
      vertex 12.0972 29.5694 9
      vertex 11.1732 29.2388 9
    endloop
  endfacet
  facet normal 0.171789 -0.68593 0.707099
    outer loop
      vertex 13.8303 25.88 5
      vertex 13.0491 29.8078 9
      vertex 12.0972 29.5694 9
    endloop
  endfacet
  facet normal 0.363537 -0.606497 0.707108
    outer loop
      vertex 11.6693 24.9848 5
      vertex 12.1738 25.2872 5
      vertex 10.286 28.8192 9
    endloop
  endfacet
  facet normal 0.474939 -0.523851 0.707116
    outer loop
      vertex 10.7608 24.2392 5
      vertex 11.1967 24.6344 5
      vertex 7.92892 27.0711 9
    endloop
  endfacet
  facet normal 0.474847 -0.523953 0.707103
    outer loop
      vertex 11.1967 24.6344 5
      vertex 8.65607 27.7301 9
      vertex 7.92892 27.0711 9
    endloop
  endfacet
  facet normal 0.568021 -0.421148 0.707098
    outer loop
      vertex 10.0152 23.3307 5
      vertex 10.3656 23.8033 5
      vertex 7.2699 26.3439 9
    endloop
  endfacet
  facet normal -0.665782 -0.238191 0.707106
    outer loop
      vertex 36.737 21.7403 5
      vertex 40.2388 23.8268 9
      vertex 36.5388 22.2943 5
    endloop
  endfacet
  facet normal -0.606497 -0.363537 0.707108
    outer loop
      vertex 36.2872 22.8262 5
      vertex 39.8192 24.714 9
      vertex 35.9848 23.3307 5
    endloop
  endfacet
  facet normal -0.474938 -0.52385 0.707117
    outer loop
      vertex 35.2392 24.2392 5
      vertex 38.0711 27.0711 9
      vertex 34.8033 24.6344 5
    endloop
  endfacet
  facet normal 0.171894 -0.685892 0.70711
    outer loop
      vertex 13.2597 25.737 5
      vertex 13.8303 25.88 5
      vertex 12.0972 29.5694 9
    endloop
  endfacet
  facet normal 0.238191 -0.665782 0.707106
    outer loop
      vertex 12.7057 25.5388 5
      vertex 13.2597 25.737 5
      vertex 11.1732 29.2388 9
    endloop
  endfacet
  facet normal -0.336879 -0.941548 0
    outer loop
      vertex 69.9028 29.5694 9
      vertex 70.8268 29.2388 22.2
      vertex 69.9028 29.5694 22.2
    endloop
  endfacet
  facet normal -0.336879 -0.941548 -0
    outer loop
      vertex 70.8268 29.2388 22.2
      vertex 69.9028 29.5694 9
      vertex 70.8268 29.2388 9
    endloop
  endfacet
  facet normal -0.857727 -0.514106 0
    outer loop
      vertex 75.8192 24.714 9
      vertex 75.3147 25.5557 22.2
      vertex 75.3147 25.5557 9
    endloop
  endfacet
  facet normal -0.857727 -0.514106 0
    outer loop
      vertex 75.3147 25.5557 22.2
      vertex 75.8192 24.714 9
      vertex 75.8192 24.714 22.2
    endloop
  endfacet
  facet normal -0.302355 -0.6392 0.70711
    outer loop
      vertex 69.8262 25.2872 5
      vertex 71.714 28.8192 9
      vertex 69.2943 25.5388 5
    endloop
  endfacet
  facet normal 0.0347153 -0.706256 0.707104
    outer loop
      vertex 55.4125 25.9663 5
      vertex 56.0981 26 5
      vertex 55.0198 29.9518 9
    endloop
  endfacet
  facet normal -0.474938 -0.52385 0.707117
    outer loop
      vertex 71.2392 24.2392 5
      vertex 74.0711 27.0711 9
      vertex 70.8033 24.6344 5
    endloop
  endfacet
  facet normal -0.998793 -0.0491143 0
    outer loop
      vertex 77 20 9
      vertex 76.9518 20.9802 22.2
      vertex 76.9518 20.9802 9
    endloop
  endfacet
  facet normal -0.998793 -0.0491143 0
    outer loop
      vertex 76.9518 20.9802 22.2
      vertex 77 20 9
      vertex 77 20 22.2
    endloop
  endfacet
  facet normal -0.699464 -0.103682 0.707107
    outer loop
      vertex 72.9663 20.5875 5
      vertex 76.9518 20.9802 9
      vertex 72.88 21.1697 5
    endloop
  endfacet
  facet normal 0.171789 -0.68593 0.707099
    outer loop
      vertex 54.8303 25.88 5
      vertex 54.0491 29.8078 9
      vertex 53.0972 29.5694 9
    endloop
  endfacet
  facet normal -0.941548 -0.336879 0
    outer loop
      vertex 76.5694 22.9028 9
      vertex 76.2388 23.8268 22.2
      vertex 76.2388 23.8268 9
    endloop
  endfacet
  facet normal -0.941548 -0.336879 0
    outer loop
      vertex 76.2388 23.8268 22.2
      vertex 76.5694 22.9028 9
      vertex 76.5694 22.9028 22.2
    endloop
  endfacet
  facet normal -0.706254 -0.0347291 0.707106
    outer loop
      vertex 77 20 9
      vertex 76.9518 20.9802 9
      vertex 73 19.9019 5
    endloop
  endfacet
  facet normal -0.639222 -0.302319 0.707106
    outer loop
      vertex 76.2388 23.8268 9
      vertex 75.8192 24.714 9
      vertex 72.5388 22.2943 5
    endloop
  endfacet
  facet normal 0.146741 -0.989175 0
    outer loop
      vertex 54.0491 29.8078 9
      vertex 55.0198 29.9518 22.2
      vertex 54.0491 29.8078 22.2
    endloop
  endfacet
  facet normal 0.146741 -0.989175 0
    outer loop
      vertex 55.0198 29.9518 22.2
      vertex 54.0491 29.8078 9
      vertex 55.0198 29.9518 9
    endloop
  endfacet
  facet normal 0.741 -0.671505 0
    outer loop
      vertex 48.2699 26.3439 22.2
      vertex 48.9289 27.0711 9
      vertex 48.9289 27.0711 22.2
    endloop
  endfacet
  facet normal 0.741 -0.671505 0
    outer loop
      vertex 48.9289 27.0711 9
      vertex 48.2699 26.3439 22.2
      vertex 48.2699 26.3439 9
    endloop
  endfacet
  facet normal 0.47483 -0.52397 0.707101
    outer loop
      vertex 52.1967 24.6344 5
      vertex 49.6561 27.7301 9
      vertex 48.9289 27.0711 9
    endloop
  endfacet
  facet normal -0.606497 -0.363537 0.707108
    outer loop
      vertex 72.2872 22.8262 5
      vertex 75.8192 24.714 9
      vertex 71.9848 23.3307 5
    endloop
  endfacet
  facet normal 1 -0 0
    outer loop
      vertex 46 0 22.2
      vertex 46 20 9
      vertex 46 20 22.2
    endloop
  endfacet
  facet normal 1 0 0
    outer loop
      vertex 46 20 9
      vertex 46 0 22.2
      vertex 46 0 9
    endloop
  endfacet
  facet normal -0.0347291 -0.706254 0.707106
    outer loop
      vertex 67.9802 29.9518 9
      vertex 67 30 9
      vertex 66.9019 26 5
    endloop
  endfacet
  facet normal -0.171894 -0.685892 0.70711
    outer loop
      vertex 68.7403 25.737 5
      vertex 69.9028 29.5694 9
      vertex 68.1697 25.88 5
    endloop
  endfacet
  facet normal -0.68593 -0.171789 0.707099
    outer loop
      vertex 76.8078 21.9509 9
      vertex 76.5694 22.9028 9
      vertex 72.88 21.1697 5
    endloop
  endfacet
  facet normal 0.242943 -0.970041 0
    outer loop
      vertex 53.0972 29.5694 9
      vertex 54.0491 29.8078 22.2
      vertex 53.0972 29.5694 22.2
    endloop
  endfacet
  facet normal 0.242943 -0.970041 0
    outer loop
      vertex 54.0491 29.8078 22.2
      vertex 53.0972 29.5694 9
      vertex 54.0491 29.8078 9
    endloop
  endfacet
  facet normal 0.69946 -0.103762 0.707099
    outer loop
      vertex 50.12 21.1697 5
      vertex 46.1922 21.9509 9
      vertex 46.0482 20.9802 9
    endloop
  endfacet
  facet normal -0.242943 -0.970041 0
    outer loop
      vertex 68.9509 29.8078 9
      vertex 69.9028 29.5694 22.2
      vertex 68.9509 29.8078 22.2
    endloop
  endfacet
  facet normal -0.242943 -0.970041 -0
    outer loop
      vertex 69.9028 29.5694 22.2
      vertex 68.9509 29.8078 9
      vertex 69.9028 29.5694 9
    endloop
  endfacet
  facet normal 0.671505 -0.741 0
    outer loop
      vertex 48.9289 27.0711 9
      vertex 49.6561 27.7301 22.2
      vertex 48.9289 27.0711 22.2
    endloop
  endfacet
  facet normal 0.671505 -0.741 0
    outer loop
      vertex 49.6561 27.7301 22.2
      vertex 48.9289 27.0711 9
      vertex 49.6561 27.7301 9
    endloop
  endfacet
  facet normal -0.514106 -0.857727 0
    outer loop
      vertex 71.714 28.8192 9
      vertex 72.5557 28.3147 22.2
      vertex 71.714 28.8192 22.2
    endloop
  endfacet
  facet normal -0.514106 -0.857727 -0
    outer loop
      vertex 72.5557 28.3147 22.2
      vertex 71.714 28.8192 9
      vertex 72.5557 28.3147 9
    endloop
  endfacet
  facet normal -0.52397 -0.47483 0.707101
    outer loop
      vertex 74.7301 26.3439 9
      vertex 74.0711 27.0711 9
      vertex 71.6344 23.8033 5
    endloop
  endfacet
  facet normal -0.238209 -0.665774 0.707108
    outer loop
      vertex 70.8268 29.2388 9
      vertex 69.9028 29.5694 9
      vertex 68.7403 25.737 5
    endloop
  endfacet
  facet normal -0.803192 -0.59572 0
    outer loop
      vertex 75.3147 25.5557 9
      vertex 74.7301 26.3439 22.2
      vertex 74.7301 26.3439 9
    endloop
  endfacet
  facet normal -0.803192 -0.59572 0
    outer loop
      vertex 74.7301 26.3439 22.2
      vertex 75.3147 25.5557 9
      vertex 75.3147 25.5557 22.2
    endloop
  endfacet
  facet normal 0.665782 -0.238191 0.707106
    outer loop
      vertex 50.263 21.7403 5
      vertex 50.4612 22.2943 5
      vertex 46.7612 23.8268 9
    endloop
  endfacet
  facet normal -0.103762 -0.69946 0.707099
    outer loop
      vertex 68.1697 25.88 5
      vertex 68.9509 29.8078 9
      vertex 67.9802 29.9518 9
    endloop
  endfacet
  facet normal 0.606502 -0.363527 0.707109
    outer loop
      vertex 51.0152 23.3307 5
      vertex 47.6853 25.5557 9
      vertex 47.1808 24.714 9
    endloop
  endfacet
  facet normal -0.989175 -0.146741 0
    outer loop
      vertex 76.9518 20.9802 9
      vertex 76.8078 21.9509 22.2
      vertex 76.8078 21.9509 9
    endloop
  endfacet
  facet normal -0.989175 -0.146741 0
    outer loop
      vertex 76.8078 21.9509 22.2
      vertex 76.9518 20.9802 9
      vertex 76.9518 20.9802 22.2
    endloop
  endfacet
  facet normal 0.302319 -0.639222 0.707106
    outer loop
      vertex 53.7057 25.5388 5
      vertex 52.1732 29.2388 9
      vertex 51.286 28.8192 9
    endloop
  endfacet
  facet normal 0.171894 -0.685892 0.70711
    outer loop
      vertex 54.2597 25.737 5
      vertex 54.8303 25.88 5
      vertex 53.0972 29.5694 9
    endloop
  endfacet
  facet normal -0.427543 -0.903995 0
    outer loop
      vertex 70.8268 29.2388 9
      vertex 71.714 28.8192 22.2
      vertex 70.8268 29.2388 22.2
    endloop
  endfacet
  facet normal -0.427543 -0.903995 -0
    outer loop
      vertex 71.714 28.8192 22.2
      vertex 70.8268 29.2388 9
      vertex 71.714 28.8192 9
    endloop
  endfacet
  facet normal 0.903995 -0.427543 0
    outer loop
      vertex 46.7612 23.8268 22.2
      vertex 47.1808 24.714 9
      vertex 47.1808 24.714 22.2
    endloop
  endfacet
  facet normal 0.903995 -0.427543 0
    outer loop
      vertex 47.1808 24.714 9
      vertex 46.7612 23.8268 22.2
      vertex 46.7612 23.8268 9
    endloop
  endfacet
  facet normal 0.421148 -0.568021 0.707098
    outer loop
      vertex 52.1967 24.6344 5
      vertex 52.6693 24.9848 5
      vertex 49.6561 27.7301 9
    endloop
  endfacet
  facet normal -0.0491143 -0.998793 0
    outer loop
      vertex 67 30 9
      vertex 67.9802 29.9518 22.2
      vertex 67 30 22.2
    endloop
  endfacet
  facet normal -0.0491143 -0.998793 -0
    outer loop
      vertex 67.9802 29.9518 22.2
      vertex 67 30 9
      vertex 67.9802 29.9518 9
    endloop
  endfacet
  facet normal 0.363527 -0.606502 0.707109
    outer loop
      vertex 52.6693 24.9848 5
      vertex 51.286 28.8192 9
      vertex 50.4443 28.3147 9
    endloop
  endfacet
  facet normal 0.103762 -0.69946 0.707099
    outer loop
      vertex 54.8303 25.88 5
      vertex 55.0198 29.9518 9
      vertex 54.0491 29.8078 9
    endloop
  endfacet
  facet normal 0.427543 -0.903995 0
    outer loop
      vertex 51.286 28.8192 9
      vertex 52.1732 29.2388 22.2
      vertex 51.286 28.8192 22.2
    endloop
  endfacet
  facet normal 0.427543 -0.903995 0
    outer loop
      vertex 52.1732 29.2388 22.2
      vertex 51.286 28.8192 9
      vertex 52.1732 29.2388 9
    endloop
  endfacet
  facet normal 0.665774 -0.238209 0.707108
    outer loop
      vertex 50.263 21.7403 5
      vertex 46.7612 23.8268 9
      vertex 46.4306 22.9028 9
    endloop
  endfacet
  facet normal -1 0 0
    outer loop
      vertex 77 0 9
      vertex 77 20 22.2
      vertex 77 20 9
    endloop
  endfacet
  facet normal -1 -0 0
    outer loop
      vertex 77 20 22.2
      vertex 77 0 9
      vertex 77 0 22.2
    endloop
  endfacet
  facet normal -0.665774 -0.238209 0.707108
    outer loop
      vertex 76.5694 22.9028 9
      vertex 76.2388 23.8268 9
      vertex 72.737 21.7403 5
    endloop
  endfacet
  facet normal -0.52385 -0.474938 0.707117
    outer loop
      vertex 71.6344 23.8033 5
      vertex 74.0711 27.0711 9
      vertex 71.2392 24.2392 5
    endloop
  endfacet
  facet normal -0.146741 -0.989175 0
    outer loop
      vertex 67.9802 29.9518 9
      vertex 68.9509 29.8078 22.2
      vertex 67.9802 29.9518 22.2
    endloop
  endfacet
  facet normal -0.146741 -0.989175 -0
    outer loop
      vertex 68.9509 29.8078 22.2
      vertex 67.9802 29.9518 9
      vertex 68.9509 29.8078 9
    endloop
  endfacet
  facet normal 0.238209 -0.665774 0.707108
    outer loop
      vertex 54.2597 25.737 5
      vertex 53.0972 29.5694 9
      vertex 52.1732 29.2388 9
    endloop
  endfacet
  facet normal 0 -1 0
    outer loop
      vertex 56 30 9
      vertex 67 30 22.2
      vertex 56 30 22.2
    endloop
  endfacet
  facet normal 0 -1 -0
    outer loop
      vertex 67 30 22.2
      vertex 56 30 9
      vertex 67 30 9
    endloop
  endfacet
  facet normal 0.803192 -0.59572 0
    outer loop
      vertex 47.6853 25.5557 22.2
      vertex 48.2699 26.3439 9
      vertex 48.2699 26.3439 22.2
    endloop
  endfacet
  facet normal 0.803192 -0.59572 0
    outer loop
      vertex 48.2699 26.3439 9
      vertex 47.6853 25.5557 22.2
      vertex 47.6853 25.5557 9
    endloop
  endfacet
  facet normal -0.707107 0 0.707107
    outer loop
      vertex 77 0 9
      vertex 73 19.9019 5
      vertex 73 0 5
    endloop
  endfacet
  facet normal -0.707107 0 0.707107
    outer loop
      vertex 73 19.9019 5
      vertex 77 0 9
      vertex 77 20 9
    endloop
  endfacet
  facet normal 0.706254 -0.0347291 0.707106
    outer loop
      vertex 50 19.9019 5
      vertex 46.0482 20.9802 9
      vertex 46 20 9
    endloop
  endfacet
  facet normal -0.103682 -0.699464 0.707107
    outer loop
      vertex 68.1697 25.88 5
      vertex 67.9802 29.9518 9
      vertex 67.5875 25.9663 5
    endloop
  endfacet
  facet normal -0.47483 -0.52397 0.707101
    outer loop
      vertex 74.0711 27.0711 9
      vertex 73.3439 27.7301 9
      vertex 70.8033 24.6344 5
    endloop
  endfacet
  facet normal 0.989175 -0.146741 0
    outer loop
      vertex 46.0482 20.9802 22.2
      vertex 46.1922 21.9509 9
      vertex 46.1922 21.9509 22.2
    endloop
  endfacet
  facet normal 0.989175 -0.146741 0
    outer loop
      vertex 46.1922 21.9509 9
      vertex 46.0482 20.9802 22.2
      vertex 46.0482 20.9802 9
    endloop
  endfacet
  facet normal 0.998793 -0.0491143 0
    outer loop
      vertex 46 20 22.2
      vertex 46.0482 20.9802 9
      vertex 46.0482 20.9802 22.2
    endloop
  endfacet
  facet normal 0.998793 -0.0491143 0
    outer loop
      vertex 46.0482 20.9802 9
      vertex 46 20 22.2
      vertex 46 20 9
    endloop
  endfacet
  facet normal -0.421148 -0.568021 0.707098
    outer loop
      vertex 70.8033 24.6344 5
      vertex 73.3439 27.7301 9
      vertex 70.3307 24.9848 5
    endloop
  endfacet
  facet normal -0.0347153 -0.706256 0.707104
    outer loop
      vertex 67.5875 25.9663 5
      vertex 67.9802 29.9518 9
      vertex 66.9019 26 5
    endloop
  endfacet
  facet normal 0.52397 -0.47483 0.707101
    outer loop
      vertex 51.3656 23.8033 5
      vertex 48.9289 27.0711 9
      vertex 48.2699 26.3439 9
    endloop
  endfacet
  facet normal 0.103682 -0.699464 0.707107
    outer loop
      vertex 55.4125 25.9663 5
      vertex 55.0198 29.9518 9
      vertex 54.8303 25.88 5
    endloop
  endfacet
  facet normal -0.363527 -0.606502 0.707109
    outer loop
      vertex 72.5557 28.3147 9
      vertex 71.714 28.8192 9
      vertex 70.3307 24.9848 5
    endloop
  endfacet
  facet normal 0.421236 -0.567941 0.707109
    outer loop
      vertex 52.6693 24.9848 5
      vertex 50.4443 28.3147 9
      vertex 49.6561 27.7301 9
    endloop
  endfacet
  facet normal 0.59572 -0.803192 0
    outer loop
      vertex 49.6561 27.7301 9
      vertex 50.4443 28.3147 22.2
      vertex 49.6561 27.7301 22.2
    endloop
  endfacet
  facet normal 0.59572 -0.803192 0
    outer loop
      vertex 50.4443 28.3147 22.2
      vertex 49.6561 27.7301 9
      vertex 50.4443 28.3147 9
    endloop
  endfacet
  facet normal 0.68593 -0.171789 0.707099
    outer loop
      vertex 50.12 21.1697 5
      vertex 46.4306 22.9028 9
      vertex 46.1922 21.9509 9
    endloop
  endfacet
  facet normal 0.0347291 -0.706254 0.707106
    outer loop
      vertex 56.0981 26 5
      vertex 56 30 9
      vertex 55.0198 29.9518 9
    endloop
  endfacet
  facet normal 0 -0.707107 0.707107
    outer loop
      vertex 56.0981 26 5
      vertex 67 30 9
      vertex 56 30 9
    endloop
  endfacet
  facet normal 0 -0.707107 0.707107
    outer loop
      vertex 67 30 9
      vertex 56.0981 26 5
      vertex 66.9019 26 5
    endloop
  endfacet
  facet normal 0.699464 -0.103682 0.707107
    outer loop
      vertex 50.0337 20.5875 5
      vertex 50.12 21.1697 5
      vertex 46.0482 20.9802 9
    endloop
  endfacet
  facet normal 0.706256 -0.0347153 0.707104
    outer loop
      vertex 50 19.9019 5
      vertex 50.0337 20.5875 5
      vertex 46.0482 20.9802 9
    endloop
  endfacet
  facet normal 0.685892 -0.171894 0.70711
    outer loop
      vertex 50.12 21.1697 5
      vertex 50.263 21.7403 5
      vertex 46.4306 22.9028 9
    endloop
  endfacet
  facet normal -0.665782 -0.238191 0.707106
    outer loop
      vertex 72.737 21.7403 5
      vertex 76.2388 23.8268 9
      vertex 72.5388 22.2943 5
    endloop
  endfacet
  facet normal 0.0491143 -0.998793 0
    outer loop
      vertex 55.0198 29.9518 9
      vertex 56 30 22.2
      vertex 55.0198 29.9518 22.2
    endloop
  endfacet
  facet normal 0.0491143 -0.998793 0
    outer loop
      vertex 56 30 22.2
      vertex 55.0198 29.9518 9
      vertex 56 30 9
    endloop
  endfacet
  facet normal 0.474938 -0.52385 0.707117
    outer loop
      vertex 51.7608 24.2392 5
      vertex 52.1967 24.6344 5
      vertex 48.9289 27.0711 9
    endloop
  endfacet
  facet normal 0.6392 -0.302355 0.70711
    outer loop
      vertex 50.4612 22.2943 5
      vertex 50.7128 22.8262 5
      vertex 47.1808 24.714 9
    endloop
  endfacet
  facet normal 0.514106 -0.857727 0
    outer loop
      vertex 50.4443 28.3147 9
      vertex 51.286 28.8192 22.2
      vertex 50.4443 28.3147 22.2
    endloop
  endfacet
  facet normal 0.514106 -0.857727 0
    outer loop
      vertex 51.286 28.8192 22.2
      vertex 50.4443 28.3147 9
      vertex 51.286 28.8192 9
    endloop
  endfacet
  facet normal 0.52385 -0.474938 0.707117
    outer loop
      vertex 51.3656 23.8033 5
      vertex 51.7608 24.2392 5
      vertex 48.9289 27.0711 9
    endloop
  endfacet
  facet normal -0.302319 -0.639222 0.707106
    outer loop
      vertex 71.714 28.8192 9
      vertex 70.8268 29.2388 9
      vertex 69.2943 25.5388 5
    endloop
  endfacet
  facet normal -0.685892 -0.171894 0.70711
    outer loop
      vertex 72.88 21.1697 5
      vertex 76.5694 22.9028 9
      vertex 72.737 21.7403 5
    endloop
  endfacet
  facet normal 0.707107 -0 0.707107
    outer loop
      vertex 46 0 9
      vertex 50 19.9019 5
      vertex 46 20 9
    endloop
  endfacet
  facet normal 0.707107 0 0.707107
    outer loop
      vertex 50 19.9019 5
      vertex 46 0 9
      vertex 50 0 5
    endloop
  endfacet
  facet normal -0.69946 -0.103762 0.707099
    outer loop
      vertex 76.9518 20.9802 9
      vertex 76.8078 21.9509 9
      vertex 72.88 21.1697 5
    endloop
  endfacet
  facet normal 0.238191 -0.665782 0.707106
    outer loop
      vertex 53.7057 25.5388 5
      vertex 54.2597 25.737 5
      vertex 52.1732 29.2388 9
    endloop
  endfacet
  facet normal 0.639222 -0.302319 0.707106
    outer loop
      vertex 50.4612 22.2943 5
      vertex 47.1808 24.714 9
      vertex 46.7612 23.8268 9
    endloop
  endfacet
  facet normal 0.363537 -0.606497 0.707108
    outer loop
      vertex 52.6693 24.9848 5
      vertex 53.1738 25.2872 5
      vertex 51.286 28.8192 9
    endloop
  endfacet
  facet normal 0.302355 -0.6392 0.70711
    outer loop
      vertex 53.1738 25.2872 5
      vertex 53.7057 25.5388 5
      vertex 51.286 28.8192 9
    endloop
  endfacet
  facet normal -0.671505 -0.741 0
    outer loop
      vertex 73.3439 27.7301 9
      vertex 74.0711 27.0711 22.2
      vertex 73.3439 27.7301 22.2
    endloop
  endfacet
  facet normal -0.671505 -0.741 -0
    outer loop
      vertex 74.0711 27.0711 22.2
      vertex 73.3439 27.7301 9
      vertex 74.0711 27.0711 9
    endloop
  endfacet
  facet normal -0.363537 -0.606497 0.707108
    outer loop
      vertex 70.3307 24.9848 5
      vertex 71.714 28.8192 9
      vertex 69.8262 25.2872 5
    endloop
  endfacet
  facet normal -0.706256 -0.0347153 0.707104
    outer loop
      vertex 73 19.9019 5
      vertex 76.9518 20.9802 9
      vertex 72.9663 20.5875 5
    endloop
  endfacet
  facet normal -0.970041 -0.242943 0
    outer loop
      vertex 76.8078 21.9509 9
      vertex 76.5694 22.9028 22.2
      vertex 76.5694 22.9028 9
    endloop
  endfacet
  facet normal -0.970041 -0.242943 0
    outer loop
      vertex 76.5694 22.9028 22.2
      vertex 76.8078 21.9509 9
      vertex 76.8078 21.9509 22.2
    endloop
  endfacet
  facet normal -0.903995 -0.427543 0
    outer loop
      vertex 76.2388 23.8268 9
      vertex 75.8192 24.714 22.2
      vertex 75.8192 24.714 9
    endloop
  endfacet
  facet normal -0.903995 -0.427543 0
    outer loop
      vertex 75.8192 24.714 22.2
      vertex 76.2388 23.8268 9
      vertex 76.2388 23.8268 22.2
    endloop
  endfacet
  facet normal -0.741 -0.671505 0
    outer loop
      vertex 74.7301 26.3439 9
      vertex 74.0711 27.0711 22.2
      vertex 74.0711 27.0711 9
    endloop
  endfacet
  facet normal -0.741 -0.671505 0
    outer loop
      vertex 74.0711 27.0711 22.2
      vertex 74.7301 26.3439 9
      vertex 74.7301 26.3439 22.2
    endloop
  endfacet
  facet normal 0.336879 -0.941548 0
    outer loop
      vertex 52.1732 29.2388 9
      vertex 53.0972 29.5694 22.2
      vertex 52.1732 29.2388 22.2
    endloop
  endfacet
  facet normal 0.336879 -0.941548 0
    outer loop
      vertex 53.0972 29.5694 22.2
      vertex 52.1732 29.2388 9
      vertex 53.0972 29.5694 9
    endloop
  endfacet
  facet normal -0.171789 -0.68593 0.707099
    outer loop
      vertex 69.9028 29.5694 9
      vertex 68.9509 29.8078 9
      vertex 68.1697 25.88 5
    endloop
  endfacet
  facet normal 0.606497 -0.363537 0.707108
    outer loop
      vertex 50.7128 22.8262 5
      vertex 51.0152 23.3307 5
      vertex 47.1808 24.714 9
    endloop
  endfacet
  facet normal -0.606502 -0.363527 0.707109
    outer loop
      vertex 75.8192 24.714 9
      vertex 75.3147 25.5557 9
      vertex 71.9848 23.3307 5
    endloop
  endfacet
  facet normal 0.941548 -0.336879 0
    outer loop
      vertex 46.4306 22.9028 22.2
      vertex 46.7612 23.8268 9
      vertex 46.7612 23.8268 22.2
    endloop
  endfacet
  facet normal 0.941548 -0.336879 0
    outer loop
      vertex 46.7612 23.8268 9
      vertex 46.4306 22.9028 22.2
      vertex 46.4306 22.9028 9
    endloop
  endfacet
  facet normal -0.238191 -0.665782 0.707106
    outer loop
      vertex 69.2943 25.5388 5
      vertex 70.8268 29.2388 9
      vertex 68.7403 25.737 5
    endloop
  endfacet
  facet normal -0.6392 -0.302355 0.70711
    outer loop
      vertex 72.5388 22.2943 5
      vertex 75.8192 24.714 9
      vertex 72.2872 22.8262 5
    endloop
  endfacet
  facet normal 0.857727 -0.514106 0
    outer loop
      vertex 47.1808 24.714 22.2
      vertex 47.6853 25.5557 9
      vertex 47.6853 25.5557 22.2
    endloop
  endfacet
  facet normal 0.857727 -0.514106 0
    outer loop
      vertex 47.6853 25.5557 9
      vertex 47.1808 24.714 22.2
      vertex 47.1808 24.714 9
    endloop
  endfacet
  facet normal 0.970041 -0.242943 0
    outer loop
      vertex 46.1922 21.9509 22.2
      vertex 46.4306 22.9028 9
      vertex 46.4306 22.9028 22.2
    endloop
  endfacet
  facet normal 0.970041 -0.242943 0
    outer loop
      vertex 46.4306 22.9028 9
      vertex 46.1922 21.9509 22.2
      vertex 46.1922 21.9509 9
    endloop
  endfacet
  facet normal -0.59572 -0.803192 0
    outer loop
      vertex 72.5557 28.3147 9
      vertex 73.3439 27.7301 22.2
      vertex 72.5557 28.3147 22.2
    endloop
  endfacet
  facet normal -0.59572 -0.803192 -0
    outer loop
      vertex 73.3439 27.7301 22.2
      vertex 72.5557 28.3147 9
      vertex 73.3439 27.7301 9
    endloop
  endfacet
  facet normal 0 0 1
    outer loop
      vertex 73 0 5
      vertex 69.6421 7.71173 5
      vertex 69.65 7.55 5
    endloop
  endfacet
  facet normal 0 0 1
    outer loop
      vertex 73 19.9019 5
      vertex 69.6183 7.8719 5
      vertex 69.6421 7.71173 5
    endloop
  endfacet
  facet normal 0 0 1
    outer loop
      vertex 73 19.9019 5
      vertex 69.5789 8.02897 5
      vertex 69.6183 7.8719 5
    endloop
  endfacet
  facet normal 0 0 1
    outer loop
      vertex 73 19.9019 5
      vertex 69.5244 8.18143 5
      vertex 69.5789 8.02897 5
    endloop
  endfacet
  facet normal 0 0 1
    outer loop
      vertex 73 19.9019 5
      vertex 69.4552 8.3278 5
      vertex 69.5244 8.18143 5
    endloop
  endfacet
  facet normal 0 0 1
    outer loop
      vertex 73 19.9019 5
      vertex 69.3719 8.46669 5
      vertex 69.4552 8.3278 5
    endloop
  endfacet
  facet normal 0 0 1
    outer loop
      vertex 66.9019 26 5
      vertex 69.8262 25.2872 5
      vertex 69.2943 25.5388 5
    endloop
  endfacet
  facet normal 0 0 1
    outer loop
      vertex 73 19.9019 5
      vertex 69.2755 8.59675 5
      vertex 69.3719 8.46669 5
    endloop
  endfacet
  facet normal 0 0 1
    outer loop
      vertex 73 19.9019 5
      vertex 69.1667 8.71673 5
      vertex 69.2755 8.59675 5
    endloop
  endfacet
  facet normal 0 0 1
    outer loop
      vertex 73 19.9019 5
      vertex 69.0467 8.82547 5
      vertex 69.1667 8.71673 5
    endloop
  endfacet
  facet normal 0 0 1
    outer loop
      vertex 73 19.9019 5
      vertex 68.9167 8.92192 5
      vertex 69.0467 8.82547 5
    endloop
  endfacet
  facet normal 0 0 1
    outer loop
      vertex 73 19.9019 5
      vertex 68.7778 9.00517 5
      vertex 68.9167 8.92192 5
    endloop
  endfacet
  facet normal 0 0 1
    outer loop
      vertex 66.9019 26 5
      vertex 69.2943 25.5388 5
      vertex 68.7403 25.737 5
    endloop
  endfacet
  facet normal 0 0 1
    outer loop
      vertex 73 19.9019 5
      vertex 68.6314 9.0744 5
      vertex 68.7778 9.00517 5
    endloop
  endfacet
  facet normal 0 0 1
    outer loop
      vertex 73 19.9019 5
      vertex 68.479 9.12895 5
      vertex 68.6314 9.0744 5
    endloop
  endfacet
  facet normal 0 0 1
    outer loop
      vertex 73 19.9019 5
      vertex 68.3219 9.16829 5
      vertex 68.479 9.12895 5
    endloop
  endfacet
  facet normal 0 0 1
    outer loop
      vertex 66.9019 26 5
      vertex 68.7403 25.737 5
      vertex 68.1697 25.88 5
    endloop
  endfacet
  facet normal 0 0 1
    outer loop
      vertex 73 19.9019 5
      vertex 68.1617 9.19205 5
      vertex 68.3219 9.16829 5
    endloop
  endfacet
  facet normal 0 0 1
    outer loop
      vertex 73 19.9019 5
      vertex 68 9.2 5
      vertex 68.1617 9.19205 5
    endloop
  endfacet
  facet normal 0 0 1
    outer loop
      vertex 73 19.9019 5
      vertex 67.8383 9.19205 5
      vertex 68 9.2 5
    endloop
  endfacet
  facet normal 0 -0 1
    outer loop
      vertex 67.521 9.12895 5
      vertex 73 19.9019 5
      vertex 66.9019 26 5
    endloop
  endfacet
  facet normal 0 0 1
    outer loop
      vertex 66.9019 26 5
      vertex 68.1697 25.88 5
      vertex 67.5875 25.9663 5
    endloop
  endfacet
  facet normal 0 0 1
    outer loop
      vertex 73 19.9019 5
      vertex 67.6781 9.16829 5
      vertex 67.8383 9.19205 5
    endloop
  endfacet
  facet normal 0 0 1
    outer loop
      vertex 73 19.9019 5
      vertex 67.521 9.12895 5
      vertex 67.6781 9.16829 5
    endloop
  endfacet
  facet normal 0 0 1
    outer loop
      vertex 67.521 9.12895 5
      vertex 66.9019 26 5
      vertex 67.3686 9.0744 5
    endloop
  endfacet
  facet normal 0 0 1
    outer loop
      vertex 67.3686 9.0744 5
      vertex 66.9019 26 5
      vertex 67.2222 9.00517 5
    endloop
  endfacet
  facet normal 0 0 1
    outer loop
      vertex 67.2222 9.00517 5
      vertex 66.9019 26 5
      vertex 67.0833 8.92192 5
    endloop
  endfacet
  facet normal -0 0 1
    outer loop
      vertex 56.0981 26 5
      vertex 67.0833 8.92192 5
      vertex 66.9019 26 5
    endloop
  endfacet
  facet normal 0 0 1
    outer loop
      vertex 67.0833 8.92192 5
      vertex 56.0981 26 5
      vertex 66.9532 8.82547 5
    endloop
  endfacet
  facet normal 0 0 1
    outer loop
      vertex 66.9532 8.82547 5
      vertex 56.0981 26 5
      vertex 66.8333 8.71673 5
    endloop
  endfacet
  facet normal -0 0 1
    outer loop
      vertex 50 19.9019 5
      vertex 66.8333 8.71673 5
      vertex 56.0981 26 5
    endloop
  endfacet
  facet normal 0 0 1
    outer loop
      vertex 66.8333 8.71673 5
      vertex 50 19.9019 5
      vertex 66.7245 8.59675 5
    endloop
  endfacet
  facet normal 0 0 1
    outer loop
      vertex 66.7245 8.59675 5
      vertex 50 19.9019 5
      vertex 66.6281 8.46669 5
    endloop
  endfacet
  facet normal 0 0 1
    outer loop
      vertex 66.6281 8.46669 5
      vertex 50 19.9019 5
      vertex 66.5448 8.3278 5
    endloop
  endfacet
  facet normal 0 0 1
    outer loop
      vertex 66.5448 8.3278 5
      vertex 50 19.9019 5
      vertex 66.4756 8.18143 5
    endloop
  endfacet
  facet normal 0 0 1
    outer loop
      vertex 66.4756 8.18143 5
      vertex 50 19.9019 5
      vertex 66.4211 8.02897 5
    endloop
  endfacet
  facet normal 0 0 1
    outer loop
      vertex 66.4211 8.02897 5
      vertex 50 19.9019 5
      vertex 66.3817 7.8719 5
    endloop
  endfacet
  facet normal 0 0 1
    outer loop
      vertex 50 0 5
      vertex 66.3817 7.8719 5
      vertex 50 19.9019 5
    endloop
  endfacet
  facet normal 0 0 1
    outer loop
      vertex 66.3817 7.8719 5
      vertex 50 0 5
      vertex 66.3579 7.71173 5
    endloop
  endfacet
  facet normal 0 0 1
    outer loop
      vertex 50 19.9019 5
      vertex 56.0981 26 5
      vertex 55.4125 25.9663 5
    endloop
  endfacet
  facet normal 0 0 1
    outer loop
      vertex 50 19.9019 5
      vertex 55.4125 25.9663 5
      vertex 54.8303 25.88 5
    endloop
  endfacet
  facet normal 0 0 1
    outer loop
      vertex 50 19.9019 5
      vertex 54.8303 25.88 5
      vertex 54.2597 25.737 5
    endloop
  endfacet
  facet normal 0 0 1
    outer loop
      vertex 50 19.9019 5
      vertex 54.2597 25.737 5
      vertex 53.7057 25.5388 5
    endloop
  endfacet
  facet normal 0 0 1
    outer loop
      vertex 50 19.9019 5
      vertex 53.7057 25.5388 5
      vertex 53.1738 25.2872 5
    endloop
  endfacet
  facet normal 0 0 1
    outer loop
      vertex 50 19.9019 5
      vertex 53.1738 25.2872 5
      vertex 52.6693 24.9848 5
    endloop
  endfacet
  facet normal 0 0 1
    outer loop
      vertex 50 19.9019 5
      vertex 52.6693 24.9848 5
      vertex 52.1967 24.6344 5
    endloop
  endfacet
  facet normal 0 0 1
    outer loop
      vertex 50 19.9019 5
      vertex 52.1967 24.6344 5
      vertex 51.7608 24.2392 5
    endloop
  endfacet
  facet normal 0 0 1
    outer loop
      vertex 50 19.9019 5
      vertex 51.7608 24.2392 5
      vertex 51.3656 23.8033 5
    endloop
  endfacet
  facet normal 0 0 1
    outer loop
      vertex 50 19.9019 5
      vertex 51.3656 23.8033 5
      vertex 51.0152 23.3307 5
    endloop
  endfacet
  facet normal 0 0 1
    outer loop
      vertex 50 19.9019 5
      vertex 51.0152 23.3307 5
      vertex 50.7128 22.8262 5
    endloop
  endfacet
  facet normal 0 0 1
    outer loop
      vertex 50 19.9019 5
      vertex 50.7128 22.8262 5
      vertex 50.4612 22.2943 5
    endloop
  endfacet
  facet normal 0 0 1
    outer loop
      vertex 50 19.9019 5
      vertex 50.4612 22.2943 5
      vertex 50.263 21.7403 5
    endloop
  endfacet
  facet normal 0 0 1
    outer loop
      vertex 50 19.9019 5
      vertex 50.263 21.7403 5
      vertex 50.12 21.1697 5
    endloop
  endfacet
  facet normal 0 0 1
    outer loop
      vertex 50 19.9019 5
      vertex 50.12 21.1697 5
      vertex 50.0337 20.5875 5
    endloop
  endfacet
  facet normal 0 0 1
    outer loop
      vertex 66.3579 7.71173 5
      vertex 50 0 5
      vertex 66.35 7.55 5
    endloop
  endfacet
  facet normal 0 0 1
    outer loop
      vertex 66.35 7.55 5
      vertex 50 0 5
      vertex 66.35 0 5
    endloop
  endfacet
  facet normal 0 0 1
    outer loop
      vertex 69.8262 25.2872 5
      vertex 73 19.9019 5
      vertex 72.9663 20.5875 5
    endloop
  endfacet
  facet normal 0 0 1
    outer loop
      vertex 69.8262 25.2872 5
      vertex 72.9663 20.5875 5
      vertex 72.88 21.1697 5
    endloop
  endfacet
  facet normal 0 0 1
    outer loop
      vertex 69.8262 25.2872 5
      vertex 72.88 21.1697 5
      vertex 72.737 21.7403 5
    endloop
  endfacet
  facet normal 0 0 1
    outer loop
      vertex 69.8262 25.2872 5
      vertex 72.737 21.7403 5
      vertex 72.5388 22.2943 5
    endloop
  endfacet
  facet normal 0 0 1
    outer loop
      vertex 69.8262 25.2872 5
      vertex 72.5388 22.2943 5
      vertex 72.2872 22.8262 5
    endloop
  endfacet
  facet normal 0 0 1
    outer loop
      vertex 69.8262 25.2872 5
      vertex 72.2872 22.8262 5
      vertex 71.9848 23.3307 5
    endloop
  endfacet
  facet normal 0 0 1
    outer loop
      vertex 69.8262 25.2872 5
      vertex 71.9848 23.3307 5
      vertex 71.6344 23.8033 5
    endloop
  endfacet
  facet normal 0 0 1
    outer loop
      vertex 69.8262 25.2872 5
      vertex 71.6344 23.8033 5
      vertex 71.2392 24.2392 5
    endloop
  endfacet
  facet normal 0 0 1
    outer loop
      vertex 69.8262 25.2872 5
      vertex 71.2392 24.2392 5
      vertex 70.8033 24.6344 5
    endloop
  endfacet
  facet normal 0 0 1
    outer loop
      vertex 69.8262 25.2872 5
      vertex 70.8033 24.6344 5
      vertex 70.3307 24.9848 5
    endloop
  endfacet
  facet normal 0 0 1
    outer loop
      vertex 66.9019 26 5
      vertex 73 19.9019 5
      vertex 69.8262 25.2872 5
    endloop
  endfacet
  facet normal -0 0 1
    outer loop
      vertex 69.6421 7.71173 5
      vertex 73 0 5
      vertex 73 19.9019 5
    endloop
  endfacet
  facet normal 0 0 1
    outer loop
      vertex 73 0 5
      vertex 69.65 7.55 5
      vertex 69.65 0 5
    endloop
  endfacet
  facet normal -0.421236 -0.567941 0.707109
    outer loop
      vertex 73.3439 27.7301 9
      vertex 72.5557 28.3147 9
      vertex 70.3307 24.9848 5
    endloop
  endfacet
  facet normal -0.567941 -0.421236 0.707109
    outer loop
      vertex 75.3147 25.5557 9
      vertex 74.7301 26.3439 9
      vertex 71.9848 23.3307 5
    endloop
  endfacet
  facet normal -0.568021 -0.421148 0.707098
    outer loop
      vertex 71.9848 23.3307 5
      vertex 74.7301 26.3439 9
      vertex 71.6344 23.8033 5
    endloop
  endfacet
  facet normal 0.568021 -0.421148 0.707098
    outer loop
      vertex 51.0152 23.3307 5
      vertex 51.3656 23.8033 5
      vertex 48.2699 26.3439 9
    endloop
  endfacet
  facet normal 0.567941 -0.421236 0.707109
    outer loop
      vertex 51.0152 23.3307 5
      vertex 48.2699 26.3439 9
      vertex 47.6853 25.5557 9
    endloop
  endfacet
  facet normal -0.740778 -0.67175 0
    outer loop
      vertex 15.2755 8.59675 0.509999
      vertex 15.1667 8.71673 5
      vertex 15.1667 8.71673 0.509999
    endloop
  endfacet
  facet normal -0.740778 -0.67175 0
    outer loop
      vertex 15.1667 8.71673 5
      vertex 15.2755 8.59675 0.509999
      vertex 15.2755 8.59675 5
    endloop
  endfacet
  facet normal -1 0 0
    outer loop
      vertex 15.65 0 0.509999
      vertex 15.65 7.55 5
      vertex 15.65 7.55 0.509999
    endloop
  endfacet
  facet normal -1 -0 0
    outer loop
      vertex 15.65 7.55 5
      vertex 15.65 0 0.509999
      vertex 15.65 0 5
    endloop
  endfacet
  facet normal 1 -0 0
    outer loop
      vertex 12.35 0 5
      vertex 12.35 7.55 0.509999
      vertex 12.35 7.55 5
    endloop
  endfacet
  facet normal 1 0 0
    outer loop
      vertex 12.35 7.55 0.509999
      vertex 12.35 0 5
      vertex 12.35 0 0.509999
    endloop
  endfacet
  facet normal 0.941448 -0.337158 0
    outer loop
      vertex 12.421 8.02897 5
      vertex 12.4756 8.18143 0.509999
      vertex 12.4756 8.18143 5
    endloop
  endfacet
  facet normal 0.941448 -0.337158 0
    outer loop
      vertex 12.4756 8.18143 0.509999
      vertex 12.421 8.02897 5
      vertex 12.421 8.02897 0.509999
    endloop
  endfacet
  facet normal -0.941448 -0.337158 0
    outer loop
      vertex 15.579 8.02897 0.509999
      vertex 15.5244 8.18143 5
      vertex 15.5244 8.18143 0.509999
    endloop
  endfacet
  facet normal -0.941448 -0.337158 0
    outer loop
      vertex 15.5244 8.18143 5
      vertex 15.579 8.02897 0.509999
      vertex 15.579 8.02897 5
    endloop
  endfacet
  facet normal 0.970095 -0.242725 0
    outer loop
      vertex 12.3817 7.8719 5
      vertex 12.421 8.02897 0.509999
      vertex 12.421 8.02897 5
    endloop
  endfacet
  facet normal 0.970095 -0.242725 0
    outer loop
      vertex 12.421 8.02897 0.509999
      vertex 12.3817 7.8719 5
      vertex 12.3817 7.8719 0.509999
    endloop
  endfacet
  facet normal 0.98914 -0.146978 0
    outer loop
      vertex 12.3579 7.71173 5
      vertex 12.3817 7.8719 0.509999
      vertex 12.3817 7.8719 5
    endloop
  endfacet
  facet normal 0.98914 -0.146978 0
    outer loop
      vertex 12.3817 7.8719 0.509999
      vertex 12.3579 7.71173 5
      vertex 12.3579 7.71173 0.509999
    endloop
  endfacet
  facet normal -0.904056 -0.427414 0
    outer loop
      vertex 15.5244 8.18143 0.509999
      vertex 15.4552 8.3278 5
      vertex 15.4552 8.3278 0.509999
    endloop
  endfacet
  facet normal -0.904056 -0.427414 0
    outer loop
      vertex 15.4552 8.3278 5
      vertex 15.5244 8.18143 0.509999
      vertex 15.5244 8.18143 5
    endloop
  endfacet
  facet normal 0.59584 -0.803103 0
    outer loop
      vertex 12.9533 8.82547 0.509999
      vertex 13.0833 8.92192 5
      vertex 12.9533 8.82547 5
    endloop
  endfacet
  facet normal 0.59584 -0.803103 0
    outer loop
      vertex 13.0833 8.92192 5
      vertex 12.9533 8.82547 0.509999
      vertex 13.0833 8.92192 0.509999
    endloop
  endfacet
  facet normal 0.998809 -0.0487887 0
    outer loop
      vertex 12.35 7.55 5
      vertex 12.3579 7.71173 0.509999
      vertex 12.3579 7.71173 5
    endloop
  endfacet
  facet normal 0.998809 -0.0487887 0
    outer loop
      vertex 12.3579 7.71173 0.509999
      vertex 12.35 7.55 5
      vertex 12.35 7.55 0.509999
    endloop
  endfacet
  facet normal -0.337002 -0.941504 0
    outer loop
      vertex 14.479 9.12895 0.509999
      vertex 14.6314 9.0744 5
      vertex 14.479 9.12895 5
    endloop
  endfacet
  facet normal -0.337002 -0.941504 -0
    outer loop
      vertex 14.6314 9.0744 5
      vertex 14.479 9.12895 0.509999
      vertex 14.6314 9.0744 0.509999
    endloop
  endfacet
  facet normal -0.514087 -0.857738 0
    outer loop
      vertex 14.7778 9.00517 0.509999
      vertex 14.9167 8.92192 5
      vertex 14.7778 9.00517 5
    endloop
  endfacet
  facet normal -0.514087 -0.857738 -0
    outer loop
      vertex 14.9167 8.92192 5
      vertex 14.7778 9.00517 0.509999
      vertex 14.9167 8.92192 0.509999
    endloop
  endfacet
  facet normal -0.998809 -0.0487887 0
    outer loop
      vertex 15.65 7.55 0.509999
      vertex 15.6421 7.71173 5
      vertex 15.6421 7.71173 0.509999
    endloop
  endfacet
  facet normal -0.998809 -0.0487887 0
    outer loop
      vertex 15.6421 7.71173 5
      vertex 15.65 7.55 0.509999
      vertex 15.65 7.55 5
    endloop
  endfacet
  facet normal -0.857586 -0.514341 0
    outer loop
      vertex 15.4552 8.3278 0.509999
      vertex 15.3719 8.46669 5
      vertex 15.3719 8.46669 0.509999
    endloop
  endfacet
  facet normal -0.857586 -0.514341 0
    outer loop
      vertex 15.3719 8.46669 5
      vertex 15.4552 8.3278 0.509999
      vertex 15.4552 8.3278 5
    endloop
  endfacet
  facet normal -0.59584 -0.803103 0
    outer loop
      vertex 14.9167 8.92192 0.509999
      vertex 15.0467 8.82547 5
      vertex 14.9167 8.92192 5
    endloop
  endfacet
  facet normal -0.59584 -0.803103 -0
    outer loop
      vertex 15.0467 8.82547 5
      vertex 14.9167 8.92192 0.509999
      vertex 15.0467 8.82547 0.509999
    endloop
  endfacet
  facet normal -0.970095 -0.242725 0
    outer loop
      vertex 15.6183 7.8719 0.509999
      vertex 15.579 8.02897 5
      vertex 15.579 8.02897 0.509999
    endloop
  endfacet
  facet normal -0.970095 -0.242725 0
    outer loop
      vertex 15.579 8.02897 5
      vertex 15.6183 7.8719 0.509999
      vertex 15.6183 7.8719 5
    endloop
  endfacet
  facet normal -0.98914 -0.146978 0
    outer loop
      vertex 15.6421 7.71173 0.509999
      vertex 15.6183 7.8719 5
      vertex 15.6183 7.8719 0.509999
    endloop
  endfacet
  facet normal -0.98914 -0.146978 0
    outer loop
      vertex 15.6183 7.8719 5
      vertex 15.6421 7.71173 0.509999
      vertex 15.6421 7.71173 5
    endloop
  endfacet
  facet normal -0.803382 -0.595464 0
    outer loop
      vertex 15.3719 8.46669 0.509999
      vertex 15.2755 8.59675 5
      vertex 15.2755 8.59675 0.509999
    endloop
  endfacet
  facet normal -0.803382 -0.595464 0
    outer loop
      vertex 15.2755 8.59675 5
      vertex 15.3719 8.46669 0.509999
      vertex 15.3719 8.46669 5
    endloop
  endfacet
  facet normal 0.427494 -0.904018 0
    outer loop
      vertex 13.2222 9.00517 0.509999
      vertex 13.3686 9.0744 5
      vertex 13.2222 9.00517 5
    endloop
  endfacet
  facet normal 0.427494 -0.904018 0
    outer loop
      vertex 13.3686 9.0744 5
      vertex 13.2222 9.00517 0.509999
      vertex 13.3686 9.0744 0.509999
    endloop
  endfacet
  facet normal -0.14671 -0.98918 0
    outer loop
      vertex 14.1617 9.19205 0.509999
      vertex 14.3219 9.16829 5
      vertex 14.1617 9.19205 5
    endloop
  endfacet
  facet normal -0.14671 -0.98918 -0
    outer loop
      vertex 14.3219 9.16829 5
      vertex 14.1617 9.19205 0.509999
      vertex 14.3219 9.16829 0.509999
    endloop
  endfacet
  facet normal 0.514087 -0.857738 0
    outer loop
      vertex 13.0833 8.92192 0.509999
      vertex 13.2222 9.00517 5
      vertex 13.0833 8.92192 5
    endloop
  endfacet
  facet normal 0.514087 -0.857738 0
    outer loop
      vertex 13.2222 9.00517 5
      vertex 13.0833 8.92192 0.509999
      vertex 13.2222 9.00517 0.509999
    endloop
  endfacet
  facet normal 0.242913 -0.970048 0
    outer loop
      vertex 13.521 9.12895 0.509999
      vertex 13.6781 9.16829 5
      vertex 13.521 9.12895 5
    endloop
  endfacet
  facet normal 0.242913 -0.970048 0
    outer loop
      vertex 13.6781 9.16829 5
      vertex 13.521 9.12895 0.509999
      vertex 13.6781 9.16829 0.509999
    endloop
  endfacet
  facet normal -0.671486 -0.741018 0
    outer loop
      vertex 15.0467 8.82547 0.509999
      vertex 15.1667 8.71673 5
      vertex 15.0467 8.82547 5
    endloop
  endfacet
  facet normal -0.671486 -0.741018 -0
    outer loop
      vertex 15.1667 8.71673 5
      vertex 15.0467 8.82547 0.509999
      vertex 15.1667 8.71673 0.509999
    endloop
  endfacet
  facet normal 0.740778 -0.67175 0
    outer loop
      vertex 12.7245 8.59675 5
      vertex 12.8333 8.71673 0.509999
      vertex 12.8333 8.71673 5
    endloop
  endfacet
  facet normal 0.740778 -0.67175 0
    outer loop
      vertex 12.8333 8.71673 0.509999
      vertex 12.7245 8.59675 5
      vertex 12.7245 8.59675 0.509999
    endloop
  endfacet
  facet normal 0.857586 -0.514341 0
    outer loop
      vertex 12.5448 8.3278 5
      vertex 12.6281 8.46669 0.509999
      vertex 12.6281 8.46669 5
    endloop
  endfacet
  facet normal 0.857586 -0.514341 0
    outer loop
      vertex 12.6281 8.46669 0.509999
      vertex 12.5448 8.3278 5
      vertex 12.5448 8.3278 0.509999
    endloop
  endfacet
  facet normal 0.904056 -0.427414 0
    outer loop
      vertex 12.4756 8.18143 5
      vertex 12.5448 8.3278 0.509999
      vertex 12.5448 8.3278 5
    endloop
  endfacet
  facet normal 0.904056 -0.427414 0
    outer loop
      vertex 12.5448 8.3278 0.509999
      vertex 12.4756 8.18143 5
      vertex 12.4756 8.18143 0.509999
    endloop
  endfacet
  facet normal 0.671486 -0.741018 0
    outer loop
      vertex 12.8333 8.71673 0.509999
      vertex 12.9533 8.82547 5
      vertex 12.8333 8.71673 5
    endloop
  endfacet
  facet normal 0.671486 -0.741018 0
    outer loop
      vertex 12.9533 8.82547 5
      vertex 12.8333 8.71673 0.509999
      vertex 12.9533 8.82547 0.509999
    endloop
  endfacet
  facet normal -0.0491058 -0.998794 0
    outer loop
      vertex 14 9.2 0.509999
      vertex 14.1617 9.19205 5
      vertex 14 9.2 5
    endloop
  endfacet
  facet normal -0.0491058 -0.998794 -0
    outer loop
      vertex 14.1617 9.19205 5
      vertex 14 9.2 0.509999
      vertex 14.1617 9.19205 0.509999
    endloop
  endfacet
  facet normal 0.14671 -0.98918 0
    outer loop
      vertex 13.6781 9.16829 0.509999
      vertex 13.8383 9.19205 5
      vertex 13.6781 9.16829 5
    endloop
  endfacet
  facet normal 0.14671 -0.98918 0
    outer loop
      vertex 13.8383 9.19205 5
      vertex 13.6781 9.16829 0.509999
      vertex 13.8383 9.19205 0.509999
    endloop
  endfacet
  facet normal 0.803382 -0.595464 0
    outer loop
      vertex 12.6281 8.46669 5
      vertex 12.7245 8.59675 0.509999
      vertex 12.7245 8.59675 5
    endloop
  endfacet
  facet normal 0.803382 -0.595464 0
    outer loop
      vertex 12.7245 8.59675 0.509999
      vertex 12.6281 8.46669 5
      vertex 12.6281 8.46669 0.509999
    endloop
  endfacet
  facet normal 0.0491058 -0.998794 0
    outer loop
      vertex 13.8383 9.19205 0.509999
      vertex 14 9.2 5
      vertex 13.8383 9.19205 5
    endloop
  endfacet
  facet normal 0.0491058 -0.998794 0
    outer loop
      vertex 14 9.2 5
      vertex 13.8383 9.19205 0.509999
      vertex 14 9.2 0.509999
    endloop
  endfacet
  facet normal -0.427494 -0.904018 0
    outer loop
      vertex 14.6314 9.0744 0.509999
      vertex 14.7778 9.00517 5
      vertex 14.6314 9.0744 5
    endloop
  endfacet
  facet normal -0.427494 -0.904018 -0
    outer loop
      vertex 14.7778 9.00517 5
      vertex 14.6314 9.0744 0.509999
      vertex 14.7778 9.00517 0.509999
    endloop
  endfacet
  facet normal -0.242913 -0.970048 0
    outer loop
      vertex 14.3219 9.16829 0.509999
      vertex 14.479 9.12895 5
      vertex 14.3219 9.16829 5
    endloop
  endfacet
  facet normal -0.242913 -0.970048 -0
    outer loop
      vertex 14.479 9.12895 5
      vertex 14.3219 9.16829 0.509999
      vertex 14.479 9.12895 0.509999
    endloop
  endfacet
  facet normal 0.337002 -0.941504 0
    outer loop
      vertex 13.3686 9.0744 0.509999
      vertex 13.521 9.12895 5
      vertex 13.3686 9.0744 5
    endloop
  endfacet
  facet normal 0.337002 -0.941504 0
    outer loop
      vertex 13.521 9.12895 5
      vertex 13.3686 9.0744 0.509999
      vertex 13.521 9.12895 0.509999
    endloop
  endfacet
  facet normal 0.665691 -0.238402 -0.707121
    outer loop
      vertex 11.9678 8.2762 0
      vertex 12.4756 8.18143 0.509999
      vertex 12.421 8.02897 0.509999
    endloop
  endfacet
  facet normal 0.665747 -0.238192 -0.707139
    outer loop
      vertex 12.4756 8.18143 0.509999
      vertex 11.9678 8.2762 0
      vertex 12.0038 8.37682 0
    endloop
  endfacet
  facet normal 0.363518 -0.606518 -0.707101
    outer loop
      vertex 13.0833 8.92192 0.509999
      vertex 12.8913 9.40142 0
      vertex 13.2222 9.00517 0.509999
    endloop
  endfacet
  facet normal 0.363413 -0.60657 -0.70711
    outer loop
      vertex 12.8913 9.40142 0
      vertex 13.0833 8.92192 0.509999
      vertex 12.7996 9.34648 0
    endloop
  endfacet
  facet normal 0.523713 -0.475125 -0.707093
    outer loop
      vertex 12.4005 8.99861 0
      vertex 12.7245 8.59675 0.509999
      vertex 12.3298 8.92068 0
    endloop
  endfacet
  facet normal 0.707106 0 -0.707107
    outer loop
      vertex 11.84 0 0
      vertex 12.35 7.55 0.509999
      vertex 12.35 0 0.509999
    endloop
  endfacet
  facet normal 0.707106 0 -0.707107
    outer loop
      vertex 12.35 7.55 0.509999
      vertex 11.84 0 0
      vertex 11.84 7.56252 0
    endloop
  endfacet
  facet normal 0.568096 -0.421071 -0.707083
    outer loop
      vertex 12.2662 8.83484 0
      vertex 12.7245 8.59675 0.509999
      vertex 12.6281 8.46669 0.509999
    endloop
  endfacet
  facet normal 0.568165 -0.420961 -0.707093
    outer loop
      vertex 12.7245 8.59675 0.509999
      vertex 12.2662 8.83484 0
      vertex 12.3298 8.92068 0
    endloop
  endfacet
  facet normal 0.685995 -0.171482 -0.707111
    outer loop
      vertex 11.9064 8.07351 0
      vertex 12.3817 7.8719 0.509999
      vertex 11.8809 7.9715 0
    endloop
  endfacet
  facet normal 0.699432 -0.10393 -0.707102
    outer loop
      vertex 11.8652 7.86579 0
      vertex 12.3817 7.8719 0.509999
      vertex 12.3579 7.71173 0.509999
    endloop
  endfacet
  facet normal 0.699435 -0.10388 -0.707106
    outer loop
      vertex 12.3817 7.8719 0.509999
      vertex 11.8652 7.86579 0
      vertex 11.8809 7.9715 0
    endloop
  endfacet
  facet normal -0.238304 -0.665744 -0.707104
    outer loop
      vertex 14.6314 9.0744 0.509999
      vertex 14.7262 9.58215 0
      vertex 14.8268 9.54614 0
    endloop
  endfacet
  facet normal -0.238297 -0.665746 -0.707105
    outer loop
      vertex 14.7262 9.58215 0
      vertex 14.6314 9.0744 0.509999
      vertex 14.479 9.12895 0.509999
    endloop
  endfacet
  facet normal -0.363413 -0.60657 -0.70711
    outer loop
      vertex 14.9167 8.92192 0.509999
      vertex 15.1087 9.40142 0
      vertex 15.2004 9.34648 0
    endloop
  endfacet
  facet normal -0.363518 -0.606518 -0.707101
    outer loop
      vertex 15.1087 9.40142 0
      vertex 14.9167 8.92192 0.509999
      vertex 14.7778 9.00517 0.509999
    endloop
  endfacet
  facet normal 0.606377 -0.363677 -0.707139
    outer loop
      vertex 12.5448 8.3278 0.509999
      vertex 12.1494 8.66018 0
      vertex 12.6281 8.46669 0.509999
    endloop
  endfacet
  facet normal 0.60664 -0.363309 -0.707103
    outer loop
      vertex 12.1494 8.66018 0
      vertex 12.5448 8.3278 0.509999
      vertex 12.0945 8.56851 0
    endloop
  endfacet
  facet normal -0.103825 -0.699445 -0.707105
    outer loop
      vertex 14.3219 9.16829 0.509999
      vertex 14.3158 9.68478 0
      vertex 14.4215 9.66909 0
    endloop
  endfacet
  facet normal -0.103739 -0.69945 -0.707112
    outer loop
      vertex 14.3158 9.68478 0
      vertex 14.3219 9.16829 0.509999
      vertex 14.1617 9.19205 0.509999
    endloop
  endfacet
  facet normal -0.103708 -0.699458 -0.707109
    outer loop
      vertex 14.2118 9.7002 0
      vertex 14.3158 9.68478 0
      vertex 14.1617 9.19205 0.509999
    endloop
  endfacet
  facet normal -0.665851 -0.238044 -0.707091
    outer loop
      vertex 16.0322 8.2762 0
      vertex 16.0676 8.17718 0
      vertex 15.579 8.02897 0.509999
    endloop
  endfacet
  facet normal 0.238204 -0.665787 -0.707097
    outer loop
      vertex 13.3728 9.61757 0
      vertex 13.521 9.12895 0.509999
      vertex 13.2738 9.58215 0
    endloop
  endfacet
  facet normal 0.474796 -0.523961 -0.707131
    outer loop
      vertex 12.8333 8.71673 0.509999
      vertex 12.5514 9.14957 0
      vertex 12.9533 8.82547 0.509999
    endloop
  endfacet
  facet normal 0.474802 -0.523956 -0.70713
    outer loop
      vertex 12.5514 9.14957 0
      vertex 12.8333 8.71673 0.509999
      vertex 12.4722 9.0778 0
    endloop
  endfacet
  facet normal 0.474829 -0.523926 -0.707135
    outer loop
      vertex 12.6293 9.22017 0
      vertex 12.9533 8.82547 0.509999
      vertex 12.5514 9.14957 0
    endloop
  endfacet
  facet normal 0.706262 -0.0351184 -0.707079
    outer loop
      vertex 11.8498 7.76178 0
      vertex 12.3579 7.71173 0.509999
      vertex 11.8452 7.66927 0
    endloop
  endfacet
  facet normal -0.567746 -0.421474 -0.707124
    outer loop
      vertex 15.7338 8.83484 0
      vertex 15.7965 8.75038 0
      vertex 15.3719 8.46669 0.509999
    endloop
  endfacet
  facet normal 0.665851 -0.238044 -0.707091
    outer loop
      vertex 11.9678 8.2762 0
      vertex 12.421 8.02897 0.509999
      vertex 11.9324 8.17718 0
    endloop
  endfacet
  facet normal -0.474802 -0.523956 -0.70713
    outer loop
      vertex 15.1667 8.71673 0.509999
      vertex 15.4486 9.14957 0
      vertex 15.5278 9.0778 0
    endloop
  endfacet
  facet normal -0.474796 -0.523961 -0.707131
    outer loop
      vertex 15.4486 9.14957 0
      vertex 15.1667 8.71673 0.509999
      vertex 15.0467 8.82547 0.509999
    endloop
  endfacet
  facet normal 0.706252 -0.0344982 -0.70712
    outer loop
      vertex 12.35 7.55 0.509999
      vertex 11.8452 7.66927 0
      vertex 12.3579 7.71173 0.509999
    endloop
  endfacet
  facet normal 0.706265 -0.0344035 -0.707111
    outer loop
      vertex 11.8452 7.66927 0
      vertex 12.35 7.55 0.509999
      vertex 11.84 7.56252 0
    endloop
  endfacet
  facet normal -0.523713 -0.475125 -0.707093
    outer loop
      vertex 15.5995 8.99861 0
      vertex 15.6702 8.92068 0
      vertex 15.2755 8.59675 0.509999
    endloop
  endfacet
  facet normal 0.567746 -0.421474 -0.707124
    outer loop
      vertex 12.2662 8.83484 0
      vertex 12.6281 8.46669 0.509999
      vertex 12.2035 8.75038 0
    endloop
  endfacet
  facet normal -0.707106 0 -0.707107
    outer loop
      vertex 16.16 0 0
      vertex 15.65 7.55 0.509999
      vertex 16.16 7.56252 0
    endloop
  endfacet
  facet normal -0.707106 -0 -0.707107
    outer loop
      vertex 15.65 7.55 0.509999
      vertex 16.16 0 0
      vertex 15.65 0 0.509999
    endloop
  endfacet
  facet normal 0.17188 -0.685906 -0.7071
    outer loop
      vertex 13.4748 9.64313 0
      vertex 13.521 9.12895 0.509999
      vertex 13.3728 9.61757 0
    endloop
  endfacet
  facet normal 0.421321 -0.567877 -0.707109
    outer loop
      vertex 12.7138 9.28282 0
      vertex 13.0833 8.92192 0.509999
      vertex 12.9533 8.82547 0.509999
    endloop
  endfacet
  facet normal 0.421333 -0.567867 -0.707111
    outer loop
      vertex 13.0833 8.92192 0.509999
      vertex 12.7138 9.28282 0
      vertex 12.7996 9.34648 0
    endloop
  endfacet
  facet normal -0.034723 -0.706253 -0.707107
    outer loop
      vertex 14 9.2 0.509999
      vertex 14.1067 9.70537 0
      vertex 14.1617 9.19205 0.509999
    endloop
  endfacet
  facet normal -0.0347499 -0.70625 -0.70711
    outer loop
      vertex 14.1067 9.70537 0
      vertex 14 9.2 0.509999
      vertex 14 9.71062 0
    endloop
  endfacet
  facet normal -0.0347415 -0.706254 -0.707106
    outer loop
      vertex 14.2118 9.7002 0
      vertex 14.1617 9.19205 0.509999
      vertex 14.1067 9.70537 0
    endloop
  endfacet
  facet normal -0.523828 -0.475017 -0.707081
    outer loop
      vertex 15.1667 8.71673 0.509999
      vertex 15.5995 8.99861 0
      vertex 15.2755 8.59675 0.509999
    endloop
  endfacet
  facet normal -0.524161 -0.474584 -0.707124
    outer loop
      vertex 15.5995 8.99861 0
      vertex 15.1667 8.71673 0.509999
      vertex 15.5278 9.0778 0
    endloop
  endfacet
  facet normal -0.665691 -0.238402 -0.707121
    outer loop
      vertex 15.5244 8.18143 0.509999
      vertex 16.0322 8.2762 0
      vertex 15.579 8.02897 0.509999
    endloop
  endfacet
  facet normal -0.665584 -0.238795 -0.707088
    outer loop
      vertex 16.0322 8.2762 0
      vertex 15.5244 8.18143 0.509999
      vertex 15.9961 8.37682 0
    endloop
  endfacet
  facet normal -0.699432 -0.10393 -0.707102
    outer loop
      vertex 15.6183 7.8719 0.509999
      vertex 16.1348 7.86579 0
      vertex 15.6421 7.71173 0.509999
    endloop
  endfacet
  facet normal -0.699435 -0.10388 -0.707106
    outer loop
      vertex 16.1348 7.86579 0
      vertex 15.6183 7.8719 0.509999
      vertex 16.1191 7.9715 0
    endloop
  endfacet
  facet normal 0.685945 -0.171628 -0.707123
    outer loop
      vertex 11.9064 8.07351 0
      vertex 12.421 8.02897 0.509999
      vertex 12.3817 7.8719 0.509999
    endloop
  endfacet
  facet normal 0.685881 -0.172016 -0.707091
    outer loop
      vertex 12.421 8.02897 0.509999
      vertex 11.9064 8.07351 0
      vertex 11.9324 8.17718 0
    endloop
  endfacet
  facet normal -0.60668 -0.363201 -0.707124
    outer loop
      vertex 15.7965 8.75038 0
      vertex 15.8505 8.66018 0
      vertex 15.3719 8.46669 0.509999
    endloop
  endfacet
  facet normal 0.30228 -0.639229 -0.707116
    outer loop
      vertex 13.2222 9.00517 0.509999
      vertex 13.0781 9.50119 0
      vertex 13.3686 9.0744 0.509999
    endloop
  endfacet
  facet normal 0.30239 -0.639187 -0.707107
    outer loop
      vertex 13.0781 9.50119 0
      vertex 13.2222 9.00517 0.509999
      vertex 12.9815 9.45549 0
    endloop
  endfacet
  facet normal -0.685852 -0.172118 -0.707095
    outer loop
      vertex 16.0935 8.07351 0
      vertex 16.1191 7.9715 0
      vertex 15.6183 7.8719 0.509999
    endloop
  endfacet
  facet normal -0.639472 -0.301831 -0.707088
    outer loop
      vertex 15.5244 8.18143 0.509999
      vertex 15.9505 8.47343 0
      vertex 15.9961 8.37682 0
    endloop
  endfacet
  facet normal -0.639249 -0.302221 -0.707124
    outer loop
      vertex 15.9505 8.47343 0
      vertex 15.5244 8.18143 0.509999
      vertex 15.4552 8.3278 0.509999
    endloop
  endfacet
  facet normal -0.363557 -0.606489 -0.707104
    outer loop
      vertex 15.0185 9.45549 0
      vertex 15.1087 9.40142 0
      vertex 14.7778 9.00517 0.509999
    endloop
  endfacet
  facet normal 0.606371 -0.363688 -0.707138
    outer loop
      vertex 12.2035 8.75038 0
      vertex 12.6281 8.46669 0.509999
      vertex 12.1494 8.66018 0
    endloop
  endfacet
  facet normal 0.0347499 -0.70625 -0.70711
    outer loop
      vertex 14 9.2 0.509999
      vertex 13.8933 9.70537 0
      vertex 14 9.71062 0
    endloop
  endfacet
  facet normal 0.034723 -0.706253 -0.707107
    outer loop
      vertex 13.8933 9.70537 0
      vertex 14 9.2 0.509999
      vertex 13.8383 9.19205 0.509999
    endloop
  endfacet
  facet normal 0.699514 -0.103572 -0.707074
    outer loop
      vertex 11.8652 7.86579 0
      vertex 12.3579 7.71173 0.509999
      vertex 11.8498 7.76178 0
    endloop
  endfacet
  facet normal 0.639249 -0.302221 -0.707124
    outer loop
      vertex 12.4756 8.18143 0.509999
      vertex 12.0495 8.47343 0
      vertex 12.5448 8.3278 0.509999
    endloop
  endfacet
  facet normal 0.639173 -0.302352 -0.707136
    outer loop
      vertex 12.0495 8.47343 0
      vertex 12.4756 8.18143 0.509999
      vertex 12.0038 8.37682 0
    endloop
  endfacet
  facet normal -0.639143 -0.302497 -0.7071
    outer loop
      vertex 15.9055 8.56851 0
      vertex 15.9505 8.47343 0
      vertex 15.4552 8.3278 0.509999
    endloop
  endfacet
  facet normal -0.686011 -0.171645 -0.707055
    outer loop
      vertex 15.579 8.02897 0.509999
      vertex 16.0935 8.07351 0
      vertex 15.6183 7.8719 0.509999
    endloop
  endfacet
  facet normal -0.686052 -0.171397 -0.707075
    outer loop
      vertex 16.0935 8.07351 0
      vertex 15.579 8.02897 0.509999
      vertex 16.0676 8.17718 0
    endloop
  endfacet
  facet normal -0.421126 -0.567999 -0.707127
    outer loop
      vertex 15.2862 9.28282 0
      vertex 15.3707 9.22017 0
      vertex 15.0467 8.82547 0.509999
    endloop
  endfacet
  facet normal -0.474829 -0.523926 -0.707135
    outer loop
      vertex 15.3707 9.22017 0
      vertex 15.4486 9.14957 0
      vertex 15.0467 8.82547 0.509999
    endloop
  endfacet
  facet normal 0.103739 -0.69945 -0.707112
    outer loop
      vertex 13.6781 9.16829 0.509999
      vertex 13.6842 9.68478 0
      vertex 13.8383 9.19205 0.509999
    endloop
  endfacet
  facet normal 0.103825 -0.699445 -0.707105
    outer loop
      vertex 13.6842 9.68478 0
      vertex 13.6781 9.16829 0.509999
      vertex 13.5785 9.66909 0
    endloop
  endfacet
  facet normal 0.421126 -0.567999 -0.707127
    outer loop
      vertex 12.7138 9.28282 0
      vertex 12.9533 8.82547 0.509999
      vertex 12.6293 9.22017 0
    endloop
  endfacet
  facet normal -0.699514 -0.103572 -0.707074
    outer loop
      vertex 16.1348 7.86579 0
      vertex 16.1502 7.76178 0
      vertex 15.6421 7.71173 0.509999
    endloop
  endfacet
  facet normal -0.421321 -0.567877 -0.707109
    outer loop
      vertex 14.9167 8.92192 0.509999
      vertex 15.2862 9.28282 0
      vertex 15.0467 8.82547 0.509999
    endloop
  endfacet
  facet normal -0.421333 -0.567867 -0.707111
    outer loop
      vertex 15.2862 9.28282 0
      vertex 14.9167 8.92192 0.509999
      vertex 15.2004 9.34648 0
    endloop
  endfacet
  facet normal 0.363557 -0.606489 -0.707104
    outer loop
      vertex 12.9815 9.45549 0
      vertex 13.2222 9.00517 0.509999
      vertex 12.8913 9.40142 0
    endloop
  endfacet
  facet normal -0.706265 -0.0344035 -0.707111
    outer loop
      vertex 15.65 7.55 0.509999
      vertex 16.1548 7.66927 0
      vertex 16.16 7.56252 0
    endloop
  endfacet
  facet normal -0.706252 -0.0344982 -0.70712
    outer loop
      vertex 16.1548 7.66927 0
      vertex 15.65 7.55 0.509999
      vertex 15.6421 7.71173 0.509999
    endloop
  endfacet
  facet normal -0.568096 -0.421071 -0.707083
    outer loop
      vertex 15.2755 8.59675 0.509999
      vertex 15.7338 8.83484 0
      vertex 15.3719 8.46669 0.509999
    endloop
  endfacet
  facet normal -0.568165 -0.420961 -0.707093
    outer loop
      vertex 15.7338 8.83484 0
      vertex 15.2755 8.59675 0.509999
      vertex 15.6702 8.92068 0
    endloop
  endfacet
  facet normal 0.302168 -0.639293 -0.707106
    outer loop
      vertex 13.1732 9.54614 0
      vertex 13.3686 9.0744 0.509999
      vertex 13.0781 9.50119 0
    endloop
  endfacet
  facet normal -0.60636 -0.363803 -0.707089
    outer loop
      vertex 15.4552 8.3278 0.509999
      vertex 15.8505 8.66018 0
      vertex 15.9055 8.56851 0
    endloop
  endfacet
  facet normal -0.606428 -0.363708 -0.70708
    outer loop
      vertex 15.8505 8.66018 0
      vertex 15.4552 8.3278 0.509999
      vertex 15.3719 8.46669 0.509999
    endloop
  endfacet
  facet normal -0.706262 -0.0351184 -0.707079
    outer loop
      vertex 16.1502 7.76178 0
      vertex 16.1548 7.66927 0
      vertex 15.6421 7.71173 0.509999
    endloop
  endfacet
  facet normal 0.171765 -0.685926 -0.707109
    outer loop
      vertex 13.4748 9.64313 0
      vertex 13.6781 9.16829 0.509999
      vertex 13.521 9.12895 0.509999
    endloop
  endfacet
  facet normal 0.171717 -0.685942 -0.707105
    outer loop
      vertex 13.6781 9.16829 0.509999
      vertex 13.4748 9.64313 0
      vertex 13.5785 9.66909 0
    endloop
  endfacet
  facet normal -0.238204 -0.665787 -0.707097
    outer loop
      vertex 14.6272 9.61757 0
      vertex 14.7262 9.58215 0
      vertex 14.479 9.12895 0.509999
    endloop
  endfacet
  facet normal 0.238297 -0.665746 -0.707105
    outer loop
      vertex 13.3686 9.0744 0.509999
      vertex 13.2738 9.58215 0
      vertex 13.521 9.12895 0.509999
    endloop
  endfacet
  facet normal 0.238304 -0.665744 -0.707104
    outer loop
      vertex 13.2738 9.58215 0
      vertex 13.3686 9.0744 0.509999
      vertex 13.1732 9.54614 0
    endloop
  endfacet
  facet normal -0.302168 -0.639293 -0.707106
    outer loop
      vertex 14.8268 9.54614 0
      vertex 14.9219 9.50119 0
      vertex 14.6314 9.0744 0.509999
    endloop
  endfacet
  facet normal 0.103708 -0.699458 -0.707109
    outer loop
      vertex 13.7882 9.7002 0
      vertex 13.8383 9.19205 0.509999
      vertex 13.6842 9.68478 0
    endloop
  endfacet
  facet normal 0.639143 -0.302497 -0.7071
    outer loop
      vertex 12.0945 8.56851 0
      vertex 12.5448 8.3278 0.509999
      vertex 12.0495 8.47343 0
    endloop
  endfacet
  facet normal 0.523828 -0.475017 -0.707081
    outer loop
      vertex 12.4005 8.99861 0
      vertex 12.8333 8.71673 0.509999
      vertex 12.7245 8.59675 0.509999
    endloop
  endfacet
  facet normal 0.524161 -0.474584 -0.707124
    outer loop
      vertex 12.8333 8.71673 0.509999
      vertex 12.4005 8.99861 0
      vertex 12.4722 9.0778 0
    endloop
  endfacet
  facet normal -0.30239 -0.639187 -0.707107
    outer loop
      vertex 14.7778 9.00517 0.509999
      vertex 14.9219 9.50119 0
      vertex 15.0185 9.45549 0
    endloop
  endfacet
  facet normal -0.30228 -0.639229 -0.707116
    outer loop
      vertex 14.9219 9.50119 0
      vertex 14.7778 9.00517 0.509999
      vertex 14.6314 9.0744 0.509999
    endloop
  endfacet
  facet normal -0.17188 -0.685906 -0.7071
    outer loop
      vertex 14.5252 9.64313 0
      vertex 14.6272 9.61757 0
      vertex 14.479 9.12895 0.509999
    endloop
  endfacet
  facet normal -0.171765 -0.685926 -0.707109
    outer loop
      vertex 14.3219 9.16829 0.509999
      vertex 14.5252 9.64313 0
      vertex 14.479 9.12895 0.509999
    endloop
  endfacet
  facet normal -0.171717 -0.685942 -0.707105
    outer loop
      vertex 14.5252 9.64313 0
      vertex 14.3219 9.16829 0.509999
      vertex 14.4215 9.66909 0
    endloop
  endfacet
  facet normal 0.0347415 -0.706254 -0.707106
    outer loop
      vertex 13.8933 9.70537 0
      vertex 13.8383 9.19205 0.509999
      vertex 13.7882 9.7002 0
    endloop
  endfacet
  facet normal -0.740778 -0.67175 0
    outer loop
      vertex 69.2755 8.59675 0.509999
      vertex 69.1667 8.71673 5
      vertex 69.1667 8.71673 0.509999
    endloop
  endfacet
  facet normal -0.740778 -0.67175 0
    outer loop
      vertex 69.1667 8.71673 5
      vertex 69.2755 8.59675 0.509999
      vertex 69.2755 8.59675 5
    endloop
  endfacet
  facet normal -1 0 0
    outer loop
      vertex 69.65 0 0.509999
      vertex 69.65 7.55 5
      vertex 69.65 7.55 0.509999
    endloop
  endfacet
  facet normal -1 -0 0
    outer loop
      vertex 69.65 7.55 5
      vertex 69.65 0 0.509999
      vertex 69.65 0 5
    endloop
  endfacet
  facet normal 1 -0 0
    outer loop
      vertex 66.35 0 5
      vertex 66.35 7.55 0.509999
      vertex 66.35 7.55 5
    endloop
  endfacet
  facet normal 1 0 0
    outer loop
      vertex 66.35 7.55 0.509999
      vertex 66.35 0 5
      vertex 66.35 0 0.509999
    endloop
  endfacet
  facet normal 0.941644 -0.33661 0
    outer loop
      vertex 66.4211 8.02897 5
      vertex 66.4756 8.18143 0.509999
      vertex 66.4756 8.18143 5
    endloop
  endfacet
  facet normal 0.941644 -0.33661 0
    outer loop
      vertex 66.4756 8.18143 0.509999
      vertex 66.4211 8.02897 5
      vertex 66.4211 8.02897 0.509999
    endloop
  endfacet
  facet normal -0.941644 -0.33661 0
    outer loop
      vertex 69.5789 8.02897 0.509999
      vertex 69.5244 8.18143 5
      vertex 69.5244 8.18143 0.509999
    endloop
  endfacet
  facet normal -0.941644 -0.33661 0
    outer loop
      vertex 69.5244 8.18143 5
      vertex 69.5789 8.02897 0.509999
      vertex 69.5789 8.02897 5
    endloop
  endfacet
  facet normal 0.96995 -0.243306 0
    outer loop
      vertex 66.3817 7.8719 5
      vertex 66.4211 8.02897 0.509999
      vertex 66.4211 8.02897 5
    endloop
  endfacet
  facet normal 0.96995 -0.243306 0
    outer loop
      vertex 66.4211 8.02897 0.509999
      vertex 66.3817 7.8719 5
      vertex 66.3817 7.8719 0.509999
    endloop
  endfacet
  facet normal 0.98914 -0.146978 0
    outer loop
      vertex 66.3579 7.71173 5
      vertex 66.3817 7.8719 0.509999
      vertex 66.3817 7.8719 5
    endloop
  endfacet
  facet normal 0.98914 -0.146978 0
    outer loop
      vertex 66.3817 7.8719 0.509999
      vertex 66.3579 7.71173 5
      vertex 66.3579 7.71173 0.509999
    endloop
  endfacet
  facet normal -0.904056 -0.427414 0
    outer loop
      vertex 69.5244 8.18143 0.509999
      vertex 69.4552 8.3278 5
      vertex 69.4552 8.3278 0.509999
    endloop
  endfacet
  facet normal -0.904056 -0.427414 0
    outer loop
      vertex 69.4552 8.3278 5
      vertex 69.5244 8.18143 0.509999
      vertex 69.5244 8.18143 5
    endloop
  endfacet
  facet normal 0.595545 -0.803322 0
    outer loop
      vertex 66.9532 8.82547 0.509999
      vertex 67.0833 8.92192 5
      vertex 66.9532 8.82547 5
    endloop
  endfacet
  facet normal 0.595545 -0.803322 0
    outer loop
      vertex 67.0833 8.92192 5
      vertex 66.9532 8.82547 0.509999
      vertex 67.0833 8.92192 0.509999
    endloop
  endfacet
  facet normal 0.998809 -0.0487887 0
    outer loop
      vertex 66.35 7.55 5
      vertex 66.3579 7.71173 0.509999
      vertex 66.3579 7.71173 5
    endloop
  endfacet
  facet normal 0.998809 -0.0487887 0
    outer loop
      vertex 66.3579 7.71173 0.509999
      vertex 66.35 7.55 5
      vertex 66.35 7.55 0.509999
    endloop
  endfacet
  facet normal -0.337002 -0.941504 0
    outer loop
      vertex 68.479 9.12895 0.509999
      vertex 68.6314 9.0744 5
      vertex 68.479 9.12895 5
    endloop
  endfacet
  facet normal -0.337002 -0.941504 -0
    outer loop
      vertex 68.6314 9.0744 5
      vertex 68.479 9.12895 0.509999
      vertex 68.6314 9.0744 0.509999
    endloop
  endfacet
  facet normal -0.514087 -0.857738 0
    outer loop
      vertex 68.7778 9.00517 0.509999
      vertex 68.9167 8.92192 5
      vertex 68.7778 9.00517 5
    endloop
  endfacet
  facet normal -0.514087 -0.857738 -0
    outer loop
      vertex 68.9167 8.92192 5
      vertex 68.7778 9.00517 0.509999
      vertex 68.9167 8.92192 0.509999
    endloop
  endfacet
  facet normal -0.998809 -0.0487887 0
    outer loop
      vertex 69.65 7.55 0.509999
      vertex 69.6421 7.71173 5
      vertex 69.6421 7.71173 0.509999
    endloop
  endfacet
  facet normal -0.998809 -0.0487887 0
    outer loop
      vertex 69.6421 7.71173 5
      vertex 69.65 7.55 0.509999
      vertex 69.65 7.55 5
    endloop
  endfacet
  facet normal -0.857586 -0.514341 0
    outer loop
      vertex 69.4552 8.3278 0.509999
      vertex 69.3719 8.46669 5
      vertex 69.3719 8.46669 0.509999
    endloop
  endfacet
  facet normal -0.857586 -0.514341 0
    outer loop
      vertex 69.3719 8.46669 5
      vertex 69.4552 8.3278 0.509999
      vertex 69.4552 8.3278 5
    endloop
  endfacet
  facet normal -0.59584 -0.803103 0
    outer loop
      vertex 68.9167 8.92192 0.509999
      vertex 69.0467 8.82547 5
      vertex 68.9167 8.92192 5
    endloop
  endfacet
  facet normal -0.59584 -0.803103 -0
    outer loop
      vertex 69.0467 8.82547 5
      vertex 68.9167 8.92192 0.509999
      vertex 69.0467 8.82547 0.509999
    endloop
  endfacet
  facet normal -0.96995 -0.243306 0
    outer loop
      vertex 69.6183 7.8719 0.509999
      vertex 69.5789 8.02897 5
      vertex 69.5789 8.02897 0.509999
    endloop
  endfacet
  facet normal -0.96995 -0.243306 0
    outer loop
      vertex 69.5789 8.02897 5
      vertex 69.6183 7.8719 0.509999
      vertex 69.6183 7.8719 5
    endloop
  endfacet
  facet normal -0.98914 -0.146978 0
    outer loop
      vertex 69.6421 7.71173 0.509999
      vertex 69.6183 7.8719 5
      vertex 69.6183 7.8719 0.509999
    endloop
  endfacet
  facet normal -0.98914 -0.146978 0
    outer loop
      vertex 69.6183 7.8719 5
      vertex 69.6421 7.71173 0.509999
      vertex 69.6421 7.71173 5
    endloop
  endfacet
  facet normal -0.803382 -0.595464 0
    outer loop
      vertex 69.3719 8.46669 0.509999
      vertex 69.2755 8.59675 5
      vertex 69.2755 8.59675 0.509999
    endloop
  endfacet
  facet normal -0.803382 -0.595464 0
    outer loop
      vertex 69.2755 8.59675 5
      vertex 69.3719 8.46669 0.509999
      vertex 69.3719 8.46669 5
    endloop
  endfacet
  facet normal -0.427494 -0.904018 0
    outer loop
      vertex 68.6314 9.0744 0.509999
      vertex 68.7778 9.00517 5
      vertex 68.6314 9.0744 5
    endloop
  endfacet
  facet normal -0.427494 -0.904018 -0
    outer loop
      vertex 68.7778 9.00517 5
      vertex 68.6314 9.0744 0.509999
      vertex 68.7778 9.00517 0.509999
    endloop
  endfacet
  facet normal 0.427494 -0.904018 0
    outer loop
      vertex 67.2222 9.00517 0.509999
      vertex 67.3686 9.0744 5
      vertex 67.2222 9.00517 5
    endloop
  endfacet
  facet normal 0.427494 -0.904018 0
    outer loop
      vertex 67.3686 9.0744 5
      vertex 67.2222 9.00517 0.509999
      vertex 67.3686 9.0744 0.509999
    endloop
  endfacet
  facet normal -0.14671 -0.98918 0
    outer loop
      vertex 68.1617 9.19205 0.509999
      vertex 68.3219 9.16829 5
      vertex 68.1617 9.19205 5
    endloop
  endfacet
  facet normal -0.14671 -0.98918 -0
    outer loop
      vertex 68.3219 9.16829 5
      vertex 68.1617 9.19205 0.509999
      vertex 68.3219 9.16829 0.509999
    endloop
  endfacet
  facet normal 0.514087 -0.857738 0
    outer loop
      vertex 67.0833 8.92192 0.509999
      vertex 67.2222 9.00517 5
      vertex 67.0833 8.92192 5
    endloop
  endfacet
  facet normal 0.514087 -0.857738 0
    outer loop
      vertex 67.2222 9.00517 5
      vertex 67.0833 8.92192 0.509999
      vertex 67.2222 9.00517 0.509999
    endloop
  endfacet
  facet normal 0.242913 -0.970048 0
    outer loop
      vertex 67.521 9.12895 0.509999
      vertex 67.6781 9.16829 5
      vertex 67.521 9.12895 5
    endloop
  endfacet
  facet normal 0.242913 -0.970048 0
    outer loop
      vertex 67.6781 9.16829 5
      vertex 67.521 9.12895 0.509999
      vertex 67.6781 9.16829 0.509999
    endloop
  endfacet
  facet normal -0.671486 -0.741018 0
    outer loop
      vertex 69.0467 8.82547 0.509999
      vertex 69.1667 8.71673 5
      vertex 69.0467 8.82547 5
    endloop
  endfacet
  facet normal -0.671486 -0.741018 -0
    outer loop
      vertex 69.1667 8.71673 5
      vertex 69.0467 8.82547 0.509999
      vertex 69.1667 8.71673 0.509999
    endloop
  endfacet
  facet normal 0.740778 -0.67175 0
    outer loop
      vertex 66.7245 8.59675 5
      vertex 66.8333 8.71673 0.509999
      vertex 66.8333 8.71673 5
    endloop
  endfacet
  facet normal 0.740778 -0.67175 0
    outer loop
      vertex 66.8333 8.71673 0.509999
      vertex 66.7245 8.59675 5
      vertex 66.7245 8.59675 0.509999
    endloop
  endfacet
  facet normal 0.857586 -0.514341 0
    outer loop
      vertex 66.5448 8.3278 5
      vertex 66.6281 8.46669 0.509999
      vertex 66.6281 8.46669 5
    endloop
  endfacet
  facet normal 0.857586 -0.514341 0
    outer loop
      vertex 66.6281 8.46669 0.509999
      vertex 66.5448 8.3278 5
      vertex 66.5448 8.3278 0.509999
    endloop
  endfacet
  facet normal 0.904056 -0.427414 0
    outer loop
      vertex 66.4756 8.18143 5
      vertex 66.5448 8.3278 0.509999
      vertex 66.5448 8.3278 5
    endloop
  endfacet
  facet normal 0.904056 -0.427414 0
    outer loop
      vertex 66.5448 8.3278 0.509999
      vertex 66.4756 8.18143 5
      vertex 66.4756 8.18143 0.509999
    endloop
  endfacet
  facet normal 0.671793 -0.740739 0
    outer loop
      vertex 66.8333 8.71673 0.509999
      vertex 66.9532 8.82547 5
      vertex 66.8333 8.71673 5
    endloop
  endfacet
  facet normal 0.671793 -0.740739 0
    outer loop
      vertex 66.9532 8.82547 5
      vertex 66.8333 8.71673 0.509999
      vertex 66.9532 8.82547 0.509999
    endloop
  endfacet
  facet normal -0.0491058 -0.998794 0
    outer loop
      vertex 68 9.2 0.509999
      vertex 68.1617 9.19205 5
      vertex 68 9.2 5
    endloop
  endfacet
  facet normal -0.0491058 -0.998794 -0
    outer loop
      vertex 68.1617 9.19205 5
      vertex 68 9.2 0.509999
      vertex 68.1617 9.19205 0.509999
    endloop
  endfacet
  facet normal 0.14671 -0.98918 0
    outer loop
      vertex 67.6781 9.16829 0.509999
      vertex 67.8383 9.19205 5
      vertex 67.6781 9.16829 5
    endloop
  endfacet
  facet normal 0.14671 -0.98918 0
    outer loop
      vertex 67.8383 9.19205 5
      vertex 67.6781 9.16829 0.509999
      vertex 67.8383 9.19205 0.509999
    endloop
  endfacet
  facet normal 0.803382 -0.595464 0
    outer loop
      vertex 66.6281 8.46669 5
      vertex 66.7245 8.59675 0.509999
      vertex 66.7245 8.59675 5
    endloop
  endfacet
  facet normal 0.803382 -0.595464 0
    outer loop
      vertex 66.7245 8.59675 0.509999
      vertex 66.6281 8.46669 5
      vertex 66.6281 8.46669 0.509999
    endloop
  endfacet
  facet normal 0.0491058 -0.998794 0
    outer loop
      vertex 67.8383 9.19205 0.509999
      vertex 68 9.2 5
      vertex 67.8383 9.19205 5
    endloop
  endfacet
  facet normal 0.0491058 -0.998794 0
    outer loop
      vertex 68 9.2 5
      vertex 67.8383 9.19205 0.509999
      vertex 68 9.2 0.509999
    endloop
  endfacet
  facet normal -0.242913 -0.970048 0
    outer loop
      vertex 68.3219 9.16829 0.509999
      vertex 68.479 9.12895 5
      vertex 68.3219 9.16829 5
    endloop
  endfacet
  facet normal -0.242913 -0.970048 -0
    outer loop
      vertex 68.479 9.12895 5
      vertex 68.3219 9.16829 0.509999
      vertex 68.479 9.12895 0.509999
    endloop
  endfacet
  facet normal 0.337002 -0.941504 0
    outer loop
      vertex 67.3686 9.0744 0.509999
      vertex 67.521 9.12895 5
      vertex 67.3686 9.0744 5
    endloop
  endfacet
  facet normal 0.337002 -0.941504 0
    outer loop
      vertex 67.521 9.12895 5
      vertex 67.3686 9.0744 0.509999
      vertex 67.521 9.12895 0.509999
    endloop
  endfacet
  facet normal 0.30228 -0.639229 -0.707116
    outer loop
      vertex 67.2222 9.00517 0.509999
      vertex 67.0781 9.50119 0
      vertex 67.3686 9.0744 0.509999
    endloop
  endfacet
  facet normal 0.30239 -0.639187 -0.707107
    outer loop
      vertex 67.0781 9.50119 0
      vertex 67.2222 9.00517 0.509999
      vertex 66.9815 9.45549 0
    endloop
  endfacet
  facet normal 0.707106 0 -0.707107
    outer loop
      vertex 65.84 0 0
      vertex 66.35 7.55 0.509999
      vertex 66.35 0 0.509999
    endloop
  endfacet
  facet normal 0.707106 0 -0.707107
    outer loop
      vertex 66.35 7.55 0.509999
      vertex 65.84 0 0
      vertex 65.84 7.56252 0
    endloop
  endfacet
  facet normal 0.568096 -0.421071 -0.707083
    outer loop
      vertex 66.2662 8.83484 0
      vertex 66.7245 8.59675 0.509999
      vertex 66.6281 8.46669 0.509999
    endloop
  endfacet
  facet normal 0.568165 -0.420961 -0.707093
    outer loop
      vertex 66.7245 8.59675 0.509999
      vertex 66.2662 8.83484 0
      vertex 66.3298 8.92068 0
    endloop
  endfacet
  facet normal -0.706262 -0.0351184 -0.707079
    outer loop
      vertex 70.1502 7.76178 0
      vertex 70.1548 7.66927 0
      vertex 69.6421 7.71173 0.509999
    endloop
  endfacet
  facet normal 0.685995 -0.171482 -0.707111
    outer loop
      vertex 65.9064 8.07351 0
      vertex 66.3817 7.8719 0.509999
      vertex 65.8809 7.9715 0
    endloop
  endfacet
  facet normal 0.699432 -0.10393 -0.707102
    outer loop
      vertex 65.8652 7.86579 0
      vertex 66.3817 7.8719 0.509999
      vertex 66.3579 7.71173 0.509999
    endloop
  endfacet
  facet normal 0.699435 -0.10388 -0.707106
    outer loop
      vertex 66.3817 7.8719 0.509999
      vertex 65.8652 7.86579 0
      vertex 65.8809 7.9715 0
    endloop
  endfacet
  facet normal 0.171765 -0.685926 -0.707109
    outer loop
      vertex 67.4748 9.64313 0
      vertex 67.6781 9.16829 0.509999
      vertex 67.521 9.12895 0.509999
    endloop
  endfacet
  facet normal 0.171717 -0.685942 -0.707105
    outer loop
      vertex 67.6781 9.16829 0.509999
      vertex 67.4748 9.64313 0
      vertex 67.5785 9.66909 0
    endloop
  endfacet
  facet normal 0.606428 -0.363708 -0.70708
    outer loop
      vertex 66.5448 8.3278 0.509999
      vertex 66.1495 8.66018 0
      vertex 66.6281 8.46669 0.509999
    endloop
  endfacet
  facet normal 0.60636 -0.363803 -0.707089
    outer loop
      vertex 66.1495 8.66018 0
      vertex 66.5448 8.3278 0.509999
      vertex 66.0945 8.56851 0
    endloop
  endfacet
  facet normal -0.103825 -0.699445 -0.707105
    outer loop
      vertex 68.3219 9.16829 0.509999
      vertex 68.3158 9.68478 0
      vertex 68.4215 9.66909 0
    endloop
  endfacet
  facet normal -0.103739 -0.69945 -0.707112
    outer loop
      vertex 68.3158 9.68478 0
      vertex 68.3219 9.16829 0.509999
      vertex 68.1617 9.19205 0.509999
    endloop
  endfacet
  facet normal -0.103708 -0.699458 -0.707109
    outer loop
      vertex 68.2118 9.7002 0
      vertex 68.3158 9.68478 0
      vertex 68.1617 9.19205 0.509999
    endloop
  endfacet
  facet normal -0.17188 -0.685906 -0.7071
    outer loop
      vertex 68.5252 9.64313 0
      vertex 68.6272 9.61757 0
      vertex 68.479 9.12895 0.509999
    endloop
  endfacet
  facet normal -0.474802 -0.523956 -0.70713
    outer loop
      vertex 69.1667 8.71673 0.509999
      vertex 69.4486 9.14957 0
      vertex 69.5278 9.0778 0
    endloop
  endfacet
  facet normal -0.474796 -0.523961 -0.707131
    outer loop
      vertex 69.4486 9.14957 0
      vertex 69.1667 8.71673 0.509999
      vertex 69.0467 8.82547 0.509999
    endloop
  endfacet
  facet normal 0.302168 -0.639293 -0.707106
    outer loop
      vertex 67.1732 9.54614 0
      vertex 67.3686 9.0744 0.509999
      vertex 67.0781 9.50119 0
    endloop
  endfacet
  facet normal 0.421151 -0.568033 -0.707086
    outer loop
      vertex 66.7138 9.28282 0
      vertex 66.9532 8.82547 0.509999
      vertex 66.6293 9.22017 0
    endloop
  endfacet
  facet normal -0.68581 -0.172031 -0.707156
    outer loop
      vertex 69.5789 8.02897 0.509999
      vertex 70.0936 8.07351 0
      vertex 69.6183 7.8719 0.509999
    endloop
  endfacet
  facet normal -0.685816 -0.172 -0.707159
    outer loop
      vertex 70.0936 8.07351 0
      vertex 69.5789 8.02897 0.509999
      vertex 70.0676 8.17718 0
    endloop
  endfacet
  facet normal 0.706262 -0.0351184 -0.707079
    outer loop
      vertex 65.8498 7.76178 0
      vertex 66.3579 7.71173 0.509999
      vertex 65.8452 7.66927 0
    endloop
  endfacet
  facet normal -0.699432 -0.10393 -0.707102
    outer loop
      vertex 69.6183 7.8719 0.509999
      vertex 70.1348 7.86579 0
      vertex 69.6421 7.71173 0.509999
    endloop
  endfacet
  facet normal -0.699435 -0.10388 -0.707106
    outer loop
      vertex 70.1348 7.86579 0
      vertex 69.6183 7.8719 0.509999
      vertex 70.1191 7.9715 0
    endloop
  endfacet
  facet normal 0.66579 -0.238022 -0.707156
    outer loop
      vertex 65.9678 8.2762 0
      vertex 66.4211 8.02897 0.509999
      vertex 65.9324 8.17718 0
    endloop
  endfacet
  facet normal 0.706252 -0.0344982 -0.70712
    outer loop
      vertex 66.35 7.55 0.509999
      vertex 65.8452 7.66927 0
      vertex 66.3579 7.71173 0.509999
    endloop
  endfacet
  facet normal 0.706265 -0.0344035 -0.707111
    outer loop
      vertex 65.8452 7.66927 0
      vertex 66.35 7.55 0.509999
      vertex 65.84 7.56252 0
    endloop
  endfacet
  facet normal -0.523713 -0.475125 -0.707093
    outer loop
      vertex 69.5995 8.99861 0
      vertex 69.6702 8.92068 0
      vertex 69.2755 8.59675 0.509999
    endloop
  endfacet
  facet normal -0.567746 -0.421474 -0.707124
    outer loop
      vertex 69.7338 8.83484 0
      vertex 69.7965 8.75038 0
      vertex 69.3719 8.46669 0.509999
    endloop
  endfacet
  facet normal -0.302168 -0.639293 -0.707106
    outer loop
      vertex 68.8268 9.54614 0
      vertex 68.9219 9.50119 0
      vertex 68.6314 9.0744 0.509999
    endloop
  endfacet
  facet normal 0.567746 -0.421474 -0.707124
    outer loop
      vertex 66.2662 8.83484 0
      vertex 66.6281 8.46669 0.509999
      vertex 66.2035 8.75038 0
    endloop
  endfacet
  facet normal -0.707106 0 -0.707107
    outer loop
      vertex 70.16 0 0
      vertex 69.65 7.55 0.509999
      vertex 70.16 7.56252 0
    endloop
  endfacet
  facet normal -0.707106 -0 -0.707107
    outer loop
      vertex 69.65 7.55 0.509999
      vertex 70.16 0 0
      vertex 69.65 0 0.509999
    endloop
  endfacet
  facet normal 0.363557 -0.606489 -0.707104
    outer loop
      vertex 66.9815 9.45549 0
      vertex 67.2222 9.00517 0.509999
      vertex 66.8913 9.40142 0
    endloop
  endfacet
  facet normal 0.523713 -0.475125 -0.707093
    outer loop
      vertex 66.4005 8.99861 0
      vertex 66.7245 8.59675 0.509999
      vertex 66.3298 8.92068 0
    endloop
  endfacet
  facet normal -0.034723 -0.706253 -0.707107
    outer loop
      vertex 68 9.2 0.509999
      vertex 68.1067 9.70537 0
      vertex 68.1617 9.19205 0.509999
    endloop
  endfacet
  facet normal -0.0347499 -0.70625 -0.70711
    outer loop
      vertex 68.1067 9.70537 0
      vertex 68 9.2 0.509999
      vertex 68 9.71062 0
    endloop
  endfacet
  facet normal -0.0347415 -0.706254 -0.707106
    outer loop
      vertex 68.2118 9.7002 0
      vertex 68.1617 9.19205 0.509999
      vertex 68.1067 9.70537 0
    endloop
  endfacet
  facet normal 0.665798 -0.238003 -0.707154
    outer loop
      vertex 65.9678 8.2762 0
      vertex 66.4756 8.18143 0.509999
      vertex 66.4211 8.02897 0.509999
    endloop
  endfacet
  facet normal 0.665747 -0.238192 -0.707139
    outer loop
      vertex 66.4756 8.18143 0.509999
      vertex 65.9678 8.2762 0
      vertex 66.0038 8.37682 0
    endloop
  endfacet
  facet normal -0.665798 -0.238003 -0.707154
    outer loop
      vertex 69.5244 8.18143 0.509999
      vertex 70.0322 8.2762 0
      vertex 69.5789 8.02897 0.509999
    endloop
  endfacet
  facet normal -0.665584 -0.238795 -0.707088
    outer loop
      vertex 70.0322 8.2762 0
      vertex 69.5244 8.18143 0.509999
      vertex 69.9961 8.37682 0
    endloop
  endfacet
  facet normal -0.66579 -0.238022 -0.707156
    outer loop
      vertex 70.0322 8.2762 0
      vertex 70.0676 8.17718 0
      vertex 69.5789 8.02897 0.509999
    endloop
  endfacet
  facet normal -0.685995 -0.171482 -0.707111
    outer loop
      vertex 70.0936 8.07351 0
      vertex 70.1191 7.9715 0
      vertex 69.6183 7.8719 0.509999
    endloop
  endfacet
  facet normal -0.639472 -0.301831 -0.707088
    outer loop
      vertex 69.5244 8.18143 0.509999
      vertex 69.9505 8.47343 0
      vertex 69.9961 8.37682 0
    endloop
  endfacet
  facet normal -0.639249 -0.302221 -0.707124
    outer loop
      vertex 69.9505 8.47343 0
      vertex 69.5244 8.18143 0.509999
      vertex 69.4552 8.3278 0.509999
    endloop
  endfacet
  facet normal 0.421125 -0.568049 -0.707089
    outer loop
      vertex 66.7138 9.28282 0
      vertex 67.0833 8.92192 0.509999
      vertex 66.9532 8.82547 0.509999
    endloop
  endfacet
  facet normal 0.421333 -0.567867 -0.707111
    outer loop
      vertex 67.0833 8.92192 0.509999
      vertex 66.7138 9.28282 0
      vertex 66.7996 9.34648 0
    endloop
  endfacet
  facet normal 0.68581 -0.172031 -0.707156
    outer loop
      vertex 65.9064 8.07351 0
      vertex 66.4211 8.02897 0.509999
      vertex 66.3817 7.8719 0.509999
    endloop
  endfacet
  facet normal 0.685816 -0.172 -0.707159
    outer loop
      vertex 66.4211 8.02897 0.509999
      vertex 65.9064 8.07351 0
      vertex 65.9324 8.17718 0
    endloop
  endfacet
  facet normal -0.363413 -0.60657 -0.70711
    outer loop
      vertex 68.9167 8.92192 0.509999
      vertex 69.1087 9.40142 0
      vertex 69.2004 9.34648 0
    endloop
  endfacet
  facet normal -0.363518 -0.606518 -0.707101
    outer loop
      vertex 69.1087 9.40142 0
      vertex 68.9167 8.92192 0.509999
      vertex 68.7778 9.00517 0.509999
    endloop
  endfacet
  facet normal 0.60668 -0.363201 -0.707124
    outer loop
      vertex 66.2035 8.75038 0
      vertex 66.6281 8.46669 0.509999
      vertex 66.1495 8.66018 0
    endloop
  endfacet
  facet normal 0.17188 -0.685906 -0.7071
    outer loop
      vertex 67.4748 9.64313 0
      vertex 67.521 9.12895 0.509999
      vertex 67.3728 9.61757 0
    endloop
  endfacet
  facet normal 0.699514 -0.103572 -0.707074
    outer loop
      vertex 65.8652 7.86579 0
      vertex 66.3579 7.71173 0.509999
      vertex 65.8498 7.76178 0
    endloop
  endfacet
  facet normal 0.639249 -0.302221 -0.707124
    outer loop
      vertex 66.4756 8.18143 0.509999
      vertex 66.0495 8.47343 0
      vertex 66.5448 8.3278 0.509999
    endloop
  endfacet
  facet normal 0.639173 -0.302352 -0.707136
    outer loop
      vertex 66.0495 8.47343 0
      vertex 66.4756 8.18143 0.509999
      vertex 66.0038 8.37682 0
    endloop
  endfacet
  facet normal -0.639143 -0.302497 -0.7071
    outer loop
      vertex 69.9055 8.56851 0
      vertex 69.9505 8.47343 0
      vertex 69.4552 8.3278 0.509999
    endloop
  endfacet
  facet normal -0.421126 -0.567999 -0.707127
    outer loop
      vertex 69.2862 9.28282 0
      vertex 69.3707 9.22017 0
      vertex 69.0467 8.82547 0.509999
    endloop
  endfacet
  facet normal -0.474829 -0.523926 -0.707135
    outer loop
      vertex 69.3707 9.22017 0
      vertex 69.4486 9.14957 0
      vertex 69.0467 8.82547 0.509999
    endloop
  endfacet
  facet normal -0.568096 -0.421071 -0.707083
    outer loop
      vertex 69.2755 8.59675 0.509999
      vertex 69.7338 8.83484 0
      vertex 69.3719 8.46669 0.509999
    endloop
  endfacet
  facet normal -0.568165 -0.420961 -0.707093
    outer loop
      vertex 69.7338 8.83484 0
      vertex 69.2755 8.59675 0.509999
      vertex 69.6702 8.92068 0
    endloop
  endfacet
  facet normal -0.60636 -0.363803 -0.707089
    outer loop
      vertex 69.4552 8.3278 0.509999
      vertex 69.8505 8.66018 0
      vertex 69.9055 8.56851 0
    endloop
  endfacet
  facet normal -0.606428 -0.363708 -0.70708
    outer loop
      vertex 69.8505 8.66018 0
      vertex 69.4552 8.3278 0.509999
      vertex 69.3719 8.46669 0.509999
    endloop
  endfacet
  facet normal 0.47486 -0.52396 -0.707088
    outer loop
      vertex 66.6293 9.22017 0
      vertex 66.9532 8.82547 0.509999
      vertex 66.5514 9.14957 0
    endloop
  endfacet
  facet normal -0.706265 -0.0344035 -0.707111
    outer loop
      vertex 69.65 7.55 0.509999
      vertex 70.1548 7.66927 0
      vertex 70.16 7.56252 0
    endloop
  endfacet
  facet normal -0.706252 -0.0344982 -0.70712
    outer loop
      vertex 70.1548 7.66927 0
      vertex 69.65 7.55 0.509999
      vertex 69.6421 7.71173 0.509999
    endloop
  endfacet
  facet normal 0.103708 -0.699458 -0.707109
    outer loop
      vertex 67.7882 9.7002 0
      vertex 67.8383 9.19205 0.509999
      vertex 67.6842 9.68478 0
    endloop
  endfacet
  facet normal -0.363557 -0.606489 -0.707104
    outer loop
      vertex 69.0185 9.45549 0
      vertex 69.1087 9.40142 0
      vertex 68.7778 9.00517 0.509999
    endloop
  endfacet
  facet normal -0.60668 -0.363201 -0.707124
    outer loop
      vertex 69.7965 8.75038 0
      vertex 69.8505 8.66018 0
      vertex 69.3719 8.46669 0.509999
    endloop
  endfacet
  facet normal 0.0347499 -0.70625 -0.70711
    outer loop
      vertex 68 9.2 0.509999
      vertex 67.8933 9.70537 0
      vertex 68 9.71062 0
    endloop
  endfacet
  facet normal 0.034723 -0.706253 -0.707107
    outer loop
      vertex 67.8933 9.70537 0
      vertex 68 9.2 0.509999
      vertex 67.8383 9.19205 0.509999
    endloop
  endfacet
  facet normal -0.523828 -0.475017 -0.707081
    outer loop
      vertex 69.1667 8.71673 0.509999
      vertex 69.5995 8.99861 0
      vertex 69.2755 8.59675 0.509999
    endloop
  endfacet
  facet normal -0.524161 -0.474584 -0.707124
    outer loop
      vertex 69.5995 8.99861 0
      vertex 69.1667 8.71673 0.509999
      vertex 69.5278 9.0778 0
    endloop
  endfacet
  facet normal 0.523828 -0.475017 -0.707081
    outer loop
      vertex 66.4005 8.99861 0
      vertex 66.8333 8.71673 0.509999
      vertex 66.7245 8.59675 0.509999
    endloop
  endfacet
  facet normal 0.524161 -0.474584 -0.707124
    outer loop
      vertex 66.8333 8.71673 0.509999
      vertex 66.4005 8.99861 0
      vertex 66.4722 9.0778 0
    endloop
  endfacet
  facet normal 0.103739 -0.69945 -0.707112
    outer loop
      vertex 67.6781 9.16829 0.509999
      vertex 67.6842 9.68478 0
      vertex 67.8383 9.19205 0.509999
    endloop
  endfacet
  facet normal 0.103825 -0.699445 -0.707105
    outer loop
      vertex 67.6842 9.68478 0
      vertex 67.6781 9.16829 0.509999
      vertex 67.5785 9.66909 0
    endloop
  endfacet
  facet normal -0.238304 -0.665744 -0.707104
    outer loop
      vertex 68.6314 9.0744 0.509999
      vertex 68.7262 9.58215 0
      vertex 68.8268 9.54614 0
    endloop
  endfacet
  facet normal -0.238297 -0.665746 -0.707105
    outer loop
      vertex 68.7262 9.58215 0
      vertex 68.6314 9.0744 0.509999
      vertex 68.479 9.12895 0.509999
    endloop
  endfacet
  facet normal 0.475029 -0.523781 -0.707107
    outer loop
      vertex 66.8333 8.71673 0.509999
      vertex 66.5514 9.14957 0
      vertex 66.9532 8.82547 0.509999
    endloop
  endfacet
  facet normal 0.474802 -0.523956 -0.70713
    outer loop
      vertex 66.5514 9.14957 0
      vertex 66.8333 8.71673 0.509999
      vertex 66.4722 9.0778 0
    endloop
  endfacet
  facet normal 0.639143 -0.302497 -0.7071
    outer loop
      vertex 66.0945 8.56851 0
      vertex 66.5448 8.3278 0.509999
      vertex 66.0495 8.47343 0
    endloop
  endfacet
  facet normal -0.699514 -0.103572 -0.707074
    outer loop
      vertex 70.1348 7.86579 0
      vertex 70.1502 7.76178 0
      vertex 69.6421 7.71173 0.509999
    endloop
  endfacet
  facet normal 0.238297 -0.665746 -0.707105
    outer loop
      vertex 67.3686 9.0744 0.509999
      vertex 67.2738 9.58215 0
      vertex 67.521 9.12895 0.509999
    endloop
  endfacet
  facet normal 0.238304 -0.665744 -0.707104
    outer loop
      vertex 67.2738 9.58215 0
      vertex 67.3686 9.0744 0.509999
      vertex 67.1732 9.54614 0
    endloop
  endfacet
  facet normal -0.421321 -0.567877 -0.707109
    outer loop
      vertex 68.9167 8.92192 0.509999
      vertex 69.2862 9.28282 0
      vertex 69.0467 8.82547 0.509999
    endloop
  endfacet
  facet normal -0.421333 -0.567867 -0.707111
    outer loop
      vertex 69.2862 9.28282 0
      vertex 68.9167 8.92192 0.509999
      vertex 69.2004 9.34648 0
    endloop
  endfacet
  facet normal 0.238204 -0.665787 -0.707097
    outer loop
      vertex 67.3728 9.61757 0
      vertex 67.521 9.12895 0.509999
      vertex 67.2738 9.58215 0
    endloop
  endfacet
  facet normal 0.363518 -0.606518 -0.707101
    outer loop
      vertex 67.0833 8.92192 0.509999
      vertex 66.8913 9.40142 0
      vertex 67.2222 9.00517 0.509999
    endloop
  endfacet
  facet normal 0.363413 -0.60657 -0.70711
    outer loop
      vertex 66.8913 9.40142 0
      vertex 67.0833 8.92192 0.509999
      vertex 66.7996 9.34648 0
    endloop
  endfacet
  facet normal -0.171765 -0.685926 -0.707109
    outer loop
      vertex 68.3219 9.16829 0.509999
      vertex 68.5252 9.64313 0
      vertex 68.479 9.12895 0.509999
    endloop
  endfacet
  facet normal -0.171717 -0.685942 -0.707105
    outer loop
      vertex 68.5252 9.64313 0
      vertex 68.3219 9.16829 0.509999
      vertex 68.4215 9.66909 0
    endloop
  endfacet
  facet normal -0.30239 -0.639187 -0.707107
    outer loop
      vertex 68.7778 9.00517 0.509999
      vertex 68.9219 9.50119 0
      vertex 69.0185 9.45549 0
    endloop
  endfacet
  facet normal -0.30228 -0.639229 -0.707116
    outer loop
      vertex 68.9219 9.50119 0
      vertex 68.7778 9.00517 0.509999
      vertex 68.6314 9.0744 0.509999
    endloop
  endfacet
  facet normal -0.238204 -0.665787 -0.707097
    outer loop
      vertex 68.6272 9.61757 0
      vertex 68.7262 9.58215 0
      vertex 68.479 9.12895 0.509999
    endloop
  endfacet
  facet normal 0.0347415 -0.706254 -0.707106
    outer loop
      vertex 67.8933 9.70537 0
      vertex 67.8383 9.19205 0.509999
      vertex 67.7882 9.7002 0
    endloop
  endfacet
  facet normal 0 -0.146746 0.989174
    outer loop
      vertex 0 78.4389 8.99323
      vertex 5 78.2205 8.96083
      vertex 5 78.4389 8.99323
    endloop
  endfacet
  facet normal 0 -0.146746 0.989174
    outer loop
      vertex 5 78.2205 8.96083
      vertex 0 78.4389 8.99323
      vertex 0 78.2205 8.96083
    endloop
  endfacet
  facet normal 0 -0.0490565 0.998796
    outer loop
      vertex 0 78.2205 8.96083
      vertex 5 78 8.95
      vertex 5 78.2205 8.96083
    endloop
  endfacet
  facet normal 0 -0.0490565 0.998796
    outer loop
      vertex 5 78 8.95
      vertex 0 78.2205 8.96083
      vertex 0 78 8.95
    endloop
  endfacet
  facet normal 0 -0.242962 0.970036
    outer loop
      vertex 0 78.6531 9.04688
      vertex 5 78.4389 8.99323
      vertex 5 78.6531 9.04688
    endloop
  endfacet
  facet normal 0 -0.242962 0.970036
    outer loop
      vertex 5 78.4389 8.99323
      vertex 0 78.6531 9.04688
      vertex 0 78.4389 8.99323
    endloop
  endfacet
  facet normal 0 0.941527 0.336939
    outer loop
      vertex 5 75.9213 10.339
      vertex 0 75.8469 10.5469
      vertex 5 75.8469 10.5469
    endloop
  endfacet
  facet normal 0 0.941527 0.336939
    outer loop
      vertex 0 75.8469 10.5469
      vertex 5 75.9213 10.339
      vertex 0 75.9213 10.339
    endloop
  endfacet
  facet normal 0 -0.740923 0.67159
    outer loop
      vertex 0 79.591 9.60901
      vertex 5 79.7393 9.77262
      vertex 0 79.7393 9.77262
    endloop
  endfacet
  facet normal 0 -0.740923 0.67159
    outer loop
      vertex 5 79.7393 9.77262
      vertex 0 79.591 9.60901
      vertex 5 79.591 9.60901
    endloop
  endfacet
  facet normal 0 -0.514029 -0.857773
    outer loop
      vertex 0 79.0606 13.1843
      vertex 5 79.25 13.0708
      vertex 5 79.0606 13.1843
    endloop
  endfacet
  facet normal -0 -0.514029 -0.857773
    outer loop
      vertex 5 79.25 13.0708
      vertex 0 79.0606 13.1843
      vertex 0 79.25 13.0708
    endloop
  endfacet
  facet normal 0 0.989184 -0.14668
    outer loop
      vertex 5 75.7608 11.4205
      vertex 0 75.7932 11.639
      vertex 5 75.7932 11.639
    endloop
  endfacet
  facet normal 0 0.989184 -0.14668
    outer loop
      vertex 0 75.7932 11.639
      vertex 5 75.7608 11.4205
      vertex 0 75.7608 11.4205
    endloop
  endfacet
  facet normal 0 -0.336899 0.941541
    outer loop
      vertex 0 78.861 9.12127
      vertex 5 78.6531 9.04688
      vertex 5 78.861 9.12127
    endloop
  endfacet
  facet normal 0 -0.336899 0.941541
    outer loop
      vertex 5 78.6531 9.04688
      vertex 0 78.861 9.12127
      vertex 0 78.6531 9.04688
    endloop
  endfacet
  facet normal 0 -0.998803 -0.0489209
    outer loop
      vertex 0 80.25 11.2
      vertex 5 80.2392 11.4205
      vertex 0 80.2392 11.4205
    endloop
  endfacet
  facet normal 0 -0.998803 -0.0489209
    outer loop
      vertex 5 80.2392 11.4205
      vertex 0 80.25 11.2
      vertex 5 80.25 11.2
    endloop
  endfacet
  facet normal 0 0.998803 0.0489209
    outer loop
      vertex 5 75.7608 10.9795
      vertex 0 75.75 11.2
      vertex 5 75.75 11.2
    endloop
  endfacet
  facet normal 0 0.998803 0.0489209
    outer loop
      vertex 0 75.75 11.2
      vertex 5 75.7608 10.9795
      vertex 0 75.7608 10.9795
    endloop
  endfacet
  facet normal 0 0.427541 -0.903996
    outer loop
      vertex 0 76.9394 13.1843
      vertex 5 77.139 13.2787
      vertex 5 76.9394 13.1843
    endloop
  endfacet
  facet normal 0 0.427541 -0.903996
    outer loop
      vertex 5 77.139 13.2787
      vertex 0 76.9394 13.1843
      vertex 0 77.139 13.2787
    endloop
  endfacet
  facet normal 0 0.803357 -0.595498
    outer loop
      vertex 5 76.1292 12.45
      vertex 0 76.2607 12.6274
      vertex 5 76.2607 12.6274
    endloop
  endfacet
  facet normal 0 0.803357 -0.595498
    outer loop
      vertex 0 76.2607 12.6274
      vertex 5 76.1292 12.45
      vertex 0 76.1292 12.45
    endloop
  endfacet
  facet normal 0 -0.595498 -0.803357
    outer loop
      vertex 0 79.25 13.0708
      vertex 5 79.4274 12.9393
      vertex 5 79.25 13.0708
    endloop
  endfacet
  facet normal -0 -0.595498 -0.803357
    outer loop
      vertex 5 79.4274 12.9393
      vertex 0 79.25 13.0708
      vertex 0 79.4274 12.9393
    endloop
  endfacet
  facet normal -0 0.242962 0.970036
    outer loop
      vertex 0 77.5611 8.99323
      vertex 5 77.3469 9.04688
      vertex 5 77.5611 8.99323
    endloop
  endfacet
  facet normal 0 0.242962 0.970036
    outer loop
      vertex 5 77.3469 9.04688
      vertex 0 77.5611 8.99323
      vertex 0 77.3469 9.04688
    endloop
  endfacet
  facet normal 0 -0.514063 0.857753
    outer loop
      vertex 0 79.25 9.32919
      vertex 5 79.0606 9.21568
      vertex 5 79.25 9.32919
    endloop
  endfacet
  facet normal 0 -0.514063 0.857753
    outer loop
      vertex 5 79.0606 9.21568
      vertex 0 79.25 9.32919
      vertex 0 79.0606 9.21568
    endloop
  endfacet
  facet normal 0 0.0489209 -0.998803
    outer loop
      vertex 0 77.7795 13.4392
      vertex 5 78 13.45
      vertex 5 77.7795 13.4392
    endloop
  endfacet
  facet normal 0 0.0489209 -0.998803
    outer loop
      vertex 5 78 13.45
      vertex 0 77.7795 13.4392
      vertex 0 78 13.45
    endloop
  endfacet
  facet normal 0 -0.427578 0.903978
    outer loop
      vertex 0 79.0606 9.21568
      vertex 5 78.861 9.12127
      vertex 5 79.0606 9.21568
    endloop
  endfacet
  facet normal 0 -0.427578 0.903978
    outer loop
      vertex 5 78.861 9.12127
      vertex 0 79.0606 9.21568
      vertex 0 78.861 9.12127
    endloop
  endfacet
  facet normal -0 0.336899 0.941541
    outer loop
      vertex 0 77.3469 9.04688
      vertex 5 77.139 9.12127
      vertex 5 77.3469 9.04688
    endloop
  endfacet
  facet normal 0 0.336899 0.941541
    outer loop
      vertex 5 77.139 9.12127
      vertex 0 77.3469 9.04688
      vertex 0 77.139 9.12127
    endloop
  endfacet
  facet normal 0 0.903996 -0.427541
    outer loop
      vertex 5 75.9213 12.061
      vertex 0 76.0157 12.2606
      vertex 5 76.0157 12.2606
    endloop
  endfacet
  facet normal 0 0.903996 -0.427541
    outer loop
      vertex 0 76.0157 12.2606
      vertex 5 75.9213 12.061
      vertex 0 75.9213 12.061
    endloop
  endfacet
  facet normal 0 0.243175 -0.969982
    outer loop
      vertex 0 77.3469 13.3531
      vertex 5 77.5611 13.4068
      vertex 5 77.3469 13.3531
    endloop
  endfacet
  facet normal 0 0.243175 -0.969982
    outer loop
      vertex 5 77.5611 13.4068
      vertex 0 77.3469 13.3531
      vertex 0 77.5611 13.4068
    endloop
  endfacet
  facet normal 0 -0.671613 -0.740902
    outer loop
      vertex 0 79.4274 12.9393
      vertex 5 79.591 12.791
      vertex 5 79.4274 12.9393
    endloop
  endfacet
  facet normal -0 -0.671613 -0.740902
    outer loop
      vertex 5 79.591 12.791
      vertex 0 79.4274 12.9393
      vertex 0 79.591 12.791
    endloop
  endfacet
  facet normal 0 0.969956 -0.243282
    outer loop
      vertex 5 75.7932 11.639
      vertex 0 75.8469 11.8531
      vertex 5 75.8469 11.8531
    endloop
  endfacet
  facet normal 0 0.969956 -0.243282
    outer loop
      vertex 0 75.8469 11.8531
      vertex 5 75.7932 11.639
      vertex 0 75.7932 11.639
    endloop
  endfacet
  facet normal 0 -0.857773 -0.514029
    outer loop
      vertex 0 79.9843 12.2606
      vertex 5 79.8708 12.45
      vertex 0 79.8708 12.45
    endloop
  endfacet
  facet normal 0 -0.857773 -0.514029
    outer loop
      vertex 5 79.8708 12.45
      vertex 0 79.9843 12.2606
      vertex 5 79.9843 12.2606
    endloop
  endfacet
  facet normal 0 -0.595615 0.80327
    outer loop
      vertex 0 79.4274 9.46073
      vertex 5 79.25 9.32919
      vertex 5 79.4274 9.46073
    endloop
  endfacet
  facet normal 0 -0.595615 0.80327
    outer loop
      vertex 5 79.25 9.32919
      vertex 0 79.4274 9.46073
      vertex 0 79.25 9.32919
    endloop
  endfacet
  facet normal 0 -0.989184 -0.14668
    outer loop
      vertex 0 80.2392 11.4205
      vertex 5 80.2068 11.639
      vertex 0 80.2068 11.639
    endloop
  endfacet
  facet normal 0 -0.989184 -0.14668
    outer loop
      vertex 5 80.2068 11.639
      vertex 0 80.2392 11.4205
      vertex 5 80.2392 11.4205
    endloop
  endfacet
  facet normal 0 0.903996 0.427541
    outer loop
      vertex 5 76.0157 10.1394
      vertex 0 75.9213 10.339
      vertex 5 75.9213 10.339
    endloop
  endfacet
  facet normal 0 0.903996 0.427541
    outer loop
      vertex 0 75.9213 10.339
      vertex 5 76.0157 10.1394
      vertex 0 76.0157 10.1394
    endloop
  endfacet
  facet normal 0 -0.740902 -0.671613
    outer loop
      vertex 0 79.7393 12.6274
      vertex 5 79.591 12.791
      vertex 0 79.591 12.791
    endloop
  endfacet
  facet normal 0 -0.740902 -0.671613
    outer loop
      vertex 5 79.591 12.791
      vertex 0 79.7393 12.6274
      vertex 5 79.7393 12.6274
    endloop
  endfacet
  facet normal -0 0.514063 0.857753
    outer loop
      vertex 0 76.9394 9.21568
      vertex 5 76.75 9.32919
      vertex 5 76.9394 9.21568
    endloop
  endfacet
  facet normal 0 0.514063 0.857753
    outer loop
      vertex 5 76.75 9.32919
      vertex 0 76.9394 9.21568
      vertex 0 76.75 9.32919
    endloop
  endfacet
  facet normal 0 -0.803357 -0.595498
    outer loop
      vertex 0 79.8708 12.45
      vertex 5 79.7393 12.6274
      vertex 0 79.7393 12.6274
    endloop
  endfacet
  facet normal 0 -0.803357 -0.595498
    outer loop
      vertex 5 79.7393 12.6274
      vertex 0 79.8708 12.45
      vertex 5 79.8708 12.45
    endloop
  endfacet
  facet normal 0 -0.941527 0.336939
    outer loop
      vertex 0 80.0787 10.339
      vertex 5 80.1531 10.5469
      vertex 0 80.1531 10.5469
    endloop
  endfacet
  facet normal 0 -0.941527 0.336939
    outer loop
      vertex 5 80.1531 10.5469
      vertex 0 80.0787 10.339
      vertex 5 80.0787 10.339
    endloop
  endfacet
  facet normal 0 -0.671563 0.740948
    outer loop
      vertex 0 79.591 9.60901
      vertex 5 79.4274 9.46073
      vertex 5 79.591 9.60901
    endloop
  endfacet
  facet normal 0 -0.671563 0.740948
    outer loop
      vertex 5 79.4274 9.46073
      vertex 0 79.591 9.60901
      vertex 0 79.4274 9.46073
    endloop
  endfacet
  facet normal -0 0.0490565 0.998796
    outer loop
      vertex 0 78 8.95
      vertex 5 77.7795 8.96083
      vertex 5 78 8.95
    endloop
  endfacet
  facet normal 0 0.0490565 0.998796
    outer loop
      vertex 5 77.7795 8.96083
      vertex 0 78 8.95
      vertex 0 77.7795 8.96083
    endloop
  endfacet
  facet normal 0 0.336939 -0.941527
    outer loop
      vertex 0 77.139 13.2787
      vertex 5 77.3469 13.3531
      vertex 5 77.139 13.2787
    endloop
  endfacet
  facet normal 0 0.336939 -0.941527
    outer loop
      vertex 5 77.3469 13.3531
      vertex 0 77.139 13.2787
      vertex 0 77.3469 13.3531
    endloop
  endfacet
  facet normal 0 -0.857808 0.51397
    outer loop
      vertex 0 79.8708 9.94997
      vertex 5 79.9843 10.1394
      vertex 0 79.9843 10.1394
    endloop
  endfacet
  facet normal 0 -0.857808 0.51397
    outer loop
      vertex 5 79.9843 10.1394
      vertex 0 79.8708 9.94997
      vertex 5 79.8708 9.94997
    endloop
  endfacet
  facet normal 0 -0.803276 0.595607
    outer loop
      vertex 0 79.7393 9.77262
      vertex 5 79.8708 9.94997
      vertex 0 79.8708 9.94997
    endloop
  endfacet
  facet normal 0 -0.803276 0.595607
    outer loop
      vertex 5 79.8708 9.94997
      vertex 0 79.7393 9.77262
      vertex 5 79.7393 9.77262
    endloop
  endfacet
  facet normal 0 0.989184 0.14668
    outer loop
      vertex 5 75.7932 10.761
      vertex 0 75.7608 10.9795
      vertex 5 75.7608 10.9795
    endloop
  endfacet
  facet normal 0 0.989184 0.14668
    outer loop
      vertex 0 75.7608 10.9795
      vertex 5 75.7932 10.761
      vertex 0 75.7932 10.761
    endloop
  endfacet
  facet normal -0 0.671563 0.740948
    outer loop
      vertex 0 76.5726 9.46073
      vertex 5 76.409 9.60901
      vertex 5 76.5726 9.46073
    endloop
  endfacet
  facet normal 0 0.671563 0.740948
    outer loop
      vertex 5 76.409 9.60901
      vertex 0 76.5726 9.46073
      vertex 0 76.409 9.60901
    endloop
  endfacet
  facet normal -0 0.595615 0.80327
    outer loop
      vertex 0 76.75 9.32919
      vertex 5 76.5726 9.46073
      vertex 5 76.75 9.32919
    endloop
  endfacet
  facet normal 0 0.595615 0.80327
    outer loop
      vertex 5 76.5726 9.46073
      vertex 0 76.75 9.32919
      vertex 0 76.5726 9.46073
    endloop
  endfacet
  facet normal 0 0.969956 0.243282
    outer loop
      vertex 5 75.8469 10.5469
      vertex 0 75.7932 10.761
      vertex 5 75.7932 10.761
    endloop
  endfacet
  facet normal 0 0.969956 0.243282
    outer loop
      vertex 0 75.7932 10.761
      vertex 5 75.8469 10.5469
      vertex 0 75.8469 10.5469
    endloop
  endfacet
  facet normal -0 0.427578 0.903978
    outer loop
      vertex 0 77.139 9.12127
      vertex 5 76.9394 9.21568
      vertex 5 77.139 9.12127
    endloop
  endfacet
  facet normal 0 0.427578 0.903978
    outer loop
      vertex 5 76.9394 9.21568
      vertex 0 77.139 9.12127
      vertex 0 76.9394 9.21568
    endloop
  endfacet
  facet normal 0 -0.969956 -0.243282
    outer loop
      vertex 0 80.2068 11.639
      vertex 5 80.1531 11.8531
      vertex 0 80.1531 11.8531
    endloop
  endfacet
  facet normal 0 -0.969956 -0.243282
    outer loop
      vertex 5 80.1531 11.8531
      vertex 0 80.2068 11.639
      vertex 5 80.2068 11.639
    endloop
  endfacet
  facet normal 0 -0.336939 -0.941527
    outer loop
      vertex 0 78.6531 13.3531
      vertex 5 78.861 13.2787
      vertex 5 78.6531 13.3531
    endloop
  endfacet
  facet normal -0 -0.336939 -0.941527
    outer loop
      vertex 5 78.861 13.2787
      vertex 0 78.6531 13.3531
      vertex 0 78.861 13.2787
    endloop
  endfacet
  facet normal 0 -0.903996 -0.427541
    outer loop
      vertex 0 80.0787 12.061
      vertex 5 79.9843 12.2606
      vertex 0 79.9843 12.2606
    endloop
  endfacet
  facet normal 0 -0.903996 -0.427541
    outer loop
      vertex 5 79.9843 12.2606
      vertex 0 80.0787 12.061
      vertex 5 80.0787 12.061
    endloop
  endfacet
  facet normal 0 -0.146746 -0.989174
    outer loop
      vertex 0 78.2205 13.4392
      vertex 5 78.4389 13.4068
      vertex 5 78.2205 13.4392
    endloop
  endfacet
  facet normal -0 -0.146746 -0.989174
    outer loop
      vertex 5 78.4389 13.4068
      vertex 0 78.2205 13.4392
      vertex 0 78.4389 13.4068
    endloop
  endfacet
  facet normal 0 -0.243175 -0.969982
    outer loop
      vertex 0 78.4389 13.4068
      vertex 5 78.6531 13.3531
      vertex 5 78.4389 13.4068
    endloop
  endfacet
  facet normal -0 -0.243175 -0.969982
    outer loop
      vertex 5 78.6531 13.3531
      vertex 0 78.4389 13.4068
      vertex 0 78.6531 13.3531
    endloop
  endfacet
  facet normal 0 -0.903996 0.427541
    outer loop
      vertex 0 79.9843 10.1394
      vertex 5 80.0787 10.339
      vertex 0 80.0787 10.339
    endloop
  endfacet
  facet normal 0 -0.903996 0.427541
    outer loop
      vertex 5 80.0787 10.339
      vertex 0 79.9843 10.1394
      vertex 5 79.9843 10.1394
    endloop
  endfacet
  facet normal -0 0.146746 0.989174
    outer loop
      vertex 0 77.7795 8.96083
      vertex 5 77.5611 8.99323
      vertex 5 77.7795 8.96083
    endloop
  endfacet
  facet normal 0 0.146746 0.989174
    outer loop
      vertex 5 77.5611 8.99323
      vertex 0 77.7795 8.96083
      vertex 0 77.5611 8.99323
    endloop
  endfacet
  facet normal 0 -0.989184 0.14668
    outer loop
      vertex 0 80.2068 10.761
      vertex 5 80.2392 10.9795
      vertex 0 80.2392 10.9795
    endloop
  endfacet
  facet normal 0 -0.989184 0.14668
    outer loop
      vertex 5 80.2392 10.9795
      vertex 0 80.2068 10.761
      vertex 5 80.2068 10.761
    endloop
  endfacet
  facet normal 0 -0.998803 0.0489209
    outer loop
      vertex 0 80.2392 10.9795
      vertex 5 80.25 11.2
      vertex 0 80.25 11.2
    endloop
  endfacet
  facet normal 0 -0.998803 0.0489209
    outer loop
      vertex 5 80.25 11.2
      vertex 0 80.2392 10.9795
      vertex 5 80.2392 10.9795
    endloop
  endfacet
  facet normal 0 0.671613 -0.740902
    outer loop
      vertex 0 76.409 12.791
      vertex 5 76.5726 12.9393
      vertex 5 76.409 12.791
    endloop
  endfacet
  facet normal 0 0.671613 -0.740902
    outer loop
      vertex 5 76.5726 12.9393
      vertex 0 76.409 12.791
      vertex 0 76.5726 12.9393
    endloop
  endfacet
  facet normal 0 0.514029 -0.857773
    outer loop
      vertex 0 76.75 13.0708
      vertex 5 76.9394 13.1843
      vertex 5 76.75 13.0708
    endloop
  endfacet
  facet normal 0 0.514029 -0.857773
    outer loop
      vertex 5 76.9394 13.1843
      vertex 0 76.75 13.0708
      vertex 0 76.9394 13.1843
    endloop
  endfacet
  facet normal 0 -0.941527 -0.336939
    outer loop
      vertex 0 80.1531 11.8531
      vertex 5 80.0787 12.061
      vertex 0 80.0787 12.061
    endloop
  endfacet
  facet normal 0 -0.941527 -0.336939
    outer loop
      vertex 5 80.0787 12.061
      vertex 0 80.1531 11.8531
      vertex 5 80.1531 11.8531
    endloop
  endfacet
  facet normal 0 0.857773 -0.514029
    outer loop
      vertex 5 76.0157 12.2606
      vertex 0 76.1292 12.45
      vertex 5 76.1292 12.45
    endloop
  endfacet
  facet normal 0 0.857773 -0.514029
    outer loop
      vertex 0 76.1292 12.45
      vertex 5 76.0157 12.2606
      vertex 0 76.0157 12.2606
    endloop
  endfacet
  facet normal 0 0.803276 0.595607
    outer loop
      vertex 5 76.2607 9.77262
      vertex 0 76.1292 9.94997
      vertex 5 76.1292 9.94997
    endloop
  endfacet
  facet normal 0 0.803276 0.595607
    outer loop
      vertex 0 76.1292 9.94997
      vertex 5 76.2607 9.77262
      vertex 0 76.2607 9.77262
    endloop
  endfacet
  facet normal 0 0.941527 -0.336939
    outer loop
      vertex 5 75.8469 11.8531
      vertex 0 75.9213 12.061
      vertex 5 75.9213 12.061
    endloop
  endfacet
  facet normal 0 0.941527 -0.336939
    outer loop
      vertex 0 75.9213 12.061
      vertex 5 75.8469 11.8531
      vertex 0 75.8469 11.8531
    endloop
  endfacet
  facet normal 0 0.595498 -0.803357
    outer loop
      vertex 0 76.5726 12.9393
      vertex 5 76.75 13.0708
      vertex 5 76.5726 12.9393
    endloop
  endfacet
  facet normal 0 0.595498 -0.803357
    outer loop
      vertex 5 76.75 13.0708
      vertex 0 76.5726 12.9393
      vertex 0 76.75 13.0708
    endloop
  endfacet
  facet normal 0 -0.427541 -0.903996
    outer loop
      vertex 0 78.861 13.2787
      vertex 5 79.0606 13.1843
      vertex 5 78.861 13.2787
    endloop
  endfacet
  facet normal -0 -0.427541 -0.903996
    outer loop
      vertex 5 79.0606 13.1843
      vertex 0 78.861 13.2787
      vertex 0 79.0606 13.1843
    endloop
  endfacet
  facet normal 0 0.146746 -0.989174
    outer loop
      vertex 0 77.5611 13.4068
      vertex 5 77.7795 13.4392
      vertex 5 77.5611 13.4068
    endloop
  endfacet
  facet normal 0 0.146746 -0.989174
    outer loop
      vertex 5 77.7795 13.4392
      vertex 0 77.5611 13.4068
      vertex 0 77.7795 13.4392
    endloop
  endfacet
  facet normal 0 -0.969956 0.243282
    outer loop
      vertex 0 80.1531 10.5469
      vertex 5 80.2068 10.761
      vertex 0 80.2068 10.761
    endloop
  endfacet
  facet normal 0 -0.969956 0.243282
    outer loop
      vertex 5 80.2068 10.761
      vertex 0 80.1531 10.5469
      vertex 5 80.1531 10.5469
    endloop
  endfacet
  facet normal 0 0.857808 0.51397
    outer loop
      vertex 5 76.1292 9.94997
      vertex 0 76.0157 10.1394
      vertex 5 76.0157 10.1394
    endloop
  endfacet
  facet normal 0 0.857808 0.51397
    outer loop
      vertex 0 76.0157 10.1394
      vertex 5 76.1292 9.94997
      vertex 0 76.1292 9.94997
    endloop
  endfacet
  facet normal 0 0.740902 -0.671613
    outer loop
      vertex 5 76.2607 12.6274
      vertex 0 76.409 12.791
      vertex 5 76.409 12.791
    endloop
  endfacet
  facet normal 0 0.740902 -0.671613
    outer loop
      vertex 0 76.409 12.791
      vertex 5 76.2607 12.6274
      vertex 0 76.2607 12.6274
    endloop
  endfacet
  facet normal 0 0.998803 -0.0489209
    outer loop
      vertex 5 75.75 11.2
      vertex 0 75.7608 11.4205
      vertex 5 75.7608 11.4205
    endloop
  endfacet
  facet normal 0 0.998803 -0.0489209
    outer loop
      vertex 0 75.7608 11.4205
      vertex 5 75.75 11.2
      vertex 0 75.75 11.2
    endloop
  endfacet
  facet normal 0 -0.0489209 -0.998803
    outer loop
      vertex 0 78 13.45
      vertex 5 78.2205 13.4392
      vertex 5 78 13.45
    endloop
  endfacet
  facet normal -0 -0.0489209 -0.998803
    outer loop
      vertex 5 78.2205 13.4392
      vertex 0 78 13.45
      vertex 0 78.2205 13.4392
    endloop
  endfacet
  facet normal 0 0.740923 0.67159
    outer loop
      vertex 5 76.409 9.60901
      vertex 0 76.2607 9.77262
      vertex 5 76.2607 9.77262
    endloop
  endfacet
  facet normal 0 0.740923 0.67159
    outer loop
      vertex 0 76.2607 9.77262
      vertex 5 76.409 9.60901
      vertex 0 76.409 9.60901
    endloop
  endfacet
  facet normal 0 0.741023 -0.67148
    outer loop
      vertex 5 71.8159 16.2751
      vertex 6.76032 72.3431 16.8569
      vertex 7.15134 71.8159 16.2751
    endloop
  endfacet
  facet normal 0 0.741023 -0.67148
    outer loop
      vertex 6.76032 72.3431 16.8569
      vertex 5 71.8159 16.2751
      vertex 5 72.3431 16.8569
    endloop
  endfacet
  facet normal 0 -0.146733 0.989176
    outer loop
      vertex 5 79.5607 3.35372
      vertex 15 78.7841 3.23852
      vertex 15 79.5607 3.35372
    endloop
  endfacet
  facet normal 0 -0.146733 0.989176
    outer loop
      vertex 15 78.7841 3.23852
      vertex 5 79.5607 3.35372
      vertex 5 78.7841 3.23852
    endloop
  endfacet
  facet normal 0 -0.0490672 0.998795
    outer loop
      vertex 5 78.7841 3.23852
      vertex 15 78 3.2
      vertex 15 78.7841 3.23852
    endloop
  endfacet
  facet normal 0 -0.0490672 0.998795
    outer loop
      vertex 15 78 3.2
      vertex 5 78.7841 3.23852
      vertex 5 78 3.2
    endloop
  endfacet
  facet normal 0 0.85774 -0.514084
    outer loop
      vertex 5 70.9446 14.9712
      vertex 7.54889 71.3482 15.6446
      vertex 7.91469 70.9446 14.9712
    endloop
  endfacet
  facet normal 0 0.85774 -0.514084
    outer loop
      vertex 7.54889 71.3482 15.6446
      vertex 5 70.9446 14.9712
      vertex 5 71.3482 15.6446
    endloop
  endfacet
  facet normal 0 -0.740965 0.671543
    outer loop
      vertex 5 83.6569 5.54315
      vertex 7.87515 84.1841 6.12485
      vertex 5 84.1841 6.12485
    endloop
  endfacet
  facet normal 0 -0.740965 0.671543
    outer loop
      vertex 7.87515 84.1841 6.12485
      vertex 5 83.6569 5.54315
      vertex 8.45685 83.6569 5.54315
    endloop
  endfacet
  facet normal 0 0.989176 -0.146733
    outer loop
      vertex 5 70.0385 11.9841
      vertex 8.81271 70.1537 12.7607
      vertex 8.96803 70.0385 11.9841
    endloop
  endfacet
  facet normal 0 0.989176 -0.146733
    outer loop
      vertex 8.81271 70.1537 12.7607
      vertex 5 70.0385 11.9841
      vertex 5 70.1537 12.7607
    endloop
  endfacet
  facet normal 0 -0.671501 0.741004
    outer loop
      vertex 5 83.0751 5.01592
      vertex 8.45685 83.6569 5.54315
      vertex 5 83.6569 5.54315
    endloop
  endfacet
  facet normal 0 -0.671501 0.741004
    outer loop
      vertex 8.45685 83.6569 5.54315
      vertex 5 83.0751 5.01592
      vertex 8.98408 83.0751 5.01592
    endloop
  endfacet
  facet normal 0 -0.90402 0.427489
    outer loop
      vertex 5 85.0554 7.42883
      vertex 5.86147 85.391 8.13853
      vertex 5 85.391 8.13853
    endloop
  endfacet
  facet normal 0 -0.90402 0.427489
    outer loop
      vertex 5.86147 85.391 8.13853
      vertex 5 85.0554 7.42883
      vertex 6.57117 85.0554 7.42883
    endloop
  endfacet
  facet normal 0 0.998797 0.0490418
    outer loop
      vertex 8.96803 70.0385 10.4159
      vertex 5 70 11.2
      vertex 9.01998 70 11.2
    endloop
  endfacet
  facet normal 0 0.998797 0.0490418
    outer loop
      vertex 5 70 11.2
      vertex 8.96803 70.0385 10.4159
      vertex 5 70.0385 10.4159
    endloop
  endfacet
  facet normal -0 0.146733 0.989176
    outer loop
      vertex 5 77.2159 3.23852
      vertex 15 76.4393 3.35372
      vertex 15 77.2159 3.23852
    endloop
  endfacet
  facet normal 0 0.146733 0.989176
    outer loop
      vertex 15 76.4393 3.35372
      vertex 5 77.2159 3.23852
      vertex 5 76.4393 3.35372
    endloop
  endfacet
  facet normal 0 -0.427562 0.903986
    outer loop
      vertex 5 81.7712 4.14463
      vertex 15 81.0615 3.80896
      vertex 15 81.7712 4.14463
    endloop
  endfacet
  facet normal 0 -0.427562 0.903986
    outer loop
      vertex 15 81.0615 3.80896
      vertex 5 81.7712 4.14463
      vertex 5 81.0615 3.80896
    endloop
  endfacet
  facet normal 0 -0.970086 0.24276
    outer loop
      vertex 5.12228 85.6555 8.87772
      vertex 5 85.6861 9
      vertex 5 85.6555 8.87772
    endloop
  endfacet
  facet normal 0 -0.941539 0.336905
    outer loop
      vertex 5 85.391 8.13853
      vertex 5.12228 85.6555 8.87772
      vertex 5 85.6555 8.87772
    endloop
  endfacet
  facet normal 0 -0.941539 0.336905
    outer loop
      vertex 5.12228 85.6555 8.87772
      vertex 5 85.391 8.13853
      vertex 5.86147 85.391 8.13853
    endloop
  endfacet
  facet normal 0 -0.336879 0.941548
    outer loop
      vertex 5 81.0615 3.80896
      vertex 15 80.3223 3.54448
      vertex 15 81.0615 3.80896
    endloop
  endfacet
  facet normal 0 -0.336879 0.941548
    outer loop
      vertex 15 80.3223 3.54448
      vertex 5 81.0615 3.80896
      vertex 5 80.3223 3.54448
    endloop
  endfacet
  facet normal 0 -0.803194 0.595718
    outer loop
      vertex 5 84.1841 6.12485
      vertex 7.24456 84.6518 6.75544
      vertex 5 84.6518 6.75544
    endloop
  endfacet
  facet normal 0 -0.803194 0.595718
    outer loop
      vertex 7.24456 84.6518 6.75544
      vertex 5 84.1841 6.12485
      vertex 7.87515 84.1841 6.12485
    endloop
  endfacet
  facet normal 0 0.514006 -0.857787
    outer loop
      vertex 5 73.5554 17.8518
      vertex 5.7612 74.1732 18.222
      vertex 6.05336 73.5554 17.8518
    endloop
  endfacet
  facet normal -8.60096e-05 0.514084 -0.85774
    outer loop
      vertex 5 74.2288 18.2554
      vertex 5.7612 74.1732 18.222
      vertex 5 73.5554 17.8518
    endloop
  endfacet
  facet normal 0 0.514949 -0.857221
    outer loop
      vertex 5.7612 74.1732 18.222
      vertex 5 74.2288 18.2554
      vertex 5.74129 74.2288 18.2554
    endloop
  endfacet
  facet normal 0 -0.857737 0.514089
    outer loop
      vertex 5 84.6518 6.75544
      vertex 6.57117 85.0554 7.42883
      vertex 5 85.0554 7.42883
    endloop
  endfacet
  facet normal 0 -0.857737 0.514089
    outer loop
      vertex 6.57117 85.0554 7.42883
      vertex 5 84.6518 6.75544
      vertex 7.24456 84.6518 6.75544
    endloop
  endfacet
  facet normal -0 0.336879 0.941548
    outer loop
      vertex 5 75.6777 3.54448
      vertex 15 74.9385 3.80896
      vertex 15 75.6777 3.54448
    endloop
  endfacet
  facet normal 0 0.336879 0.941548
    outer loop
      vertex 15 74.9385 3.80896
      vertex 5 75.6777 3.54448
      vertex 5 74.9385 3.80896
    endloop
  endfacet
  facet normal 0 0.242904 -0.97005
    outer loop
      vertex 5 75.6777 18.8555
      vertex 5.19215 76.0491 18.9485
      vertex 5.28518 75.6777 18.8555
    endloop
  endfacet
  facet normal -0.00022749 0.243015 -0.970022
    outer loop
      vertex 5 76.4393 19.0463
      vertex 5.19215 76.0491 18.9485
      vertex 5 75.6777 18.8555
    endloop
  endfacet
  facet normal 0 0.24312 -0.969996
    outer loop
      vertex 5.19215 76.0491 18.9485
      vertex 5 76.4393 19.0463
      vertex 5.13427 76.4393 19.0463
    endloop
  endfacet
  facet normal 0 -0.514093 0.857734
    outer loop
      vertex 5 82.4446 4.54824
      vertex 15 81.7712 4.14463
      vertex 15 82.4446 4.54824
    endloop
  endfacet
  facet normal 0 -0.514093 0.857734
    outer loop
      vertex 15 81.7712 4.14463
      vertex 5 82.4446 4.54824
      vertex 5 81.7712 4.14463
    endloop
  endfacet
  facet normal 0 0.336975 -0.941514
    outer loop
      vertex 5 74.9385 18.591
      vertex 5.4306 75.0972 18.6478
      vertex 5.48736 74.9385 18.591
    endloop
  endfacet
  facet normal 3.07931e-05 0.336901 -0.94154
    outer loop
      vertex 5 75.6777 18.8555
      vertex 5.4306 75.0972 18.6478
      vertex 5 74.9385 18.591
    endloop
  endfacet
  facet normal 0 0.336881 -0.941547
    outer loop
      vertex 5.4306 75.0972 18.6478
      vertex 5 75.6777 18.8555
      vertex 5.28518 75.6777 18.8555
    endloop
  endfacet
  facet normal -0 0.242967 0.970035
    outer loop
      vertex 5 76.4393 3.35372
      vertex 15 75.6777 3.54448
      vertex 15 76.4393 3.35372
    endloop
  endfacet
  facet normal 0 0.242967 0.970035
    outer loop
      vertex 15 75.6777 3.54448
      vertex 5 76.4393 3.35372
      vertex 5 75.6777 3.54448
    endloop
  endfacet
  facet normal 0 0.0490418 -0.998797
    outer loop
      vertex 5 78 19.2
      vertex 5.03853 77.2159 19.1615
      vertex 5 77.2159 19.1615
    endloop
  endfacet
  facet normal -1.07312e-05 0.903993 0.427547
    outer loop
      vertex 5 70.9446 7.42883
      vertex 9.64502 70.609 8.13853
      vertex 10.243 70.8807 7.56407
    endloop
  endfacet
  facet normal -0 0.904154 0.427207
    outer loop
      vertex 5 70.9446 7.42883
      vertex 10.243 70.8807 7.56407
      vertex 10.3994 70.9446 7.42883
    endloop
  endfacet
  facet normal 0 0.90402 0.427489
    outer loop
      vertex 9.64502 70.609 8.13853
      vertex 5 70.9446 7.42883
      vertex 5 70.609 8.13853
    endloop
  endfacet
  facet normal 0 0.94154 -0.336901
    outer loop
      vertex 5 70.3445 13.5223
      vertex 8.28196 70.609 14.2615
      vertex 8.57378 70.3445 13.5223
    endloop
  endfacet
  facet normal 0 0.94154 -0.336901
    outer loop
      vertex 8.28196 70.609 14.2615
      vertex 5 70.3445 13.5223
      vertex 5 70.609 14.2615
    endloop
  endfacet
  facet normal -0 0.857737 0.514089
    outer loop
      vertex 5 71.3482 6.75544
      vertex 10.3994 70.9446 7.42883
      vertex 11.0358 71.3482 6.75544
    endloop
  endfacet
  facet normal 0 0.857737 0.514089
    outer loop
      vertex 10.3994 70.9446 7.42883
      vertex 5 71.3482 6.75544
      vertex 5 70.9446 7.42883
    endloop
  endfacet
  facet normal 0 0.989177 0.14673
    outer loop
      vertex 8.81271 70.1537 9.63928
      vertex 5 70.0385 10.4159
      vertex 8.96803 70.0385 10.4159
    endloop
  endfacet
  facet normal 0 0.989177 0.14673
    outer loop
      vertex 5 70.0385 10.4159
      vertex 8.81271 70.1537 9.63928
      vertex 5 70.1537 9.63928
    endloop
  endfacet
  facet normal -0 0.671501 0.741004
    outer loop
      vertex 5 72.9249 5.01592
      vertex 11.734 72.3431 5.54315
      vertex 11.789 72.9249 5.01592
    endloop
  endfacet
  facet normal 0 0.671501 0.741004
    outer loop
      vertex 11.734 72.3431 5.54315
      vertex 5 72.9249 5.01592
      vertex 5 72.3431 5.54315
    endloop
  endfacet
  facet normal 0 0.595717 0.803195
    outer loop
      vertex 15 73.5554 4.54824
      vertex 11.7841 72.9463 5
      vertex 15 72.9463 5
    endloop
  endfacet
  facet normal 0 0.595717 0.803195
    outer loop
      vertex 11.7841 72.9463 5
      vertex 15 73.5554 4.54824
      vertex 5 73.5554 4.54824
    endloop
  endfacet
  facet normal 5.4844e-06 0.595756 0.803165
    outer loop
      vertex 5 72.9249 5.01592
      vertex 11.7841 72.9463 5
      vertex 5 73.5554 4.54824
    endloop
  endfacet
  facet normal 0 0.596876 0.802333
    outer loop
      vertex 11.7841 72.9463 5
      vertex 5 72.9249 5.01592
      vertex 11.789 72.9249 5.01592
    endloop
  endfacet
  facet normal -4.2005e-06 0.970027 -0.242997
    outer loop
      vertex 5 70.1537 12.7607
      vertex 8.57378 70.3445 13.5223
      vertex 8.65607 70.2699 13.2245
    endloop
  endfacet
  facet normal 0 0.970019 -0.243028
    outer loop
      vertex 5 70.1537 12.7607
      vertex 8.65607 70.2699 13.2245
      vertex 8.81271 70.1537 12.7607
    endloop
  endfacet
  facet normal 0 0.970023 -0.243015
    outer loop
      vertex 8.57378 70.3445 13.5223
      vertex 5 70.1537 12.7607
      vertex 5 70.3445 13.5223
    endloop
  endfacet
  facet normal 0 -0.242967 0.970035
    outer loop
      vertex 5 80.3223 3.54448
      vertex 15 79.5607 3.35372
      vertex 15 80.3223 3.54448
    endloop
  endfacet
  facet normal 0 -0.242967 0.970035
    outer loop
      vertex 15 79.5607 3.35372
      vertex 5 80.3223 3.54448
      vertex 5 79.5607 3.35372
    endloop
  endfacet
  facet normal 0 -0.595717 0.803195
    outer loop
      vertex 9 83.0537 5
      vertex 15 82.4446 4.54824
      vertex 15 83.0537 5
    endloop
  endfacet
  facet normal 0 -0.595756 0.803165
    outer loop
      vertex 5 82.4446 4.54824
      vertex 8.98408 83.0751 5.01592
      vertex 5 83.0751 5.01592
    endloop
  endfacet
  facet normal 0.000245938 -0.596758 0.802421
    outer loop
      vertex 8.98408 83.0751 5.01592
      vertex 5 82.4446 4.54824
      vertex 9 83.0537 5
    endloop
  endfacet
  facet normal 0 -0.595717 0.803195
    outer loop
      vertex 9 83.0537 5
      vertex 5 82.4446 4.54824
      vertex 15 82.4446 4.54824
    endloop
  endfacet
  facet normal 0 0.595685 -0.803218
    outer loop
      vertex 5 72.9249 17.3841
      vertex 6.18079 73.286 17.6519
      vertex 6.39726 72.9249 17.3841
    endloop
  endfacet
  facet normal -8.50681e-05 0.595864 -0.803085
    outer loop
      vertex 5 72.9249 17.3841
      vertex 6.05336 73.5554 17.8518
      vertex 6.18079 73.286 17.6519
    endloop
  endfacet
  facet normal 0 0.595773 -0.803153
    outer loop
      vertex 6.05336 73.5554 17.8518
      vertex 5 72.9249 17.3841
      vertex 5 73.5554 17.8518
    endloop
  endfacet
  facet normal 0 0.427489 -0.90402
    outer loop
      vertex 5 74.2288 18.2554
      vertex 5.48736 74.9385 18.591
      vertex 5.74129 74.2288 18.2554
    endloop
  endfacet
  facet normal 0 0.427489 -0.90402
    outer loop
      vertex 5.48736 74.9385 18.591
      vertex 5 74.2288 18.2554
      vertex 5 74.9385 18.591
    endloop
  endfacet
  facet normal 3.12993e-06 0.904015 -0.4275
    outer loop
      vertex 5 70.609 14.2615
      vertex 7.91469 70.9446 14.9712
      vertex 7.92892 70.9289 14.938
    endloop
  endfacet
  facet normal 0 0.904021 -0.427489
    outer loop
      vertex 5 70.609 14.2615
      vertex 7.92892 70.9289 14.938
      vertex 8.28196 70.609 14.2615
    endloop
  endfacet
  facet normal 0 0.90402 -0.427489
    outer loop
      vertex 7.91469 70.9446 14.9712
      vertex 5 70.609 14.2615
      vertex 5 70.9446 14.9712
    endloop
  endfacet
  facet normal -7.67588e-05 0.802842 0.596192
    outer loop
      vertex 5 71.8159 6.12485
      vertex 11.0358 71.3482 6.75544
      vertex 11.0875 71.4024 6.68246
    endloop
  endfacet
  facet normal -0 0.803243 0.595651
    outer loop
      vertex 5 71.8159 6.12485
      vertex 11.0875 71.4024 6.68246
      vertex 11.4821 71.8159 6.12485
    endloop
  endfacet
  facet normal 0 0.803194 0.595718
    outer loop
      vertex 11.0358 71.3482 6.75544
      vertex 5 71.8159 6.12485
      vertex 5 71.3482 6.75544
    endloop
  endfacet
  facet normal -0 0.0490672 0.998795
    outer loop
      vertex 5 78 3.2
      vertex 15 77.2159 3.23852
      vertex 15 78 3.2
    endloop
  endfacet
  facet normal 0 0.0490672 0.998795
    outer loop
      vertex 15 77.2159 3.23852
      vertex 5 78 3.2
      vertex 5 77.2159 3.23852
    endloop
  endfacet
  facet normal 0 0.146715 -0.989179
    outer loop
      vertex 5 76.4393 19.0463
      vertex 5.04816 77.0198 19.1324
      vertex 5.13427 76.4393 19.0463
    endloop
  endfacet
  facet normal -0.000220575 0.146733 -0.989176
    outer loop
      vertex 5 77.2159 19.1615
      vertex 5.04816 77.0198 19.1324
      vertex 5 76.4393 19.0463
    endloop
  endfacet
  facet normal 0 0.146786 -0.989168
    outer loop
      vertex 5.04816 77.0198 19.1324
      vertex 5 77.2159 19.1615
      vertex 5.03853 77.2159 19.1615
    endloop
  endfacet
  facet normal -0 0.941539 0.336905
    outer loop
      vertex 5 70.609 8.13853
      vertex 8.76077 70.3445 8.87772
      vertex 9.64502 70.609 8.13853
    endloop
  endfacet
  facet normal 0 0.941539 0.336905
    outer loop
      vertex 8.76077 70.3445 8.87772
      vertex 5 70.609 8.13853
      vertex 5 70.3445 8.87772
    endloop
  endfacet
  facet normal 0 0.970022 0.243018
    outer loop
      vertex 8.65607 70.2699 9.17546
      vertex 5 70.1537 9.63928
      vertex 8.81271 70.1537 9.63928
    endloop
  endfacet
  facet normal 2.8673e-05 0.969969 0.243231
    outer loop
      vertex 8.60757 70.3139 9
      vertex 5 70.1537 9.63928
      vertex 8.65607 70.2699 9.17546
    endloop
  endfacet
  facet normal 4.92782e-06 0.970121 0.242623
    outer loop
      vertex 5 70.3445 8.87772
      vertex 8.60757 70.3139 9
      vertex 8.7094 70.3349 8.91603
    endloop
  endfacet
  facet normal 1.75182e-05 0.970407 0.241475
    outer loop
      vertex 5 70.3445 8.87772
      vertex 8.7094 70.3349 8.91603
      vertex 8.73203 70.3391 8.89915
    endloop
  endfacet
  facet normal -0 0.969688 0.244345
    outer loop
      vertex 5 70.3445 8.87772
      vertex 8.73203 70.3391 8.89915
      vertex 8.76077 70.3445 8.87772
    endloop
  endfacet
  facet normal -9.63459e-06 0.970019 0.243027
    outer loop
      vertex 8.60757 70.3139 9
      vertex 5 70.3445 8.87772
      vertex 5 70.1537 9.63928
    endloop
  endfacet
  facet normal 0 0.671067 -0.741397
    outer loop
      vertex 5 72.3431 16.8569
      vertex 6.6853 72.4443 16.9485
      vertex 6.76032 72.3431 16.8569
    endloop
  endfacet
  facet normal -5.27702e-05 0.67155 -0.74096
    outer loop
      vertex 5 72.3431 16.8569
      vertex 6.39726 72.9249 17.3841
      vertex 6.6853 72.4443 16.9485
    endloop
  endfacet
  facet normal 0 0.67148 -0.741023
    outer loop
      vertex 6.39726 72.9249 17.3841
      vertex 5 72.3431 16.8569
      vertex 5 72.9249 17.3841
    endloop
  endfacet
  facet normal -5.28912e-05 0.803239 -0.595656
    outer loop
      vertex 5 71.3482 15.6446
      vertex 7.15134 71.8159 16.2751
      vertex 7.2699 71.6561 16.0596
    endloop
  endfacet
  facet normal 0 0.803101 -0.595843
    outer loop
      vertex 5 71.3482 15.6446
      vertex 7.2699 71.6561 16.0596
      vertex 7.54889 71.3482 15.6446
    endloop
  endfacet
  facet normal 0 0.803153 -0.595773
    outer loop
      vertex 7.15134 71.8159 16.2751
      vertex 5 71.3482 15.6446
      vertex 5 71.8159 16.2751
    endloop
  endfacet
  facet normal -0 0.427562 0.903986
    outer loop
      vertex 5 74.9385 3.80896
      vertex 15 74.2288 4.14463
      vertex 15 74.9385 3.80896
    endloop
  endfacet
  facet normal 0 0.427562 0.903986
    outer loop
      vertex 15 74.2288 4.14463
      vertex 5 74.9385 3.80896
      vertex 5 74.2288 4.14463
    endloop
  endfacet
  facet normal -0 0.514093 0.857734
    outer loop
      vertex 5 74.2288 4.14463
      vertex 15 73.5554 4.54824
      vertex 15 74.2288 4.14463
    endloop
  endfacet
  facet normal 0 0.514093 0.857734
    outer loop
      vertex 15 73.5554 4.54824
      vertex 5 74.2288 4.14463
      vertex 5 73.5554 4.54824
    endloop
  endfacet
  facet normal 0 0.998797 -0.0490418
    outer loop
      vertex 5 70 11.2
      vertex 8.96803 70.0385 11.9841
      vertex 9.01998 70 11.2
    endloop
  endfacet
  facet normal 0 0.998797 -0.0490418
    outer loop
      vertex 8.96803 70.0385 11.9841
      vertex 5 70 11.2
      vertex 5 70.0385 11.9841
    endloop
  endfacet
  facet normal -1 0 0
    outer loop
      vertex 15 81.7712 4.14463
      vertex 15 83.0537 5
      vertex 15 82.4446 4.54824
    endloop
  endfacet
  facet normal -1 0 0
    outer loop
      vertex 15 81.0615 3.80896
      vertex 15 83.0537 5
      vertex 15 81.7712 4.14463
    endloop
  endfacet
  facet normal -1 0 0
    outer loop
      vertex 15 80.3223 3.54448
      vertex 15 83.0537 5
      vertex 15 81.0615 3.80896
    endloop
  endfacet
  facet normal -1 0 0
    outer loop
      vertex 15 79.5607 3.35372
      vertex 15 83.0537 5
      vertex 15 80.3223 3.54448
    endloop
  endfacet
  facet normal -1 0 0
    outer loop
      vertex 15 78.7841 3.23852
      vertex 15 83.0537 5
      vertex 15 79.5607 3.35372
    endloop
  endfacet
  facet normal -1 0 0
    outer loop
      vertex 15 78 3.2
      vertex 15 83.0537 5
      vertex 15 78.7841 3.23852
    endloop
  endfacet
  facet normal -1 0 0
    outer loop
      vertex 15 77.2159 3.23852
      vertex 15 83.0537 5
      vertex 15 78 3.2
    endloop
  endfacet
  facet normal -1 0 0
    outer loop
      vertex 15 76.4393 3.35372
      vertex 15 83.0537 5
      vertex 15 77.2159 3.23852
    endloop
  endfacet
  facet normal -1 0 0
    outer loop
      vertex 15 75.6777 3.54448
      vertex 15 83.0537 5
      vertex 15 76.4393 3.35372
    endloop
  endfacet
  facet normal -1 0 0
    outer loop
      vertex 15 74.9385 3.80896
      vertex 15 83.0537 5
      vertex 15 75.6777 3.54448
    endloop
  endfacet
  facet normal -1 0 0
    outer loop
      vertex 15 74.2288 4.14463
      vertex 15 83.0537 5
      vertex 15 74.9385 3.80896
    endloop
  endfacet
  facet normal -1 0 0
    outer loop
      vertex 15 73.5554 4.54824
      vertex 15 83.0537 5
      vertex 15 74.2288 4.14463
    endloop
  endfacet
  facet normal -1 -0 0
    outer loop
      vertex 15 83.0537 5
      vertex 15 73.5554 4.54824
      vertex 15 72.9463 5
    endloop
  endfacet
  facet normal -0 0.740965 0.671543
    outer loop
      vertex 5 72.3431 5.54315
      vertex 11.4821 71.8159 6.12485
      vertex 11.734 72.3431 5.54315
    endloop
  endfacet
  facet normal 0 0.740965 0.671543
    outer loop
      vertex 11.4821 71.8159 6.12485
      vertex 5 72.3431 5.54315
      vertex 5 71.8159 6.12485
    endloop
  endfacet
  facet normal 0 -0.147009 0.989135
    outer loop
      vertex 0 195.439 8.99323
      vertex 5 195.221 8.96083
      vertex 5 195.439 8.99323
    endloop
  endfacet
  facet normal 0 -0.147009 0.989135
    outer loop
      vertex 5 195.221 8.96083
      vertex 0 195.439 8.99323
      vertex 0 195.221 8.96083
    endloop
  endfacet
  facet normal 0 -0.0489458 0.998801
    outer loop
      vertex 0 195.221 8.96083
      vertex 5 195 8.95
      vertex 5 195.221 8.96083
    endloop
  endfacet
  facet normal 0 -0.0489458 0.998801
    outer loop
      vertex 5 195 8.95
      vertex 0 195.221 8.96083
      vertex 0 195 8.95
    endloop
  endfacet
  facet normal 0 -0.243175 0.969982
    outer loop
      vertex 0 195.653 9.04688
      vertex 5 195.439 8.99323
      vertex 5 195.653 9.04688
    endloop
  endfacet
  facet normal 0 -0.243175 0.969982
    outer loop
      vertex 5 195.439 8.99323
      vertex 0 195.653 9.04688
      vertex 0 195.439 8.99323
    endloop
  endfacet
  facet normal 0 0.9421 0.335331
    outer loop
      vertex 5 192.921 10.339
      vertex 0 192.847 10.5469
      vertex 5 192.847 10.5469
    endloop
  endfacet
  facet normal 0 0.9421 0.335331
    outer loop
      vertex 0 192.847 10.5469
      vertex 5 192.921 10.339
      vertex 0 192.921 10.339
    endloop
  endfacet
  facet normal 0 -0.741599 0.670843
    outer loop
      vertex 0 196.591 9.60901
      vertex 5 196.739 9.77262
      vertex 0 196.739 9.77262
    endloop
  endfacet
  facet normal 0 -0.741599 0.670843
    outer loop
      vertex 5 196.739 9.77262
      vertex 0 196.591 9.60901
      vertex 5 196.591 9.60901
    endloop
  endfacet
  facet normal 0 -0.514829 -0.857293
    outer loop
      vertex 0 196.061 13.1843
      vertex 5 196.25 13.0708
      vertex 5 196.061 13.1843
    endloop
  endfacet
  facet normal -0 -0.514829 -0.857293
    outer loop
      vertex 5 196.25 13.0708
      vertex 0 196.061 13.1843
      vertex 0 196.25 13.0708
    endloop
  endfacet
  facet normal 0 0.989445 -0.144907
    outer loop
      vertex 5 192.761 11.4205
      vertex 0 192.793 11.639
      vertex 5 192.793 11.639
    endloop
  endfacet
  facet normal 0 0.989445 -0.144907
    outer loop
      vertex 0 192.793 11.639
      vertex 5 192.761 11.4205
      vertex 0 192.761 11.4205
    endloop
  endfacet
  facet normal 0 -0.336755 0.941592
    outer loop
      vertex 0 195.861 9.12127
      vertex 5 195.653 9.04688
      vertex 5 195.861 9.12127
    endloop
  endfacet
  facet normal 0 -0.336755 0.941592
    outer loop
      vertex 5 195.653 9.04688
      vertex 0 195.861 9.12127
      vertex 0 195.653 9.04688
    endloop
  endfacet
  facet normal 0 -0.998758 -0.0498247
    outer loop
      vertex 0 197.25 11.2
      vertex 5 197.239 11.4205
      vertex 0 197.239 11.4205
    endloop
  endfacet
  facet normal 0 -0.998758 -0.0498247
    outer loop
      vertex 5 197.239 11.4205
      vertex 0 197.25 11.2
      vertex 5 197.25 11.2
    endloop
  endfacet
  facet normal 0 0.998758 0.0498247
    outer loop
      vertex 5 192.761 10.9795
      vertex 0 192.75 11.2
      vertex 5 192.75 11.2
    endloop
  endfacet
  facet normal 0 0.998758 0.0498247
    outer loop
      vertex 0 192.75 11.2
      vertex 5 192.761 10.9795
      vertex 0 192.761 10.9795
    endloop
  endfacet
  facet normal 0 0.426842 -0.904326
    outer loop
      vertex 0 193.939 13.1843
      vertex 5 194.139 13.2787
      vertex 5 193.939 13.1843
    endloop
  endfacet
  facet normal 0 0.426842 -0.904326
    outer loop
      vertex 5 194.139 13.2787
      vertex 0 193.939 13.1843
      vertex 0 194.139 13.2787
    endloop
  endfacet
  facet normal 0 0.802274 -0.596957
    outer loop
      vertex 5 193.129 12.45
      vertex 0 193.261 12.6274
      vertex 5 193.261 12.6274
    endloop
  endfacet
  facet normal 0 0.802274 -0.596957
    outer loop
      vertex 0 193.261 12.6274
      vertex 5 193.129 12.45
      vertex 0 193.129 12.45
    endloop
  endfacet
  facet normal 0 -0.596366 -0.802713
    outer loop
      vertex 0 196.25 13.0708
      vertex 5 196.427 12.9393
      vertex 5 196.25 13.0708
    endloop
  endfacet
  facet normal -0 -0.596366 -0.802713
    outer loop
      vertex 5 196.427 12.9393
      vertex 0 196.25 13.0708
      vertex 0 196.427 12.9393
    endloop
  endfacet
  facet normal -0 0.243175 0.969982
    outer loop
      vertex 0 194.561 8.99323
      vertex 5 194.347 9.04688
      vertex 5 194.561 8.99323
    endloop
  endfacet
  facet normal 0 0.243175 0.969982
    outer loop
      vertex 5 194.347 9.04688
      vertex 0 194.561 8.99323
      vertex 0 194.347 9.04688
    endloop
  endfacet
  facet normal 0 -0.514863 0.857273
    outer loop
      vertex 0 196.25 9.32919
      vertex 5 196.061 9.21568
      vertex 5 196.25 9.32919
    endloop
  endfacet
  facet normal 0 -0.514863 0.857273
    outer loop
      vertex 5 196.061 9.21568
      vertex 0 196.25 9.32919
      vertex 0 196.061 9.21568
    endloop
  endfacet
  facet normal 0 0.0488105 -0.998808
    outer loop
      vertex 0 194.779 13.4392
      vertex 5 195 13.45
      vertex 5 194.779 13.4392
    endloop
  endfacet
  facet normal 0 0.0488105 -0.998808
    outer loop
      vertex 5 195 13.45
      vertex 0 194.779 13.4392
      vertex 0 195 13.45
    endloop
  endfacet
  facet normal 0 -0.426879 0.904309
    outer loop
      vertex 0 196.061 9.21568
      vertex 5 195.861 9.12127
      vertex 5 196.061 9.21568
    endloop
  endfacet
  facet normal 0 -0.426879 0.904309
    outer loop
      vertex 5 195.861 9.12127
      vertex 0 196.061 9.21568
      vertex 0 195.861 9.12127
    endloop
  endfacet
  facet normal -0 0.336755 0.941592
    outer loop
      vertex 0 194.347 9.04688
      vertex 5 194.139 9.12127
      vertex 5 194.347 9.04688
    endloop
  endfacet
  facet normal 0 0.336755 0.941592
    outer loop
      vertex 5 194.139 9.12127
      vertex 0 194.347 9.04688
      vertex 0 194.139 9.12127
    endloop
  endfacet
  facet normal 0 0.902944 -0.429758
    outer loop
      vertex 5 192.921 12.061
      vertex 0 193.016 12.2606
      vertex 5 193.016 12.2606
    endloop
  endfacet
  facet normal 0 0.902944 -0.429758
    outer loop
      vertex 0 193.016 12.2606
      vertex 5 192.921 12.061
      vertex 0 192.921 12.061
    endloop
  endfacet
  facet normal 0 0.243389 -0.969929
    outer loop
      vertex 0 194.347 13.3531
      vertex 5 194.561 13.4068
      vertex 5 194.347 13.3531
    endloop
  endfacet
  facet normal 0 0.243389 -0.969929
    outer loop
      vertex 5 194.561 13.4068
      vertex 0 194.347 13.3531
      vertex 0 194.561 13.4068
    endloop
  endfacet
  facet normal 0 -0.670712 -0.741718
    outer loop
      vertex 0 196.427 12.9393
      vertex 5 196.591 12.791
      vertex 5 196.427 12.9393
    endloop
  endfacet
  facet normal -0 -0.670712 -0.741718
    outer loop
      vertex 5 196.591 12.791
      vertex 0 196.427 12.9393
      vertex 0 196.591 12.791
    endloop
  endfacet
  facet normal 0 0.969634 -0.24456
    outer loop
      vertex 5 192.793 11.639
      vertex 0 192.847 11.8531
      vertex 5 192.847 11.8531
    endloop
  endfacet
  facet normal 0 0.969634 -0.24456
    outer loop
      vertex 0 192.847 11.8531
      vertex 5 192.793 11.639
      vertex 0 192.793 11.639
    endloop
  endfacet
  facet normal 0 -0.858771 -0.51236
    outer loop
      vertex 0 196.984 12.2606
      vertex 5 196.871 12.45
      vertex 0 196.871 12.45
    endloop
  endfacet
  facet normal 0 -0.858771 -0.51236
    outer loop
      vertex 5 196.871 12.45
      vertex 0 196.984 12.2606
      vertex 5 196.984 12.2606
    endloop
  endfacet
  facet normal 0 -0.596483 0.802626
    outer loop
      vertex 0 196.427 9.46073
      vertex 5 196.25 9.32919
      vertex 5 196.427 9.46073
    endloop
  endfacet
  facet normal 0 -0.596483 0.802626
    outer loop
      vertex 5 196.25 9.32919
      vertex 0 196.427 9.46073
      vertex 0 196.25 9.32919
    endloop
  endfacet
  facet normal 0 -0.989445 -0.144907
    outer loop
      vertex 0 197.239 11.4205
      vertex 5 197.207 11.639
      vertex 0 197.207 11.639
    endloop
  endfacet
  facet normal 0 -0.989445 -0.144907
    outer loop
      vertex 5 197.207 11.639
      vertex 0 197.239 11.4205
      vertex 5 197.239 11.4205
    endloop
  endfacet
  facet normal 0 0.902944 0.429758
    outer loop
      vertex 5 193.016 10.1394
      vertex 0 192.921 10.339
      vertex 5 192.921 10.339
    endloop
  endfacet
  facet normal 0 0.902944 0.429758
    outer loop
      vertex 0 192.921 10.339
      vertex 5 193.016 10.1394
      vertex 0 193.016 10.1394
    endloop
  endfacet
  facet normal 0 -0.741579 -0.670866
    outer loop
      vertex 0 196.739 12.6274
      vertex 5 196.591 12.791
      vertex 0 196.591 12.791
    endloop
  endfacet
  facet normal 0 -0.741579 -0.670866
    outer loop
      vertex 5 196.591 12.791
      vertex 0 196.739 12.6274
      vertex 5 196.739 12.6274
    endloop
  endfacet
  facet normal -0 0.514863 0.857273
    outer loop
      vertex 0 193.939 9.21568
      vertex 5 193.75 9.32919
      vertex 5 193.939 9.21568
    endloop
  endfacet
  facet normal 0 0.514863 0.857273
    outer loop
      vertex 5 193.75 9.32919
      vertex 0 193.939 9.21568
      vertex 0 193.75 9.32919
    endloop
  endfacet
  facet normal 0 -0.802274 -0.596957
    outer loop
      vertex 0 196.871 12.45
      vertex 5 196.739 12.6274
      vertex 0 196.739 12.6274
    endloop
  endfacet
  facet normal 0 -0.802274 -0.596957
    outer loop
      vertex 5 196.739 12.6274
      vertex 0 196.871 12.45
      vertex 5 196.871 12.45
    endloop
  endfacet
  facet normal 0 -0.9421 0.335331
    outer loop
      vertex 0 197.079 10.339
      vertex 5 197.153 10.5469
      vertex 0 197.153 10.5469
    endloop
  endfacet
  facet normal 0 -0.9421 0.335331
    outer loop
      vertex 5 197.153 10.5469
      vertex 0 197.079 10.339
      vertex 5 197.079 10.339
    endloop
  endfacet
  facet normal 0 -0.670662 0.741763
    outer loop
      vertex 0 196.591 9.60901
      vertex 5 196.427 9.46073
      vertex 5 196.591 9.60901
    endloop
  endfacet
  facet normal 0 -0.670662 0.741763
    outer loop
      vertex 5 196.427 9.46073
      vertex 0 196.591 9.60901
      vertex 0 196.427 9.46073
    endloop
  endfacet
  facet normal -0 0.0489458 0.998801
    outer loop
      vertex 0 195 8.95
      vertex 5 194.779 8.96083
      vertex 5 195 8.95
    endloop
  endfacet
  facet normal 0 0.0489458 0.998801
    outer loop
      vertex 5 194.779 8.96083
      vertex 0 195 8.95
      vertex 0 194.779 8.96083
    endloop
  endfacet
  facet normal 0 0.336795 -0.941578
    outer loop
      vertex 0 194.139 13.2787
      vertex 5 194.347 13.3531
      vertex 5 194.139 13.2787
    endloop
  endfacet
  facet normal 0 0.336795 -0.941578
    outer loop
      vertex 5 194.347 13.3531
      vertex 0 194.139 13.2787
      vertex 0 194.347 13.3531
    endloop
  endfacet
  facet normal 0 -0.858806 0.512301
    outer loop
      vertex 0 196.871 9.94997
      vertex 5 196.984 10.1394
      vertex 0 196.984 10.1394
    endloop
  endfacet
  facet normal 0 -0.858806 0.512301
    outer loop
      vertex 5 196.984 10.1394
      vertex 0 196.871 9.94997
      vertex 5 196.871 9.94997
    endloop
  endfacet
  facet normal 0 -0.802193 0.597065
    outer loop
      vertex 0 196.739 9.77262
      vertex 5 196.871 9.94997
      vertex 0 196.871 9.94997
    endloop
  endfacet
  facet normal 0 -0.802193 0.597065
    outer loop
      vertex 5 196.871 9.94997
      vertex 0 196.739 9.77262
      vertex 5 196.739 9.77262
    endloop
  endfacet
  facet normal 0 0.989445 0.144907
    outer loop
      vertex 5 192.793 10.761
      vertex 0 192.761 10.9795
      vertex 5 192.761 10.9795
    endloop
  endfacet
  facet normal 0 0.989445 0.144907
    outer loop
      vertex 0 192.761 10.9795
      vertex 5 192.793 10.761
      vertex 0 192.793 10.761
    endloop
  endfacet
  facet normal -0 0.670662 0.741763
    outer loop
      vertex 0 193.573 9.46073
      vertex 5 193.409 9.60901
      vertex 5 193.573 9.46073
    endloop
  endfacet
  facet normal 0 0.670662 0.741763
    outer loop
      vertex 5 193.409 9.60901
      vertex 0 193.573 9.46073
      vertex 0 193.409 9.60901
    endloop
  endfacet
  facet normal -0 0.596483 0.802626
    outer loop
      vertex 0 193.75 9.32919
      vertex 5 193.573 9.46073
      vertex 5 193.75 9.32919
    endloop
  endfacet
  facet normal 0 0.596483 0.802626
    outer loop
      vertex 5 193.573 9.46073
      vertex 0 193.75 9.32919
      vertex 0 193.573 9.46073
    endloop
  endfacet
  facet normal 0 0.969634 0.24456
    outer loop
      vertex 5 192.847 10.5469
      vertex 0 192.793 10.761
      vertex 5 192.793 10.761
    endloop
  endfacet
  facet normal 0 0.969634 0.24456
    outer loop
      vertex 0 192.793 10.761
      vertex 5 192.847 10.5469
      vertex 0 192.847 10.5469
    endloop
  endfacet
  facet normal -0 0.426879 0.904309
    outer loop
      vertex 0 194.139 9.12127
      vertex 5 193.939 9.21568
      vertex 5 194.139 9.12127
    endloop
  endfacet
  facet normal 0 0.426879 0.904309
    outer loop
      vertex 5 193.939 9.21568
      vertex 0 194.139 9.12127
      vertex 0 193.939 9.21568
    endloop
  endfacet
  facet normal 0 -0.969634 -0.24456
    outer loop
      vertex 0 197.207 11.639
      vertex 5 197.153 11.8531
      vertex 0 197.153 11.8531
    endloop
  endfacet
  facet normal 0 -0.969634 -0.24456
    outer loop
      vertex 5 197.153 11.8531
      vertex 0 197.207 11.639
      vertex 5 197.207 11.639
    endloop
  endfacet
  facet normal 0 -0.336795 -0.941578
    outer loop
      vertex 0 195.653 13.3531
      vertex 5 195.861 13.2787
      vertex 5 195.653 13.3531
    endloop
  endfacet
  facet normal -0 -0.336795 -0.941578
    outer loop
      vertex 5 195.861 13.2787
      vertex 0 195.653 13.3531
      vertex 0 195.861 13.2787
    endloop
  endfacet
  facet normal 0 -0.902944 -0.429758
    outer loop
      vertex 0 197.079 12.061
      vertex 5 196.984 12.2606
      vertex 0 196.984 12.2606
    endloop
  endfacet
  facet normal 0 -0.902944 -0.429758
    outer loop
      vertex 5 196.984 12.2606
      vertex 0 197.079 12.061
      vertex 5 197.079 12.061
    endloop
  endfacet
  facet normal 0 -0.147009 -0.989135
    outer loop
      vertex 0 195.221 13.4392
      vertex 5 195.439 13.4068
      vertex 5 195.221 13.4392
    endloop
  endfacet
  facet normal -0 -0.147009 -0.989135
    outer loop
      vertex 5 195.439 13.4068
      vertex 0 195.221 13.4392
      vertex 0 195.439 13.4068
    endloop
  endfacet
  facet normal 0 -0.243389 -0.969929
    outer loop
      vertex 0 195.439 13.4068
      vertex 5 195.653 13.3531
      vertex 5 195.439 13.4068
    endloop
  endfacet
  facet normal -0 -0.243389 -0.969929
    outer loop
      vertex 5 195.653 13.3531
      vertex 0 195.439 13.4068
      vertex 0 195.653 13.3531
    endloop
  endfacet
  facet normal 0 -0.902944 0.429758
    outer loop
      vertex 0 196.984 10.1394
      vertex 5 197.079 10.339
      vertex 0 197.079 10.339
    endloop
  endfacet
  facet normal 0 -0.902944 0.429758
    outer loop
      vertex 5 197.079 10.339
      vertex 0 196.984 10.1394
      vertex 5 196.984 10.1394
    endloop
  endfacet
  facet normal -0 0.147009 0.989135
    outer loop
      vertex 0 194.779 8.96083
      vertex 5 194.561 8.99323
      vertex 5 194.779 8.96083
    endloop
  endfacet
  facet normal 0 0.147009 0.989135
    outer loop
      vertex 5 194.561 8.99323
      vertex 0 194.779 8.96083
      vertex 0 194.561 8.99323
    endloop
  endfacet
  facet normal 0 -0.989445 0.144907
    outer loop
      vertex 0 197.207 10.761
      vertex 5 197.239 10.9795
      vertex 0 197.239 10.9795
    endloop
  endfacet
  facet normal 0 -0.989445 0.144907
    outer loop
      vertex 5 197.239 10.9795
      vertex 0 197.207 10.761
      vertex 5 197.207 10.761
    endloop
  endfacet
  facet normal 0 -0.998758 0.0498247
    outer loop
      vertex 0 197.239 10.9795
      vertex 5 197.25 11.2
      vertex 0 197.25 11.2
    endloop
  endfacet
  facet normal 0 -0.998758 0.0498247
    outer loop
      vertex 5 197.25 11.2
      vertex 0 197.239 10.9795
      vertex 5 197.239 10.9795
    endloop
  endfacet
  facet normal 0 0.670712 -0.741718
    outer loop
      vertex 0 193.409 12.791
      vertex 5 193.573 12.9393
      vertex 5 193.409 12.791
    endloop
  endfacet
  facet normal 0 0.670712 -0.741718
    outer loop
      vertex 5 193.573 12.9393
      vertex 0 193.409 12.791
      vertex 0 193.573 12.9393
    endloop
  endfacet
  facet normal 0 0.514829 -0.857293
    outer loop
      vertex 0 193.75 13.0708
      vertex 5 193.939 13.1843
      vertex 5 193.75 13.0708
    endloop
  endfacet
  facet normal 0 0.514829 -0.857293
    outer loop
      vertex 5 193.939 13.1843
      vertex 0 193.75 13.0708
      vertex 0 193.939 13.1843
    endloop
  endfacet
  facet normal 0 -0.9421 -0.335331
    outer loop
      vertex 0 197.153 11.8531
      vertex 5 197.079 12.061
      vertex 0 197.079 12.061
    endloop
  endfacet
  facet normal 0 -0.9421 -0.335331
    outer loop
      vertex 5 197.079 12.061
      vertex 0 197.153 11.8531
      vertex 5 197.153 11.8531
    endloop
  endfacet
  facet normal 0 0.858771 -0.51236
    outer loop
      vertex 5 193.016 12.2606
      vertex 0 193.129 12.45
      vertex 5 193.129 12.45
    endloop
  endfacet
  facet normal 0 0.858771 -0.51236
    outer loop
      vertex 0 193.129 12.45
      vertex 5 193.016 12.2606
      vertex 0 193.016 12.2606
    endloop
  endfacet
  facet normal 0 0.802193 0.597065
    outer loop
      vertex 5 193.261 9.77262
      vertex 0 193.129 9.94997
      vertex 5 193.129 9.94997
    endloop
  endfacet
  facet normal 0 0.802193 0.597065
    outer loop
      vertex 0 193.129 9.94997
      vertex 5 193.261 9.77262
      vertex 0 193.261 9.77262
    endloop
  endfacet
  facet normal 0 0.9421 -0.335331
    outer loop
      vertex 5 192.847 11.8531
      vertex 0 192.921 12.061
      vertex 5 192.921 12.061
    endloop
  endfacet
  facet normal 0 0.9421 -0.335331
    outer loop
      vertex 0 192.921 12.061
      vertex 5 192.847 11.8531
      vertex 0 192.847 11.8531
    endloop
  endfacet
  facet normal 0 0.596366 -0.802713
    outer loop
      vertex 0 193.573 12.9393
      vertex 5 193.75 13.0708
      vertex 5 193.573 12.9393
    endloop
  endfacet
  facet normal 0 0.596366 -0.802713
    outer loop
      vertex 5 193.75 13.0708
      vertex 0 193.573 12.9393
      vertex 0 193.75 13.0708
    endloop
  endfacet
  facet normal 0 -0.426842 -0.904326
    outer loop
      vertex 0 195.861 13.2787
      vertex 5 196.061 13.1843
      vertex 5 195.861 13.2787
    endloop
  endfacet
  facet normal -0 -0.426842 -0.904326
    outer loop
      vertex 5 196.061 13.1843
      vertex 0 195.861 13.2787
      vertex 0 196.061 13.1843
    endloop
  endfacet
  facet normal 0 0.147009 -0.989135
    outer loop
      vertex 0 194.561 13.4068
      vertex 5 194.779 13.4392
      vertex 5 194.561 13.4068
    endloop
  endfacet
  facet normal 0 0.147009 -0.989135
    outer loop
      vertex 5 194.779 13.4392
      vertex 0 194.561 13.4068
      vertex 0 194.779 13.4392
    endloop
  endfacet
  facet normal 0 -0.969634 0.24456
    outer loop
      vertex 0 197.153 10.5469
      vertex 5 197.207 10.761
      vertex 0 197.207 10.761
    endloop
  endfacet
  facet normal 0 -0.969634 0.24456
    outer loop
      vertex 5 197.207 10.761
      vertex 0 197.153 10.5469
      vertex 5 197.153 10.5469
    endloop
  endfacet
  facet normal 0 0.858806 0.512301
    outer loop
      vertex 5 193.129 9.94997
      vertex 0 193.016 10.1394
      vertex 5 193.016 10.1394
    endloop
  endfacet
  facet normal 0 0.858806 0.512301
    outer loop
      vertex 0 193.016 10.1394
      vertex 5 193.129 9.94997
      vertex 0 193.129 9.94997
    endloop
  endfacet
  facet normal 0 0.741579 -0.670866
    outer loop
      vertex 5 193.261 12.6274
      vertex 0 193.409 12.791
      vertex 5 193.409 12.791
    endloop
  endfacet
  facet normal 0 0.741579 -0.670866
    outer loop
      vertex 0 193.409 12.791
      vertex 5 193.261 12.6274
      vertex 0 193.261 12.6274
    endloop
  endfacet
  facet normal 0 0.998758 -0.0498247
    outer loop
      vertex 5 192.75 11.2
      vertex 0 192.761 11.4205
      vertex 5 192.761 11.4205
    endloop
  endfacet
  facet normal 0 0.998758 -0.0498247
    outer loop
      vertex 0 192.761 11.4205
      vertex 5 192.75 11.2
      vertex 0 192.75 11.2
    endloop
  endfacet
  facet normal 0 -0.0488105 -0.998808
    outer loop
      vertex 0 195 13.45
      vertex 5 195.221 13.4392
      vertex 5 195 13.45
    endloop
  endfacet
  facet normal -0 -0.0488105 -0.998808
    outer loop
      vertex 5 195.221 13.4392
      vertex 0 195 13.45
      vertex 0 195.221 13.4392
    endloop
  endfacet
  facet normal 0 0.741599 0.670843
    outer loop
      vertex 5 193.409 9.60901
      vertex 0 193.261 9.77262
      vertex 5 193.261 9.77262
    endloop
  endfacet
  facet normal 0 0.741599 0.670843
    outer loop
      vertex 0 193.261 9.77262
      vertex 5 193.409 9.60901
      vertex 0 193.409 9.60901
    endloop
  endfacet
  facet normal 0 -0.146659 0.989187
    outer loop
      vertex 5 196.561 3.35372
      vertex 15 195.784 3.23852
      vertex 15 196.561 3.35372
    endloop
  endfacet
  facet normal 0 -0.146659 0.989187
    outer loop
      vertex 15 195.784 3.23852
      vertex 5 196.561 3.35372
      vertex 5 195.784 3.23852
    endloop
  endfacet
  facet normal 0 -0.0490735 0.998795
    outer loop
      vertex 5 195.784 3.23852
      vertex 15 195 3.2
      vertex 15 195.784 3.23852
    endloop
  endfacet
  facet normal 0 -0.0490735 0.998795
    outer loop
      vertex 15 195 3.2
      vertex 5 195.784 3.23852
      vertex 5 195 3.2
    endloop
  endfacet
  facet normal 0 -0.741092 0.671404
    outer loop
      vertex 5 200.657 5.54315
      vertex 7.87515 201.184 6.12485
      vertex 5 201.184 6.12485
    endloop
  endfacet
  facet normal 0 -0.741092 0.671404
    outer loop
      vertex 7.87515 201.184 6.12485
      vertex 5 200.657 5.54315
      vertex 8.45685 200.657 5.54315
    endloop
  endfacet
  facet normal 0 -0.671374 0.741118
    outer loop
      vertex 5 200.075 5.01592
      vertex 8.45685 200.657 5.54315
      vertex 5 200.657 5.54315
    endloop
  endfacet
  facet normal 0 -0.671374 0.741118
    outer loop
      vertex 8.45685 200.657 5.54315
      vertex 5 200.075 5.01592
      vertex 8.98408 200.075 5.01592
    endloop
  endfacet
  facet normal 0 -0.903823 0.427906
    outer loop
      vertex 5 202.055 7.42883
      vertex 5.86147 202.391 8.13853
      vertex 5 202.391 8.13853
    endloop
  endfacet
  facet normal 0 -0.903823 0.427906
    outer loop
      vertex 5.86147 202.391 8.13853
      vertex 5 202.055 7.42883
      vertex 6.57117 202.055 7.42883
    endloop
  endfacet
  facet normal -0 0.146659 0.989187
    outer loop
      vertex 5 194.216 3.23852
      vertex 15 193.439 3.35372
      vertex 15 194.216 3.23852
    endloop
  endfacet
  facet normal 0 0.146659 0.989187
    outer loop
      vertex 15 193.439 3.35372
      vertex 5 194.216 3.23852
      vertex 5 193.439 3.35372
    endloop
  endfacet
  facet normal 0 -0.427415 0.904056
    outer loop
      vertex 5 198.771 4.14463
      vertex 15 198.061 3.80896
      vertex 15 198.771 4.14463
    endloop
  endfacet
  facet normal 0 -0.427415 0.904056
    outer loop
      vertex 15 198.061 3.80896
      vertex 5 198.771 4.14463
      vertex 5 198.061 3.80896
    endloop
  endfacet
  facet normal 0 -0.971198 0.238272
    outer loop
      vertex 5.12228 202.656 8.87772
      vertex 5 202.686 9
      vertex 5 202.656 8.87772
    endloop
  endfacet
  facet normal 0 -0.941336 0.33747
    outer loop
      vertex 5 202.391 8.13853
      vertex 5.12228 202.656 8.87772
      vertex 5 202.656 8.87772
    endloop
  endfacet
  facet normal 0 -0.941336 0.33747
    outer loop
      vertex 5.12228 202.656 8.87772
      vertex 5 202.391 8.13853
      vertex 5.86147 202.391 8.13853
    endloop
  endfacet
  facet normal 0 -0.336959 0.941519
    outer loop
      vertex 5 198.061 3.80896
      vertex 15 197.322 3.54448
      vertex 15 198.061 3.80896
    endloop
  endfacet
  facet normal 0 -0.336959 0.941519
    outer loop
      vertex 15 197.322 3.54448
      vertex 5 198.061 3.80896
      vertex 5 197.322 3.54448
    endloop
  endfacet
  facet normal 0 -0.803011 0.595964
    outer loop
      vertex 5 201.184 6.12485
      vertex 7.24456 201.652 6.75544
      vertex 5 201.652 6.75544
    endloop
  endfacet
  facet normal 0 -0.803011 0.595964
    outer loop
      vertex 7.24456 201.652 6.75544
      vertex 5 201.184 6.12485
      vertex 7.87515 201.184 6.12485
    endloop
  endfacet
  facet normal 0 -0.858074 0.513527
    outer loop
      vertex 5 201.652 6.75544
      vertex 6.57117 202.055 7.42883
      vertex 5 202.055 7.42883
    endloop
  endfacet
  facet normal 0 -0.858074 0.513527
    outer loop
      vertex 6.57117 202.055 7.42883
      vertex 5 201.652 6.75544
      vertex 7.24456 201.652 6.75544
    endloop
  endfacet
  facet normal -0 0.336959 0.941519
    outer loop
      vertex 5 192.678 3.54448
      vertex 15 191.939 3.80896
      vertex 15 192.678 3.54448
    endloop
  endfacet
  facet normal 0 0.336959 0.941519
    outer loop
      vertex 15 191.939 3.80896
      vertex 5 192.678 3.54448
      vertex 5 191.939 3.80896
    endloop
  endfacet
  facet normal 0 -0.513756 0.857936
    outer loop
      vertex 5 199.445 4.54824
      vertex 15 198.771 4.14463
      vertex 15 199.445 4.54824
    endloop
  endfacet
  facet normal 0 -0.513756 0.857936
    outer loop
      vertex 15 198.771 4.14463
      vertex 5 199.445 4.54824
      vertex 5 198.771 4.14463
    endloop
  endfacet
  facet normal -0 0.243147 0.969989
    outer loop
      vertex 5 193.439 3.35372
      vertex 15 192.678 3.54448
      vertex 15 193.439 3.35372
    endloop
  endfacet
  facet normal 0 0.243147 0.969989
    outer loop
      vertex 15 192.678 3.54448
      vertex 5 193.439 3.35372
      vertex 5 192.678 3.54448
    endloop
  endfacet
  facet normal -0 0.903823 0.427906
    outer loop
      vertex 5 187.945 7.42883
      vertex 5.86147 187.609 8.13853
      vertex 6.57117 187.945 7.42883
    endloop
  endfacet
  facet normal 0 0.903823 0.427906
    outer loop
      vertex 5.86147 187.609 8.13853
      vertex 5 187.945 7.42883
      vertex 5 187.609 8.13853
    endloop
  endfacet
  facet normal -0 0.858074 0.513527
    outer loop
      vertex 5 188.348 6.75544
      vertex 6.57117 187.945 7.42883
      vertex 7.24456 188.348 6.75544
    endloop
  endfacet
  facet normal 0 0.858074 0.513527
    outer loop
      vertex 6.57117 187.945 7.42883
      vertex 5 188.348 6.75544
      vertex 5 187.945 7.42883
    endloop
  endfacet
  facet normal -0 0.671374 0.741118
    outer loop
      vertex 5 189.925 5.01592
      vertex 8.45685 189.343 5.54315
      vertex 8.98408 189.925 5.01592
    endloop
  endfacet
  facet normal 0 0.671374 0.741118
    outer loop
      vertex 8.45685 189.343 5.54315
      vertex 5 189.925 5.01592
      vertex 5 189.343 5.54315
    endloop
  endfacet
  facet normal 0 0.59578 0.803148
    outer loop
      vertex 15 190.555 4.54824
      vertex 9 189.946 5
      vertex 15 189.946 5
    endloop
  endfacet
  facet normal -0 0.59578 0.803148
    outer loop
      vertex 5 190.555 4.54824
      vertex 9 189.946 5
      vertex 15 190.555 4.54824
    endloop
  endfacet
  facet normal 0.00177323 0.603266 0.797538
    outer loop
      vertex 5 190.555 4.54824
      vertex 8.98408 189.925 5.01592
      vertex 9 189.946 5
    endloop
  endfacet
  facet normal 0 0.596061 0.802939
    outer loop
      vertex 8.98408 189.925 5.01592
      vertex 5 190.555 4.54824
      vertex 5 189.925 5.01592
    endloop
  endfacet
  facet normal 0 -0.243147 0.969989
    outer loop
      vertex 5 197.322 3.54448
      vertex 15 196.561 3.35372
      vertex 15 197.322 3.54448
    endloop
  endfacet
  facet normal 0 -0.243147 0.969989
    outer loop
      vertex 15 196.561 3.35372
      vertex 5 197.322 3.54448
      vertex 5 196.561 3.35372
    endloop
  endfacet
  facet normal 0 -0.59578 0.803148
    outer loop
      vertex 9 200.054 5
      vertex 15 199.445 4.54824
      vertex 15 200.054 5
    endloop
  endfacet
  facet normal 0 -0.596061 0.802939
    outer loop
      vertex 5 199.445 4.54824
      vertex 8.98408 200.075 5.01592
      vertex 5 200.075 5.01592
    endloop
  endfacet
  facet normal 0.00177323 -0.603266 0.797538
    outer loop
      vertex 8.98408 200.075 5.01592
      vertex 5 199.445 4.54824
      vertex 9 200.054 5
    endloop
  endfacet
  facet normal 0 -0.59578 0.803148
    outer loop
      vertex 9 200.054 5
      vertex 5 199.445 4.54824
      vertex 15 199.445 4.54824
    endloop
  endfacet
  facet normal -0 0.803011 0.595964
    outer loop
      vertex 5 188.816 6.12485
      vertex 7.24456 188.348 6.75544
      vertex 7.87515 188.816 6.12485
    endloop
  endfacet
  facet normal 0 0.803011 0.595964
    outer loop
      vertex 7.24456 188.348 6.75544
      vertex 5 188.816 6.12485
      vertex 5 188.348 6.75544
    endloop
  endfacet
  facet normal -0 0.0490735 0.998795
    outer loop
      vertex 5 195 3.2
      vertex 15 194.216 3.23852
      vertex 15 195 3.2
    endloop
  endfacet
  facet normal 0 0.0490735 0.998795
    outer loop
      vertex 15 194.216 3.23852
      vertex 5 195 3.2
      vertex 5 194.216 3.23852
    endloop
  endfacet
  facet normal -0 0.941336 0.33747
    outer loop
      vertex 5 187.609 8.13853
      vertex 5.12228 187.344 8.87772
      vertex 5.86147 187.609 8.13853
    endloop
  endfacet
  facet normal 0 0.941336 0.33747
    outer loop
      vertex 5.12228 187.344 8.87772
      vertex 5 187.609 8.13853
      vertex 5 187.344 8.87772
    endloop
  endfacet
  facet normal 0 0.971198 0.238272
    outer loop
      vertex 5.12228 187.344 8.87772
      vertex 5 187.344 8.87772
      vertex 5 187.314 9
    endloop
  endfacet
  facet normal -0 0.427415 0.904056
    outer loop
      vertex 5 191.939 3.80896
      vertex 15 191.229 4.14463
      vertex 15 191.939 3.80896
    endloop
  endfacet
  facet normal 0 0.427415 0.904056
    outer loop
      vertex 15 191.229 4.14463
      vertex 5 191.939 3.80896
      vertex 5 191.229 4.14463
    endloop
  endfacet
  facet normal -0 0.513756 0.857936
    outer loop
      vertex 5 191.229 4.14463
      vertex 15 190.555 4.54824
      vertex 15 191.229 4.14463
    endloop
  endfacet
  facet normal 0 0.513756 0.857936
    outer loop
      vertex 15 190.555 4.54824
      vertex 5 191.229 4.14463
      vertex 5 190.555 4.54824
    endloop
  endfacet
  facet normal -1 0 0
    outer loop
      vertex 15 198.771 4.14463
      vertex 15 200.054 5
      vertex 15 199.445 4.54824
    endloop
  endfacet
  facet normal -1 0 0
    outer loop
      vertex 15 198.061 3.80896
      vertex 15 200.054 5
      vertex 15 198.771 4.14463
    endloop
  endfacet
  facet normal -1 0 0
    outer loop
      vertex 15 197.322 3.54448
      vertex 15 200.054 5
      vertex 15 198.061 3.80896
    endloop
  endfacet
  facet normal -1 0 0
    outer loop
      vertex 15 196.561 3.35372
      vertex 15 200.054 5
      vertex 15 197.322 3.54448
    endloop
  endfacet
  facet normal -1 0 0
    outer loop
      vertex 15 195.784 3.23852
      vertex 15 200.054 5
      vertex 15 196.561 3.35372
    endloop
  endfacet
  facet normal -1 0 0
    outer loop
      vertex 15 195 3.2
      vertex 15 200.054 5
      vertex 15 195.784 3.23852
    endloop
  endfacet
  facet normal -1 0 0
    outer loop
      vertex 15 194.216 3.23852
      vertex 15 200.054 5
      vertex 15 195 3.2
    endloop
  endfacet
  facet normal -1 0 0
    outer loop
      vertex 15 193.439 3.35372
      vertex 15 200.054 5
      vertex 15 194.216 3.23852
    endloop
  endfacet
  facet normal -1 0 0
    outer loop
      vertex 15 192.678 3.54448
      vertex 15 200.054 5
      vertex 15 193.439 3.35372
    endloop
  endfacet
  facet normal -1 0 0
    outer loop
      vertex 15 191.939 3.80896
      vertex 15 200.054 5
      vertex 15 192.678 3.54448
    endloop
  endfacet
  facet normal -1 0 0
    outer loop
      vertex 15 191.229 4.14463
      vertex 15 200.054 5
      vertex 15 191.939 3.80896
    endloop
  endfacet
  facet normal -1 0 0
    outer loop
      vertex 15 190.555 4.54824
      vertex 15 200.054 5
      vertex 15 191.229 4.14463
    endloop
  endfacet
  facet normal -1 -0 0
    outer loop
      vertex 15 200.054 5
      vertex 15 190.555 4.54824
      vertex 15 189.946 5
    endloop
  endfacet
  facet normal -0 0.741092 0.671404
    outer loop
      vertex 5 189.343 5.54315
      vertex 7.87515 188.816 6.12485
      vertex 8.45685 189.343 5.54315
    endloop
  endfacet
  facet normal 0 0.741092 0.671404
    outer loop
      vertex 7.87515 188.816 6.12485
      vertex 5 189.343 5.54315
      vertex 5 188.816 6.12485
    endloop
  endfacet
  facet normal -0 0 1
    outer loop
      vertex 0 206 22.2
      vertex 5 186 22.2
      vertex 5 206 22.2
    endloop
  endfacet
  facet normal 0 0 1
    outer loop
      vertex 5 186 22.2
      vertex 0 206 22.2
      vertex 5 161 22.2
    endloop
  endfacet
  facet normal 0 0 1
    outer loop
      vertex 5 161 22.2
      vertex 0 206 22.2
      vertex 5 151 22.2
    endloop
  endfacet
  facet normal 0 0 1
    outer loop
      vertex 5 151 22.2
      vertex 0 206 22.2
      vertex 5 126 22.2
    endloop
  endfacet
  facet normal 0 0 1
    outer loop
      vertex 5 126 22.2
      vertex 0 206 22.2
      vertex 5 116 22.2
    endloop
  endfacet
  facet normal 0 0 1
    outer loop
      vertex 5 116 22.2
      vertex 0 206 22.2
      vertex 5 91 22.2
    endloop
  endfacet
  facet normal 0 0 1
    outer loop
      vertex 0 0 22.2
      vertex 5 91 22.2
      vertex 0 206 22.2
    endloop
  endfacet
  facet normal 0 0 1
    outer loop
      vertex 5 91 22.2
      vertex 0 0 22.2
      vertex 5 78 22.2
    endloop
  endfacet
  facet normal 0 0 1
    outer loop
      vertex 5 78 22.2
      vertex 0 0 22.2
      vertex 5 53 22.2
    endloop
  endfacet
  facet normal 0 0 1
    outer loop
      vertex 5 53 22.2
      vertex 0 0 22.2
      vertex 5 45 22.2
    endloop
  endfacet
  facet normal 0 0 1
    outer loop
      vertex 5 45 22.2
      vertex 0 0 22.2
      vertex 5 20 22.2
    endloop
  endfacet
  facet normal 0 0 1
    outer loop
      vertex 5 20 22.2
      vertex 0 0 22.2
      vertex 5 0 22.2
    endloop
  endfacet
  facet normal 0 0 1
    outer loop
      vertex 80 35 22.2
      vertex 77 20 22.2
      vertex 80 0 22.2
    endloop
  endfacet
  facet normal 0 0 1
    outer loop
      vertex 80 35 22.2
      vertex 76.9518 20.9802 22.2
      vertex 77 20 22.2
    endloop
  endfacet
  facet normal 0 0 1
    outer loop
      vertex 80 35 22.2
      vertex 76.8078 21.9509 22.2
      vertex 76.9518 20.9802 22.2
    endloop
  endfacet
  facet normal 0 0 1
    outer loop
      vertex 80 35 22.2
      vertex 76.5694 22.9028 22.2
      vertex 76.8078 21.9509 22.2
    endloop
  endfacet
  facet normal 0 0 1
    outer loop
      vertex 80 35 22.2
      vertex 76.2388 23.8268 22.2
      vertex 76.5694 22.9028 22.2
    endloop
  endfacet
  facet normal 0 0 1
    outer loop
      vertex 80 35 22.2
      vertex 75.8192 24.714 22.2
      vertex 76.2388 23.8268 22.2
    endloop
  endfacet
  facet normal 0 0 1
    outer loop
      vertex 80 35 22.2
      vertex 75.3147 25.5557 22.2
      vertex 75.8192 24.714 22.2
    endloop
  endfacet
  facet normal 0 0 1
    outer loop
      vertex 80 35 22.2
      vertex 74.7301 26.3439 22.2
      vertex 75.3147 25.5557 22.2
    endloop
  endfacet
  facet normal 0 0 1
    outer loop
      vertex 80 35 22.2
      vertex 74.0711 27.0711 22.2
      vertex 74.7301 26.3439 22.2
    endloop
  endfacet
  facet normal 0 0 1
    outer loop
      vertex 80 35 22.2
      vertex 73.3439 27.7301 22.2
      vertex 74.0711 27.0711 22.2
    endloop
  endfacet
  facet normal 0 0 1
    outer loop
      vertex 80 35 22.2
      vertex 72.5557 28.3147 22.2
      vertex 73.3439 27.7301 22.2
    endloop
  endfacet
  facet normal -0 0 1
    outer loop
      vertex 72.2077 44.0198 22.2
      vertex 80 35 22.2
      vertex 72.2559 45 22.2
    endloop
  endfacet
  facet normal 0 0 1
    outer loop
      vertex 80 35 22.2
      vertex 72.2077 45.9802 22.2
      vertex 72.2559 45 22.2
    endloop
  endfacet
  facet normal 0 0 1
    outer loop
      vertex 80 35 22.2
      vertex 71.993 47.2777 22.2
      vertex 72.2077 45.9802 22.2
    endloop
  endfacet
  facet normal 0 0 1
    outer loop
      vertex 80 35 22.2
      vertex 70.1217 55.2777 22.2
      vertex 71.993 47.2777 22.2
    endloop
  endfacet
  facet normal 0 0 1
    outer loop
      vertex 80 35 22.2
      vertex 69.8515 56.2211 22.2
      vertex 70.1217 55.2777 22.2
    endloop
  endfacet
  facet normal 0 0 1
    outer loop
      vertex 64.4884 78.9802 22.2
      vertex 69.8515 56.2211 22.2
      vertex 80 35 22.2
    endloop
  endfacet
  facet normal 0 0 1
    outer loop
      vertex 67.8982 59.5988 22.2
      vertex 64.106 75.0972 22.2
      vertex 67.2153 60.3035 22.2
    endloop
  endfacet
  facet normal -0 0 1
    outer loop
      vertex 64.106 75.0972 22.2
      vertex 67.8982 59.5988 22.2
      vertex 64.3444 76.0491 22.2
    endloop
  endfacet
  facet normal 0 0 1
    outer loop
      vertex 68.5089 58.8306 22.2
      vertex 64.3444 76.0491 22.2
      vertex 67.8982 59.5988 22.2
    endloop
  endfacet
  facet normal -0 0 1
    outer loop
      vertex 64.3444 76.0491 22.2
      vertex 68.5089 58.8306 22.2
      vertex 64.4884 77.0198 22.2
    endloop
  endfacet
  facet normal 0 0 1
    outer loop
      vertex 69.0412 58.0062 22.2
      vertex 64.4884 77.0198 22.2
      vertex 68.5089 58.8306 22.2
    endloop
  endfacet
  facet normal -0 0 1
    outer loop
      vertex 64.4884 77.0198 22.2
      vertex 69.0412 58.0062 22.2
      vertex 64.5366 78 22.2
    endloop
  endfacet
  facet normal 0 0 1
    outer loop
      vertex 69.4902 57.1336 22.2
      vertex 64.5366 78 22.2
      vertex 69.0412 58.0062 22.2
    endloop
  endfacet
  facet normal 0 0 1
    outer loop
      vertex 69.8515 56.2211 22.2
      vertex 64.4884 78.9802 22.2
      vertex 69.4902 57.1336 22.2
    endloop
  endfacet
  facet normal 0 0 1
    outer loop
      vertex 69.4902 57.1336 22.2
      vertex 64.4884 78.9802 22.2
      vertex 64.5366 78 22.2
    endloop
  endfacet
  facet normal 0 0 1
    outer loop
      vertex 80 35 22.2
      vertex 64.2737 80.2777 22.2
      vertex 64.4884 78.9802 22.2
    endloop
  endfacet
  facet normal 0 0 1
    outer loop
      vertex 80 35 22.2
      vertex 61.2328 93.2777 22.2
      vertex 64.2737 80.2777 22.2
    endloop
  endfacet
  facet normal 0 0 1
    outer loop
      vertex 55.3849 118.278 22.2
      vertex 61.2328 93.2777 22.2
      vertex 80 35 22.2
    endloop
  endfacet
  facet normal 0 0 1
    outer loop
      vertex 59.0094 97.5988 22.2
      vertex 55.2171 113.097 22.2
      vertex 58.3264 98.3035 22.2
    endloop
  endfacet
  facet normal -0 0 1
    outer loop
      vertex 55.2171 113.097 22.2
      vertex 59.0094 97.5988 22.2
      vertex 55.4556 114.049 22.2
    endloop
  endfacet
  facet normal 0 0 1
    outer loop
      vertex 59.62 96.8306 22.2
      vertex 55.4556 114.049 22.2
      vertex 59.0094 97.5988 22.2
    endloop
  endfacet
  facet normal -0 0 1
    outer loop
      vertex 55.4556 114.049 22.2
      vertex 59.62 96.8306 22.2
      vertex 55.5995 115.02 22.2
    endloop
  endfacet
  facet normal 0 0 1
    outer loop
      vertex 60.1523 96.0062 22.2
      vertex 55.5995 115.02 22.2
      vertex 59.62 96.8306 22.2
    endloop
  endfacet
  facet normal -0 0 1
    outer loop
      vertex 55.5995 115.02 22.2
      vertex 60.1523 96.0062 22.2
      vertex 55.6477 116 22.2
    endloop
  endfacet
  facet normal 0 0 1
    outer loop
      vertex 60.6013 95.1336 22.2
      vertex 55.6477 116 22.2
      vertex 60.1523 96.0062 22.2
    endloop
  endfacet
  facet normal 0 0 1
    outer loop
      vertex 55.5995 116.98 22.2
      vertex 60.6013 95.1336 22.2
      vertex 60.9627 94.2211 22.2
    endloop
  endfacet
  facet normal 0 0 1
    outer loop
      vertex 61.2328 93.2777 22.2
      vertex 55.3849 118.278 22.2
      vertex 60.9627 94.2211 22.2
    endloop
  endfacet
  facet normal 0 0 1
    outer loop
      vertex 60.6013 95.1336 22.2
      vertex 55.5995 116.98 22.2
      vertex 55.6477 116 22.2
    endloop
  endfacet
  facet normal 0 0 1
    outer loop
      vertex 60.9627 94.2211 22.2
      vertex 55.3849 118.278 22.2
      vertex 55.5995 116.98 22.2
    endloop
  endfacet
  facet normal 0 0 1
    outer loop
      vertex 80 35 22.2
      vertex 53.0457 128.278 22.2
      vertex 55.3849 118.278 22.2
    endloop
  endfacet
  facet normal 0 0 1
    outer loop
      vertex 40 206 22.2
      vertex 53.0457 128.278 22.2
      vertex 80 35 22.2
    endloop
  endfacet
  facet normal 0 0 1
    outer loop
      vertex 50.8222 132.599 22.2
      vertex 47.03 148.097 22.2
      vertex 50.1392 133.304 22.2
    endloop
  endfacet
  facet normal -0 0 1
    outer loop
      vertex 47.03 148.097 22.2
      vertex 50.8222 132.599 22.2
      vertex 47.2684 149.049 22.2
    endloop
  endfacet
  facet normal 0 0 1
    outer loop
      vertex 51.4328 131.831 22.2
      vertex 47.2684 149.049 22.2
      vertex 50.8222 132.599 22.2
    endloop
  endfacet
  facet normal -0 0 1
    outer loop
      vertex 47.2684 149.049 22.2
      vertex 51.4328 131.831 22.2
      vertex 47.4124 150.02 22.2
    endloop
  endfacet
  facet normal 0 0 1
    outer loop
      vertex 51.9652 131.006 22.2
      vertex 47.4124 150.02 22.2
      vertex 51.4328 131.831 22.2
    endloop
  endfacet
  facet normal -0 0 1
    outer loop
      vertex 47.4124 150.02 22.2
      vertex 51.9652 131.006 22.2
      vertex 47.4606 151 22.2
    endloop
  endfacet
  facet normal 0 0 1
    outer loop
      vertex 52.4142 130.134 22.2
      vertex 47.4606 151 22.2
      vertex 51.9652 131.006 22.2
    endloop
  endfacet
  facet normal 0 0 1
    outer loop
      vertex 47.4124 151.98 22.2
      vertex 52.4142 130.134 22.2
      vertex 52.7755 129.221 22.2
    endloop
  endfacet
  facet normal -0 -0 1
    outer loop
      vertex 47.1977 153.278 22.2
      vertex 53.0457 128.278 22.2
      vertex 40 206 22.2
    endloop
  endfacet
  facet normal 0 0 1
    outer loop
      vertex 52.4142 130.134 22.2
      vertex 47.4124 151.98 22.2
      vertex 47.4606 151 22.2
    endloop
  endfacet
  facet normal 0 0 1
    outer loop
      vertex 52.7755 129.221 22.2
      vertex 47.1977 153.278 22.2
      vertex 47.4124 151.98 22.2
    endloop
  endfacet
  facet normal 0 0 1
    outer loop
      vertex 53.0457 128.278 22.2
      vertex 47.1977 153.278 22.2
      vertex 52.7755 129.221 22.2
    endloop
  endfacet
  facet normal 0 0 1
    outer loop
      vertex 47.1977 153.278 22.2
      vertex 40 206 22.2
      vertex 44.8585 163.278 22.2
    endloop
  endfacet
  facet normal 0 0 1
    outer loop
      vertex 40 206 22.2
      vertex 44.5884 164.221 22.2
      vertex 44.8585 163.278 22.2
    endloop
  endfacet
  facet normal 0 0 1
    outer loop
      vertex 40 206 22.2
      vertex 44.2271 165.134 22.2
      vertex 44.5884 164.221 22.2
    endloop
  endfacet
  facet normal -0 0 1
    outer loop
      vertex 39.2253 186.98 22.2
      vertex 44.2271 165.134 22.2
      vertex 40 206 22.2
    endloop
  endfacet
  facet normal -0 -0 1
    outer loop
      vertex 39.2734 186 22.2
      vertex 44.2271 165.134 22.2
      vertex 39.2253 186.98 22.2
    endloop
  endfacet
  facet normal 0 0 1
    outer loop
      vertex 44.2271 165.134 22.2
      vertex 39.2734 186 22.2
      vertex 43.7781 166.006 22.2
    endloop
  endfacet
  facet normal -0 0 1
    outer loop
      vertex 39.2253 185.02 22.2
      vertex 43.7781 166.006 22.2
      vertex 39.2734 186 22.2
    endloop
  endfacet
  facet normal -0 0 1
    outer loop
      vertex 39.0813 184.049 22.2
      vertex 43.2457 166.831 22.2
      vertex 39.2253 185.02 22.2
    endloop
  endfacet
  facet normal 0 0 1
    outer loop
      vertex 43.2457 166.831 22.2
      vertex 39.0813 184.049 22.2
      vertex 42.6351 167.599 22.2
    endloop
  endfacet
  facet normal -0 0 1
    outer loop
      vertex 38.8428 183.097 22.2
      vertex 42.6351 167.599 22.2
      vertex 39.0813 184.049 22.2
    endloop
  endfacet
  facet normal 0 0 1
    outer loop
      vertex 42.6351 167.599 22.2
      vertex 38.8428 183.097 22.2
      vertex 41.9521 168.304 22.2
    endloop
  endfacet
  facet normal 0 0 1
    outer loop
      vertex 43.7781 166.006 22.2
      vertex 39.2253 185.02 22.2
      vertex 43.2457 166.831 22.2
    endloop
  endfacet
  facet normal 0 0 1
    outer loop
      vertex 40 206 22.2
      vertex 39.0106 188.278 22.2
      vertex 39.2253 186.98 22.2
    endloop
  endfacet
  facet normal 0 -0 1
    outer loop
      vertex 39.0106 188.278 22.2
      vertex 40 206 22.2
      vertex 34.865 206 22.2
    endloop
  endfacet
  facet normal 0 0 1
    outer loop
      vertex 80 0 22.2
      vertex 77 20 22.2
      vertex 77 0 22.2
    endloop
  endfacet
  facet normal -0 0 1
    outer loop
      vertex 72.0637 43.0491 22.2
      vertex 80 35 22.2
      vertex 72.2077 44.0198 22.2
    endloop
  endfacet
  facet normal -0 0 1
    outer loop
      vertex 71.8253 42.0972 22.2
      vertex 80 35 22.2
      vertex 72.0637 43.0491 22.2
    endloop
  endfacet
  facet normal -0 0 1
    outer loop
      vertex 71.4947 41.1732 22.2
      vertex 80 35 22.2
      vertex 71.8253 42.0972 22.2
    endloop
  endfacet
  facet normal -0 0 1
    outer loop
      vertex 71.0751 40.286 22.2
      vertex 80 35 22.2
      vertex 71.4947 41.1732 22.2
    endloop
  endfacet
  facet normal -0 0 1
    outer loop
      vertex 70.5706 39.4443 22.2
      vertex 80 35 22.2
      vertex 71.0751 40.286 22.2
    endloop
  endfacet
  facet normal -0 0 1
    outer loop
      vertex 69.986 38.6561 22.2
      vertex 80 35 22.2
      vertex 70.5706 39.4443 22.2
    endloop
  endfacet
  facet normal 0 -0 1
    outer loop
      vertex 71.714 28.8192 22.2
      vertex 80 35 22.2
      vertex 69.986 38.6561 22.2
    endloop
  endfacet
  facet normal 0 0 1
    outer loop
      vertex 80 35 22.2
      vertex 71.714 28.8192 22.2
      vertex 72.5557 28.3147 22.2
    endloop
  endfacet
  facet normal -0 0 1
    outer loop
      vertex 69.327 37.9289 22.2
      vertex 71.714 28.8192 22.2
      vertex 69.986 38.6561 22.2
    endloop
  endfacet
  facet normal 0 0 1
    outer loop
      vertex 71.714 28.8192 22.2
      vertex 69.327 37.9289 22.2
      vertex 70.8268 29.2388 22.2
    endloop
  endfacet
  facet normal -0 0 1
    outer loop
      vertex 68.5998 37.2699 22.2
      vertex 70.8268 29.2388 22.2
      vertex 69.327 37.9289 22.2
    endloop
  endfacet
  facet normal 0 0 1
    outer loop
      vertex 70.8268 29.2388 22.2
      vertex 68.5998 37.2699 22.2
      vertex 69.9028 29.5694 22.2
    endloop
  endfacet
  facet normal -0 0 1
    outer loop
      vertex 67.8116 36.6853 22.2
      vertex 69.9028 29.5694 22.2
      vertex 68.5998 37.2699 22.2
    endloop
  endfacet
  facet normal 0 0 1
    outer loop
      vertex 69.9028 29.5694 22.2
      vertex 67.8116 36.6853 22.2
      vertex 68.9509 29.8078 22.2
    endloop
  endfacet
  facet normal -0 0 1
    outer loop
      vertex 66.9699 36.1808 22.2
      vertex 68.9509 29.8078 22.2
      vertex 67.8116 36.6853 22.2
    endloop
  endfacet
  facet normal 0 0 1
    outer loop
      vertex 68.9509 29.8078 22.2
      vertex 66.9699 36.1808 22.2
      vertex 67.9802 29.9518 22.2
    endloop
  endfacet
  facet normal -0 0 1
    outer loop
      vertex 66.0827 35.7612 22.2
      vertex 67.9802 29.9518 22.2
      vertex 66.9699 36.1808 22.2
    endloop
  endfacet
  facet normal 0 0 1
    outer loop
      vertex 67.9802 29.9518 22.2
      vertex 66.0827 35.7612 22.2
      vertex 67 30 22.2
    endloop
  endfacet
  facet normal -0 0 1
    outer loop
      vertex 65.1587 35.4306 22.2
      vertex 67 30 22.2
      vertex 66.0827 35.7612 22.2
    endloop
  endfacet
  facet normal -0 0 1
    outer loop
      vertex 64.2068 35.1922 22.2
      vertex 67 30 22.2
      vertex 65.1587 35.4306 22.2
    endloop
  endfacet
  facet normal -0 0 1
    outer loop
      vertex 63.2361 35.0482 22.2
      vertex 67 30 22.2
      vertex 64.2068 35.1922 22.2
    endloop
  endfacet
  facet normal -0 0 1
    outer loop
      vertex 62.2559 35 22.2
      vertex 67 30 22.2
      vertex 63.2361 35.0482 22.2
    endloop
  endfacet
  facet normal 0 0 1
    outer loop
      vertex 62.2559 35 22.2
      vertex 56 30 22.2
      vertex 67 30 22.2
    endloop
  endfacet
  facet normal 0 0 1
    outer loop
      vertex 62.2559 35 22.2
      vertex 55.0198 29.9518 22.2
      vertex 56 30 22.2
    endloop
  endfacet
  facet normal 0 0 1
    outer loop
      vertex 62.2559 35 22.2
      vertex 54.0491 29.8078 22.2
      vertex 55.0198 29.9518 22.2
    endloop
  endfacet
  facet normal 0 0 1
    outer loop
      vertex 62.2559 35 22.2
      vertex 53.0972 29.5694 22.2
      vertex 54.0491 29.8078 22.2
    endloop
  endfacet
  facet normal 0 0 1
    outer loop
      vertex 33.9028 29.5694 22.2
      vertex 53.0972 29.5694 22.2
      vertex 62.2559 35 22.2
    endloop
  endfacet
  facet normal 0 0 1
    outer loop
      vertex 53.0972 29.5694 22.2
      vertex 33.9028 29.5694 22.2
      vertex 52.1732 29.2388 22.2
    endloop
  endfacet
  facet normal 0 0 1
    outer loop
      vertex 46 20 22.2
      vertex 41 20 22.2
      vertex 46 0 22.2
    endloop
  endfacet
  facet normal 0 0 1
    outer loop
      vertex 46.0482 20.9802 22.2
      vertex 41 20 22.2
      vertex 46 20 22.2
    endloop
  endfacet
  facet normal 0 0 1
    outer loop
      vertex 40.9518 20.9802 22.2
      vertex 46.0482 20.9802 22.2
      vertex 46.1922 21.9509 22.2
    endloop
  endfacet
  facet normal 0 0 1
    outer loop
      vertex 40.8078 21.9509 22.2
      vertex 46.1922 21.9509 22.2
      vertex 46.4306 22.9028 22.2
    endloop
  endfacet
  facet normal 0 0 1
    outer loop
      vertex 40.5694 22.9028 22.2
      vertex 46.4306 22.9028 22.2
      vertex 46.7612 23.8268 22.2
    endloop
  endfacet
  facet normal 0 0 1
    outer loop
      vertex 40.2388 23.8268 22.2
      vertex 46.7612 23.8268 22.2
      vertex 47.1808 24.714 22.2
    endloop
  endfacet
  facet normal 0 0 1
    outer loop
      vertex 39.8192 24.714 22.2
      vertex 47.1808 24.714 22.2
      vertex 47.6853 25.5557 22.2
    endloop
  endfacet
  facet normal 0 0 1
    outer loop
      vertex 39.3147 25.5557 22.2
      vertex 47.6853 25.5557 22.2
      vertex 48.2699 26.3439 22.2
    endloop
  endfacet
  facet normal 0 0 1
    outer loop
      vertex 38.7301 26.3439 22.2
      vertex 48.2699 26.3439 22.2
      vertex 48.9289 27.0711 22.2
    endloop
  endfacet
  facet normal 0 0 1
    outer loop
      vertex 38.0711 27.0711 22.2
      vertex 48.9289 27.0711 22.2
      vertex 49.6561 27.7301 22.2
    endloop
  endfacet
  facet normal 0 0 1
    outer loop
      vertex 46.0482 20.9802 22.2
      vertex 40.9518 20.9802 22.2
      vertex 41 20 22.2
    endloop
  endfacet
  facet normal 0 0 1
    outer loop
      vertex 46.1922 21.9509 22.2
      vertex 40.8078 21.9509 22.2
      vertex 40.9518 20.9802 22.2
    endloop
  endfacet
  facet normal 0 0 1
    outer loop
      vertex 37.3439 27.7301 22.2
      vertex 49.6561 27.7301 22.2
      vertex 50.4443 28.3147 22.2
    endloop
  endfacet
  facet normal 0 0 1
    outer loop
      vertex 46.4306 22.9028 22.2
      vertex 40.5694 22.9028 22.2
      vertex 40.8078 21.9509 22.2
    endloop
  endfacet
  facet normal 0 0 1
    outer loop
      vertex 36.5557 28.3147 22.2
      vertex 50.4443 28.3147 22.2
      vertex 51.286 28.8192 22.2
    endloop
  endfacet
  facet normal 0 0 1
    outer loop
      vertex 52.1732 29.2388 22.2
      vertex 34.8268 29.2388 22.2
      vertex 51.286 28.8192 22.2
    endloop
  endfacet
  facet normal 0 0 1
    outer loop
      vertex 46.7612 23.8268 22.2
      vertex 40.2388 23.8268 22.2
      vertex 40.5694 22.9028 22.2
    endloop
  endfacet
  facet normal 0 0 1
    outer loop
      vertex 47.1808 24.714 22.2
      vertex 39.8192 24.714 22.2
      vertex 40.2388 23.8268 22.2
    endloop
  endfacet
  facet normal 0 0 1
    outer loop
      vertex 47.6853 25.5557 22.2
      vertex 39.3147 25.5557 22.2
      vertex 39.8192 24.714 22.2
    endloop
  endfacet
  facet normal 0 0 1
    outer loop
      vertex 48.2699 26.3439 22.2
      vertex 38.7301 26.3439 22.2
      vertex 39.3147 25.5557 22.2
    endloop
  endfacet
  facet normal 0 0 1
    outer loop
      vertex 48.9289 27.0711 22.2
      vertex 38.0711 27.0711 22.2
      vertex 38.7301 26.3439 22.2
    endloop
  endfacet
  facet normal 0 0 1
    outer loop
      vertex 49.6561 27.7301 22.2
      vertex 37.3439 27.7301 22.2
      vertex 38.0711 27.0711 22.2
    endloop
  endfacet
  facet normal 0 0 1
    outer loop
      vertex 50.4443 28.3147 22.2
      vertex 36.5557 28.3147 22.2
      vertex 37.3439 27.7301 22.2
    endloop
  endfacet
  facet normal 0 0 1
    outer loop
      vertex 51.286 28.8192 22.2
      vertex 35.714 28.8192 22.2
      vertex 36.5557 28.3147 22.2
    endloop
  endfacet
  facet normal 0 0 1
    outer loop
      vertex 51.286 28.8192 22.2
      vertex 34.8268 29.2388 22.2
      vertex 35.714 28.8192 22.2
    endloop
  endfacet
  facet normal 0 0 1
    outer loop
      vertex 52.1732 29.2388 22.2
      vertex 33.9028 29.5694 22.2
      vertex 34.8268 29.2388 22.2
    endloop
  endfacet
  facet normal 0 0 1
    outer loop
      vertex 62.2559 35 22.2
      vertex 32.9509 29.8078 22.2
      vertex 33.9028 29.5694 22.2
    endloop
  endfacet
  facet normal 0 0 1
    outer loop
      vertex 62.2559 35 22.2
      vertex 31.9802 29.9518 22.2
      vertex 32.9509 29.8078 22.2
    endloop
  endfacet
  facet normal -0 0 1
    outer loop
      vertex 15 35 22.2
      vertex 31.9802 29.9518 22.2
      vertex 62.2559 35 22.2
    endloop
  endfacet
  facet normal 0 0 1
    outer loop
      vertex 31.9802 29.9518 22.2
      vertex 15 35 22.2
      vertex 31 30 22.2
    endloop
  endfacet
  facet normal 0 0 1
    outer loop
      vertex 15 35 22.2
      vertex 15 30 22.2
      vertex 31 30 22.2
    endloop
  endfacet
  facet normal 0 0 1
    outer loop
      vertex 14.0198 35.0482 22.2
      vertex 15 30 22.2
      vertex 15 35 22.2
    endloop
  endfacet
  facet normal 0 0 1
    outer loop
      vertex 14.0198 35.0482 22.2
      vertex 14.0198 29.9518 22.2
      vertex 15 30 22.2
    endloop
  endfacet
  facet normal 0 0 1
    outer loop
      vertex 13.0491 35.1922 22.2
      vertex 14.0198 29.9518 22.2
      vertex 14.0198 35.0482 22.2
    endloop
  endfacet
  facet normal 0 0 1
    outer loop
      vertex 13.0491 35.1922 22.2
      vertex 13.0491 29.8078 22.2
      vertex 14.0198 29.9518 22.2
    endloop
  endfacet
  facet normal 0 0 1
    outer loop
      vertex 12.0972 35.4306 22.2
      vertex 13.0491 29.8078 22.2
      vertex 13.0491 35.1922 22.2
    endloop
  endfacet
  facet normal 0 0 1
    outer loop
      vertex 12.0972 35.4306 22.2
      vertex 12.0972 29.5694 22.2
      vertex 13.0491 29.8078 22.2
    endloop
  endfacet
  facet normal 0 0 1
    outer loop
      vertex 11.1732 35.7612 22.2
      vertex 12.0972 29.5694 22.2
      vertex 12.0972 35.4306 22.2
    endloop
  endfacet
  facet normal 0 0 1
    outer loop
      vertex 11.1732 35.7612 22.2
      vertex 11.1732 29.2388 22.2
      vertex 12.0972 29.5694 22.2
    endloop
  endfacet
  facet normal 0 0 1
    outer loop
      vertex 10.286 36.1808 22.2
      vertex 11.1732 29.2388 22.2
      vertex 11.1732 35.7612 22.2
    endloop
  endfacet
  facet normal 0 0 1
    outer loop
      vertex 10.286 36.1808 22.2
      vertex 10.286 28.8192 22.2
      vertex 11.1732 29.2388 22.2
    endloop
  endfacet
  facet normal 0 0 1
    outer loop
      vertex 9.44429 36.6853 22.2
      vertex 10.286 28.8192 22.2
      vertex 10.286 36.1808 22.2
    endloop
  endfacet
  facet normal 0 0 1
    outer loop
      vertex 9.44429 36.6853 22.2
      vertex 9.44429 28.3147 22.2
      vertex 10.286 28.8192 22.2
    endloop
  endfacet
  facet normal 0 0 1
    outer loop
      vertex 8.65607 37.2699 22.2
      vertex 9.44429 28.3147 22.2
      vertex 9.44429 36.6853 22.2
    endloop
  endfacet
  facet normal 0 0 1
    outer loop
      vertex 8.65607 37.2699 22.2
      vertex 8.65607 27.7301 22.2
      vertex 9.44429 28.3147 22.2
    endloop
  endfacet
  facet normal 0 0 1
    outer loop
      vertex 7.92892 37.9289 22.2
      vertex 8.65607 27.7301 22.2
      vertex 8.65607 37.2699 22.2
    endloop
  endfacet
  facet normal 0 0 1
    outer loop
      vertex 7.92892 37.9289 22.2
      vertex 7.92892 27.0711 22.2
      vertex 8.65607 27.7301 22.2
    endloop
  endfacet
  facet normal 0 0 1
    outer loop
      vertex 7.2699 38.6561 22.2
      vertex 7.92892 27.0711 22.2
      vertex 7.92892 37.9289 22.2
    endloop
  endfacet
  facet normal 0 0 1
    outer loop
      vertex 7.2699 38.6561 22.2
      vertex 7.2699 26.3439 22.2
      vertex 7.92892 27.0711 22.2
    endloop
  endfacet
  facet normal 0 0 1
    outer loop
      vertex 6.6853 39.4443 22.2
      vertex 7.2699 26.3439 22.2
      vertex 7.2699 38.6561 22.2
    endloop
  endfacet
  facet normal 0 0 1
    outer loop
      vertex 6.6853 39.4443 22.2
      vertex 6.6853 25.5557 22.2
      vertex 7.2699 26.3439 22.2
    endloop
  endfacet
  facet normal 0 0 1
    outer loop
      vertex 6.18079 40.286 22.2
      vertex 6.6853 25.5557 22.2
      vertex 6.6853 39.4443 22.2
    endloop
  endfacet
  facet normal 0 0 1
    outer loop
      vertex 6.18079 40.286 22.2
      vertex 6.18079 24.714 22.2
      vertex 6.6853 25.5557 22.2
    endloop
  endfacet
  facet normal 0 0 1
    outer loop
      vertex 5.7612 41.1732 22.2
      vertex 6.18079 24.714 22.2
      vertex 6.18079 40.286 22.2
    endloop
  endfacet
  facet normal 0 0 1
    outer loop
      vertex 5.7612 41.1732 22.2
      vertex 5.7612 23.8268 22.2
      vertex 6.18079 24.714 22.2
    endloop
  endfacet
  facet normal 0 0 1
    outer loop
      vertex 5.4306 42.0972 22.2
      vertex 5.7612 23.8268 22.2
      vertex 5.7612 41.1732 22.2
    endloop
  endfacet
  facet normal 0 0 1
    outer loop
      vertex 5.4306 42.0972 22.2
      vertex 5.4306 22.9028 22.2
      vertex 5.7612 23.8268 22.2
    endloop
  endfacet
  facet normal 0 0 1
    outer loop
      vertex 5.19215 43.0491 22.2
      vertex 5.4306 22.9028 22.2
      vertex 5.4306 42.0972 22.2
    endloop
  endfacet
  facet normal 0 0 1
    outer loop
      vertex 5.19215 43.0491 22.2
      vertex 5.19215 21.9509 22.2
      vertex 5.4306 22.9028 22.2
    endloop
  endfacet
  facet normal 0 0 1
    outer loop
      vertex 5.04816 44.0198 22.2
      vertex 5.19215 21.9509 22.2
      vertex 5.19215 43.0491 22.2
    endloop
  endfacet
  facet normal 0 0 1
    outer loop
      vertex 5.04816 44.0198 22.2
      vertex 5.04816 20.9802 22.2
      vertex 5.19215 21.9509 22.2
    endloop
  endfacet
  facet normal 0 0 1
    outer loop
      vertex 5 45 22.2
      vertex 5.04816 20.9802 22.2
      vertex 5.04816 44.0198 22.2
    endloop
  endfacet
  facet normal 0 0 1
    outer loop
      vertex 5.04816 20.9802 22.2
      vertex 5 45 22.2
      vertex 5 20 22.2
    endloop
  endfacet
  facet normal -0 0 1
    outer loop
      vertex 63.7754 74.1732 22.2
      vertex 67.2153 60.3035 22.2
      vertex 64.106 75.0972 22.2
    endloop
  endfacet
  facet normal 0 0 1
    outer loop
      vertex 67.2153 60.3035 22.2
      vertex 63.7754 74.1732 22.2
      vertex 66.4665 60.9379 22.2
    endloop
  endfacet
  facet normal -0 0 1
    outer loop
      vertex 63.3558 73.286 22.2
      vertex 66.4665 60.9379 22.2
      vertex 63.7754 74.1732 22.2
    endloop
  endfacet
  facet normal 0 0 1
    outer loop
      vertex 66.4665 60.9379 22.2
      vertex 63.3558 73.286 22.2
      vertex 65.6592 61.4958 22.2
    endloop
  endfacet
  facet normal -0 0 1
    outer loop
      vertex 62.8513 72.4443 22.2
      vertex 65.6592 61.4958 22.2
      vertex 63.3558 73.286 22.2
    endloop
  endfacet
  facet normal 0 0 1
    outer loop
      vertex 65.6592 61.4958 22.2
      vertex 62.8513 72.4443 22.2
      vertex 64.801 61.9719 22.2
    endloop
  endfacet
  facet normal -0 0 1
    outer loop
      vertex 62.2667 71.6561 22.2
      vertex 64.801 61.9719 22.2
      vertex 62.8513 72.4443 22.2
    endloop
  endfacet
  facet normal 0 0 1
    outer loop
      vertex 64.801 61.9719 22.2
      vertex 62.2667 71.6561 22.2
      vertex 63.9004 62.3616 22.2
    endloop
  endfacet
  facet normal -0 0 1
    outer loop
      vertex 61.6077 70.9289 22.2
      vertex 63.9004 62.3616 22.2
      vertex 62.2667 71.6561 22.2
    endloop
  endfacet
  facet normal 0 0 1
    outer loop
      vertex 63.9004 62.3616 22.2
      vertex 61.6077 70.9289 22.2
      vertex 62.9658 62.6611 22.2
    endloop
  endfacet
  facet normal -0 0 1
    outer loop
      vertex 60.8805 70.2699 22.2
      vertex 62.9658 62.6611 22.2
      vertex 61.6077 70.9289 22.2
    endloop
  endfacet
  facet normal 0 0 1
    outer loop
      vertex 62.9658 62.6611 22.2
      vertex 60.8805 70.2699 22.2
      vertex 62.0065 62.8676 22.2
    endloop
  endfacet
  facet normal -0 0 1
    outer loop
      vertex 60.0923 69.6853 22.2
      vertex 62.0065 62.8676 22.2
      vertex 60.8805 70.2699 22.2
    endloop
  endfacet
  facet normal 0 0 1
    outer loop
      vertex 62.0065 62.8676 22.2
      vertex 60.0923 69.6853 22.2
      vertex 61.0314 62.979 22.2
    endloop
  endfacet
  facet normal -0 0 1
    outer loop
      vertex 59.2506 69.1808 22.2
      vertex 61.0314 62.979 22.2
      vertex 60.0923 69.6853 22.2
    endloop
  endfacet
  facet normal 0 0 1
    outer loop
      vertex 61.0314 62.979 22.2
      vertex 59.2506 69.1808 22.2
      vertex 60.3845 63 22.2
    endloop
  endfacet
  facet normal -0 0 1
    outer loop
      vertex 58.3634 68.7612 22.2
      vertex 60.3845 63 22.2
      vertex 59.2506 69.1808 22.2
    endloop
  endfacet
  facet normal -0 0 1
    outer loop
      vertex 57.4394 68.4306 22.2
      vertex 60.3845 63 22.2
      vertex 58.3634 68.7612 22.2
    endloop
  endfacet
  facet normal -0 0 1
    outer loop
      vertex 56.4875 68.1922 22.2
      vertex 60.3845 63 22.2
      vertex 57.4394 68.4306 22.2
    endloop
  endfacet
  facet normal -0 0 1
    outer loop
      vertex 55.5168 68.0482 22.2
      vertex 60.3845 63 22.2
      vertex 56.4875 68.1922 22.2
    endloop
  endfacet
  facet normal -0 0 1
    outer loop
      vertex 54.5366 68 22.2
      vertex 60.3845 63 22.2
      vertex 55.5168 68.0482 22.2
    endloop
  endfacet
  facet normal 0 0 1
    outer loop
      vertex 15 63 22.2
      vertex 54.5366 68 22.2
      vertex 15 68 22.2
    endloop
  endfacet
  facet normal 0 0 1
    outer loop
      vertex 54.5366 68 22.2
      vertex 15 63 22.2
      vertex 60.3845 63 22.2
    endloop
  endfacet
  facet normal 0 0 1
    outer loop
      vertex 14.0198 68.0482 22.2
      vertex 15 63 22.2
      vertex 15 68 22.2
    endloop
  endfacet
  facet normal 0 0 1
    outer loop
      vertex 14.0198 68.0482 22.2
      vertex 14.0198 62.9518 22.2
      vertex 15 63 22.2
    endloop
  endfacet
  facet normal 0 0 1
    outer loop
      vertex 13.0491 68.1922 22.2
      vertex 14.0198 62.9518 22.2
      vertex 14.0198 68.0482 22.2
    endloop
  endfacet
  facet normal 0 0 1
    outer loop
      vertex 13.0491 68.1922 22.2
      vertex 13.0491 62.8078 22.2
      vertex 14.0198 62.9518 22.2
    endloop
  endfacet
  facet normal 0 0 1
    outer loop
      vertex 12.0972 68.4306 22.2
      vertex 13.0491 62.8078 22.2
      vertex 13.0491 68.1922 22.2
    endloop
  endfacet
  facet normal 0 0 1
    outer loop
      vertex 12.0972 68.4306 22.2
      vertex 12.0972 62.5694 22.2
      vertex 13.0491 62.8078 22.2
    endloop
  endfacet
  facet normal 0 0 1
    outer loop
      vertex 11.1732 68.7612 22.2
      vertex 12.0972 62.5694 22.2
      vertex 12.0972 68.4306 22.2
    endloop
  endfacet
  facet normal 0 0 1
    outer loop
      vertex 11.1732 68.7612 22.2
      vertex 11.1732 62.2388 22.2
      vertex 12.0972 62.5694 22.2
    endloop
  endfacet
  facet normal 0 0 1
    outer loop
      vertex 10.286 69.1808 22.2
      vertex 11.1732 62.2388 22.2
      vertex 11.1732 68.7612 22.2
    endloop
  endfacet
  facet normal 0 0 1
    outer loop
      vertex 10.286 69.1808 22.2
      vertex 10.286 61.8192 22.2
      vertex 11.1732 62.2388 22.2
    endloop
  endfacet
  facet normal 0 0 1
    outer loop
      vertex 9.44429 69.6853 22.2
      vertex 10.286 61.8192 22.2
      vertex 10.286 69.1808 22.2
    endloop
  endfacet
  facet normal 0 0 1
    outer loop
      vertex 9.44429 69.6853 22.2
      vertex 9.44429 61.3147 22.2
      vertex 10.286 61.8192 22.2
    endloop
  endfacet
  facet normal 0 0 1
    outer loop
      vertex 8.65607 70.2699 22.2
      vertex 9.44429 61.3147 22.2
      vertex 9.44429 69.6853 22.2
    endloop
  endfacet
  facet normal 0 0 1
    outer loop
      vertex 8.65607 70.2699 22.2
      vertex 8.65607 60.7301 22.2
      vertex 9.44429 61.3147 22.2
    endloop
  endfacet
  facet normal 0 0 1
    outer loop
      vertex 7.92892 70.9289 22.2
      vertex 8.65607 60.7301 22.2
      vertex 8.65607 70.2699 22.2
    endloop
  endfacet
  facet normal 0 0 1
    outer loop
      vertex 7.92892 70.9289 22.2
      vertex 7.92892 60.0711 22.2
      vertex 8.65607 60.7301 22.2
    endloop
  endfacet
  facet normal 0 0 1
    outer loop
      vertex 7.2699 71.6561 22.2
      vertex 7.92892 60.0711 22.2
      vertex 7.92892 70.9289 22.2
    endloop
  endfacet
  facet normal 0 0 1
    outer loop
      vertex 7.2699 71.6561 22.2
      vertex 7.2699 59.3439 22.2
      vertex 7.92892 60.0711 22.2
    endloop
  endfacet
  facet normal 0 0 1
    outer loop
      vertex 6.6853 72.4443 22.2
      vertex 7.2699 59.3439 22.2
      vertex 7.2699 71.6561 22.2
    endloop
  endfacet
  facet normal 0 0 1
    outer loop
      vertex 6.6853 72.4443 22.2
      vertex 6.6853 58.5557 22.2
      vertex 7.2699 59.3439 22.2
    endloop
  endfacet
  facet normal 0 0 1
    outer loop
      vertex 6.18079 73.286 22.2
      vertex 6.6853 58.5557 22.2
      vertex 6.6853 72.4443 22.2
    endloop
  endfacet
  facet normal 0 0 1
    outer loop
      vertex 6.18079 73.286 22.2
      vertex 6.18079 57.714 22.2
      vertex 6.6853 58.5557 22.2
    endloop
  endfacet
  facet normal 0 0 1
    outer loop
      vertex 5.7612 74.1732 22.2
      vertex 6.18079 57.714 22.2
      vertex 6.18079 73.286 22.2
    endloop
  endfacet
  facet normal 0 0 1
    outer loop
      vertex 5.7612 74.1732 22.2
      vertex 5.7612 56.8268 22.2
      vertex 6.18079 57.714 22.2
    endloop
  endfacet
  facet normal 0 0 1
    outer loop
      vertex 5.4306 75.0972 22.2
      vertex 5.7612 56.8268 22.2
      vertex 5.7612 74.1732 22.2
    endloop
  endfacet
  facet normal 0 0 1
    outer loop
      vertex 5.4306 75.0972 22.2
      vertex 5.4306 55.9028 22.2
      vertex 5.7612 56.8268 22.2
    endloop
  endfacet
  facet normal 0 0 1
    outer loop
      vertex 5.19215 76.0491 22.2
      vertex 5.4306 55.9028 22.2
      vertex 5.4306 75.0972 22.2
    endloop
  endfacet
  facet normal 0 0 1
    outer loop
      vertex 5.19215 76.0491 22.2
      vertex 5.19215 54.9509 22.2
      vertex 5.4306 55.9028 22.2
    endloop
  endfacet
  facet normal 0 0 1
    outer loop
      vertex 5.04816 77.0198 22.2
      vertex 5.19215 54.9509 22.2
      vertex 5.19215 76.0491 22.2
    endloop
  endfacet
  facet normal 0 0 1
    outer loop
      vertex 5.04816 77.0198 22.2
      vertex 5.04816 53.9802 22.2
      vertex 5.19215 54.9509 22.2
    endloop
  endfacet
  facet normal 0 0 1
    outer loop
      vertex 5 78 22.2
      vertex 5.04816 53.9802 22.2
      vertex 5.04816 77.0198 22.2
    endloop
  endfacet
  facet normal 0 0 1
    outer loop
      vertex 5.04816 53.9802 22.2
      vertex 5 78 22.2
      vertex 5 53 22.2
    endloop
  endfacet
  facet normal -0 0 1
    outer loop
      vertex 54.8865 112.173 22.2
      vertex 58.3264 98.3035 22.2
      vertex 55.2171 113.097 22.2
    endloop
  endfacet
  facet normal 0 0 1
    outer loop
      vertex 58.3264 98.3035 22.2
      vertex 54.8865 112.173 22.2
      vertex 57.5776 98.9379 22.2
    endloop
  endfacet
  facet normal -0 0 1
    outer loop
      vertex 54.4669 111.286 22.2
      vertex 57.5776 98.9379 22.2
      vertex 54.8865 112.173 22.2
    endloop
  endfacet
  facet normal 0 0 1
    outer loop
      vertex 57.5776 98.9379 22.2
      vertex 54.4669 111.286 22.2
      vertex 56.7703 99.4958 22.2
    endloop
  endfacet
  facet normal -0 0 1
    outer loop
      vertex 53.9624 110.444 22.2
      vertex 56.7703 99.4958 22.2
      vertex 54.4669 111.286 22.2
    endloop
  endfacet
  facet normal 0 0 1
    outer loop
      vertex 56.7703 99.4958 22.2
      vertex 53.9624 110.444 22.2
      vertex 55.9122 99.9719 22.2
    endloop
  endfacet
  facet normal -0 0 1
    outer loop
      vertex 53.3778 109.656 22.2
      vertex 55.9122 99.9719 22.2
      vertex 53.9624 110.444 22.2
    endloop
  endfacet
  facet normal 0 0 1
    outer loop
      vertex 55.9122 99.9719 22.2
      vertex 53.3778 109.656 22.2
      vertex 55.0115 100.362 22.2
    endloop
  endfacet
  facet normal -0 0 1
    outer loop
      vertex 52.7188 108.929 22.2
      vertex 55.0115 100.362 22.2
      vertex 53.3778 109.656 22.2
    endloop
  endfacet
  facet normal 0 0 1
    outer loop
      vertex 55.0115 100.362 22.2
      vertex 52.7188 108.929 22.2
      vertex 54.077 100.661 22.2
    endloop
  endfacet
  facet normal -0 0 1
    outer loop
      vertex 51.9916 108.27 22.2
      vertex 54.077 100.661 22.2
      vertex 52.7188 108.929 22.2
    endloop
  endfacet
  facet normal 0 0 1
    outer loop
      vertex 54.077 100.661 22.2
      vertex 51.9916 108.27 22.2
      vertex 53.1176 100.868 22.2
    endloop
  endfacet
  facet normal -0 0 1
    outer loop
      vertex 51.2034 107.685 22.2
      vertex 53.1176 100.868 22.2
      vertex 51.9916 108.27 22.2
    endloop
  endfacet
  facet normal 0 0 1
    outer loop
      vertex 53.1176 100.868 22.2
      vertex 51.2034 107.685 22.2
      vertex 52.1426 100.979 22.2
    endloop
  endfacet
  facet normal -0 0 1
    outer loop
      vertex 50.3617 107.181 22.2
      vertex 52.1426 100.979 22.2
      vertex 51.2034 107.685 22.2
    endloop
  endfacet
  facet normal 0 0 1
    outer loop
      vertex 52.1426 100.979 22.2
      vertex 50.3617 107.181 22.2
      vertex 51.4957 101 22.2
    endloop
  endfacet
  facet normal -0 0 1
    outer loop
      vertex 49.4745 106.761 22.2
      vertex 51.4957 101 22.2
      vertex 50.3617 107.181 22.2
    endloop
  endfacet
  facet normal -0 0 1
    outer loop
      vertex 48.5506 106.431 22.2
      vertex 51.4957 101 22.2
      vertex 49.4745 106.761 22.2
    endloop
  endfacet
  facet normal -0 0 1
    outer loop
      vertex 47.5986 106.192 22.2
      vertex 51.4957 101 22.2
      vertex 48.5506 106.431 22.2
    endloop
  endfacet
  facet normal -0 0 1
    outer loop
      vertex 46.6279 106.048 22.2
      vertex 51.4957 101 22.2
      vertex 47.5986 106.192 22.2
    endloop
  endfacet
  facet normal -0 0 1
    outer loop
      vertex 45.6477 106 22.2
      vertex 51.4957 101 22.2
      vertex 46.6279 106.048 22.2
    endloop
  endfacet
  facet normal 0 0 1
    outer loop
      vertex 15 101 22.2
      vertex 45.6477 106 22.2
      vertex 15 106 22.2
    endloop
  endfacet
  facet normal 0 0 1
    outer loop
      vertex 45.6477 106 22.2
      vertex 15 101 22.2
      vertex 51.4957 101 22.2
    endloop
  endfacet
  facet normal 0 0 1
    outer loop
      vertex 14.0198 106.048 22.2
      vertex 15 101 22.2
      vertex 15 106 22.2
    endloop
  endfacet
  facet normal 0 0 1
    outer loop
      vertex 14.0198 106.048 22.2
      vertex 14.0198 100.952 22.2
      vertex 15 101 22.2
    endloop
  endfacet
  facet normal 0 0 1
    outer loop
      vertex 13.0491 106.192 22.2
      vertex 14.0198 100.952 22.2
      vertex 14.0198 106.048 22.2
    endloop
  endfacet
  facet normal 0 0 1
    outer loop
      vertex 13.0491 106.192 22.2
      vertex 13.0491 100.808 22.2
      vertex 14.0198 100.952 22.2
    endloop
  endfacet
  facet normal 0 0 1
    outer loop
      vertex 12.0972 106.431 22.2
      vertex 13.0491 100.808 22.2
      vertex 13.0491 106.192 22.2
    endloop
  endfacet
  facet normal 0 0 1
    outer loop
      vertex 12.0972 106.431 22.2
      vertex 12.0972 100.569 22.2
      vertex 13.0491 100.808 22.2
    endloop
  endfacet
  facet normal 0 0 1
    outer loop
      vertex 11.1732 106.761 22.2
      vertex 12.0972 100.569 22.2
      vertex 12.0972 106.431 22.2
    endloop
  endfacet
  facet normal 0 0 1
    outer loop
      vertex 11.1732 106.761 22.2
      vertex 11.1732 100.239 22.2
      vertex 12.0972 100.569 22.2
    endloop
  endfacet
  facet normal 0 0 1
    outer loop
      vertex 10.286 107.181 22.2
      vertex 11.1732 100.239 22.2
      vertex 11.1732 106.761 22.2
    endloop
  endfacet
  facet normal 0 0 1
    outer loop
      vertex 10.286 107.181 22.2
      vertex 10.286 99.8192 22.2
      vertex 11.1732 100.239 22.2
    endloop
  endfacet
  facet normal 0 0 1
    outer loop
      vertex 9.44429 107.685 22.2
      vertex 10.286 99.8192 22.2
      vertex 10.286 107.181 22.2
    endloop
  endfacet
  facet normal 0 0 1
    outer loop
      vertex 9.44429 107.685 22.2
      vertex 9.44429 99.3147 22.2
      vertex 10.286 99.8192 22.2
    endloop
  endfacet
  facet normal 0 0 1
    outer loop
      vertex 8.65607 108.27 22.2
      vertex 9.44429 99.3147 22.2
      vertex 9.44429 107.685 22.2
    endloop
  endfacet
  facet normal 0 0 1
    outer loop
      vertex 8.65607 108.27 22.2
      vertex 8.65607 98.7301 22.2
      vertex 9.44429 99.3147 22.2
    endloop
  endfacet
  facet normal 0 0 1
    outer loop
      vertex 7.92892 108.929 22.2
      vertex 8.65607 98.7301 22.2
      vertex 8.65607 108.27 22.2
    endloop
  endfacet
  facet normal 0 0 1
    outer loop
      vertex 7.92892 108.929 22.2
      vertex 7.92892 98.0711 22.2
      vertex 8.65607 98.7301 22.2
    endloop
  endfacet
  facet normal 0 0 1
    outer loop
      vertex 7.2699 109.656 22.2
      vertex 7.92892 98.0711 22.2
      vertex 7.92892 108.929 22.2
    endloop
  endfacet
  facet normal 0 0 1
    outer loop
      vertex 7.2699 109.656 22.2
      vertex 7.2699 97.3439 22.2
      vertex 7.92892 98.0711 22.2
    endloop
  endfacet
  facet normal 0 0 1
    outer loop
      vertex 6.6853 110.444 22.2
      vertex 7.2699 97.3439 22.2
      vertex 7.2699 109.656 22.2
    endloop
  endfacet
  facet normal 0 0 1
    outer loop
      vertex 6.6853 110.444 22.2
      vertex 6.6853 96.5557 22.2
      vertex 7.2699 97.3439 22.2
    endloop
  endfacet
  facet normal 0 0 1
    outer loop
      vertex 6.18079 111.286 22.2
      vertex 6.6853 96.5557 22.2
      vertex 6.6853 110.444 22.2
    endloop
  endfacet
  facet normal 0 0 1
    outer loop
      vertex 6.18079 111.286 22.2
      vertex 6.18079 95.714 22.2
      vertex 6.6853 96.5557 22.2
    endloop
  endfacet
  facet normal 0 0 1
    outer loop
      vertex 5.7612 112.173 22.2
      vertex 6.18079 95.714 22.2
      vertex 6.18079 111.286 22.2
    endloop
  endfacet
  facet normal 0 0 1
    outer loop
      vertex 5.7612 112.173 22.2
      vertex 5.7612 94.8268 22.2
      vertex 6.18079 95.714 22.2
    endloop
  endfacet
  facet normal 0 0 1
    outer loop
      vertex 5.4306 113.097 22.2
      vertex 5.7612 94.8268 22.2
      vertex 5.7612 112.173 22.2
    endloop
  endfacet
  facet normal 0 0 1
    outer loop
      vertex 5.4306 113.097 22.2
      vertex 5.4306 93.9028 22.2
      vertex 5.7612 94.8268 22.2
    endloop
  endfacet
  facet normal 0 0 1
    outer loop
      vertex 5.19215 114.049 22.2
      vertex 5.4306 93.9028 22.2
      vertex 5.4306 113.097 22.2
    endloop
  endfacet
  facet normal 0 0 1
    outer loop
      vertex 5.19215 114.049 22.2
      vertex 5.19215 92.9509 22.2
      vertex 5.4306 93.9028 22.2
    endloop
  endfacet
  facet normal 0 0 1
    outer loop
      vertex 5.04816 115.02 22.2
      vertex 5.19215 92.9509 22.2
      vertex 5.19215 114.049 22.2
    endloop
  endfacet
  facet normal 0 0 1
    outer loop
      vertex 5.04816 115.02 22.2
      vertex 5.04816 91.9802 22.2
      vertex 5.19215 92.9509 22.2
    endloop
  endfacet
  facet normal 0 0 1
    outer loop
      vertex 5 116 22.2
      vertex 5.04816 91.9802 22.2
      vertex 5.04816 115.02 22.2
    endloop
  endfacet
  facet normal 0 0 1
    outer loop
      vertex 5.04816 91.9802 22.2
      vertex 5 116 22.2
      vertex 5 91 22.2
    endloop
  endfacet
  facet normal -0 0 1
    outer loop
      vertex 46.6994 147.173 22.2
      vertex 50.1392 133.304 22.2
      vertex 47.03 148.097 22.2
    endloop
  endfacet
  facet normal 0 0 1
    outer loop
      vertex 50.1392 133.304 22.2
      vertex 46.6994 147.173 22.2
      vertex 49.3905 133.938 22.2
    endloop
  endfacet
  facet normal -0 0 1
    outer loop
      vertex 46.2798 146.286 22.2
      vertex 49.3905 133.938 22.2
      vertex 46.6994 147.173 22.2
    endloop
  endfacet
  facet normal 0 0 1
    outer loop
      vertex 49.3905 133.938 22.2
      vertex 46.2798 146.286 22.2
      vertex 48.5831 134.496 22.2
    endloop
  endfacet
  facet normal -0 0 1
    outer loop
      vertex 45.7753 145.444 22.2
      vertex 48.5831 134.496 22.2
      vertex 46.2798 146.286 22.2
    endloop
  endfacet
  facet normal 0 0 1
    outer loop
      vertex 48.5831 134.496 22.2
      vertex 45.7753 145.444 22.2
      vertex 47.725 134.972 22.2
    endloop
  endfacet
  facet normal -0 0 1
    outer loop
      vertex 45.1907 144.656 22.2
      vertex 47.725 134.972 22.2
      vertex 45.7753 145.444 22.2
    endloop
  endfacet
  facet normal 0 0 1
    outer loop
      vertex 47.725 134.972 22.2
      vertex 45.1907 144.656 22.2
      vertex 46.8243 135.362 22.2
    endloop
  endfacet
  facet normal -0 0 1
    outer loop
      vertex 44.5316 143.929 22.2
      vertex 46.8243 135.362 22.2
      vertex 45.1907 144.656 22.2
    endloop
  endfacet
  facet normal 0 0 1
    outer loop
      vertex 46.8243 135.362 22.2
      vertex 44.5316 143.929 22.2
      vertex 45.8898 135.661 22.2
    endloop
  endfacet
  facet normal -0 0 1
    outer loop
      vertex 43.8045 143.27 22.2
      vertex 45.8898 135.661 22.2
      vertex 44.5316 143.929 22.2
    endloop
  endfacet
  facet normal 0 0 1
    outer loop
      vertex 45.8898 135.661 22.2
      vertex 43.8045 143.27 22.2
      vertex 44.9304 135.868 22.2
    endloop
  endfacet
  facet normal -0 0 1
    outer loop
      vertex 43.0163 142.685 22.2
      vertex 44.9304 135.868 22.2
      vertex 43.8045 143.27 22.2
    endloop
  endfacet
  facet normal 0 0 1
    outer loop
      vertex 44.9304 135.868 22.2
      vertex 43.0163 142.685 22.2
      vertex 43.9554 135.979 22.2
    endloop
  endfacet
  facet normal -0 0 1
    outer loop
      vertex 42.1745 142.181 22.2
      vertex 43.9554 135.979 22.2
      vertex 43.0163 142.685 22.2
    endloop
  endfacet
  facet normal 0 0 1
    outer loop
      vertex 43.9554 135.979 22.2
      vertex 42.1745 142.181 22.2
      vertex 43.3085 136 22.2
    endloop
  endfacet
  facet normal -0 0 1
    outer loop
      vertex 41.2874 141.761 22.2
      vertex 43.3085 136 22.2
      vertex 42.1745 142.181 22.2
    endloop
  endfacet
  facet normal -0 0 1
    outer loop
      vertex 40.3634 141.431 22.2
      vertex 43.3085 136 22.2
      vertex 41.2874 141.761 22.2
    endloop
  endfacet
  facet normal -0 0 1
    outer loop
      vertex 39.4115 141.192 22.2
      vertex 43.3085 136 22.2
      vertex 40.3634 141.431 22.2
    endloop
  endfacet
  facet normal -0 0 1
    outer loop
      vertex 38.4408 141.048 22.2
      vertex 43.3085 136 22.2
      vertex 39.4115 141.192 22.2
    endloop
  endfacet
  facet normal -0 0 1
    outer loop
      vertex 37.4606 141 22.2
      vertex 43.3085 136 22.2
      vertex 38.4408 141.048 22.2
    endloop
  endfacet
  facet normal 0 0 1
    outer loop
      vertex 15 136 22.2
      vertex 37.4606 141 22.2
      vertex 15 141 22.2
    endloop
  endfacet
  facet normal 0 0 1
    outer loop
      vertex 37.4606 141 22.2
      vertex 15 136 22.2
      vertex 43.3085 136 22.2
    endloop
  endfacet
  facet normal 0 0 1
    outer loop
      vertex 14.0198 141.048 22.2
      vertex 15 136 22.2
      vertex 15 141 22.2
    endloop
  endfacet
  facet normal 0 0 1
    outer loop
      vertex 14.0198 141.048 22.2
      vertex 14.0198 135.952 22.2
      vertex 15 136 22.2
    endloop
  endfacet
  facet normal 0 0 1
    outer loop
      vertex 13.0491 141.192 22.2
      vertex 14.0198 135.952 22.2
      vertex 14.0198 141.048 22.2
    endloop
  endfacet
  facet normal 0 0 1
    outer loop
      vertex 13.0491 141.192 22.2
      vertex 13.0491 135.808 22.2
      vertex 14.0198 135.952 22.2
    endloop
  endfacet
  facet normal 0 0 1
    outer loop
      vertex 12.0972 141.431 22.2
      vertex 13.0491 135.808 22.2
      vertex 13.0491 141.192 22.2
    endloop
  endfacet
  facet normal 0 0 1
    outer loop
      vertex 12.0972 141.431 22.2
      vertex 12.0972 135.569 22.2
      vertex 13.0491 135.808 22.2
    endloop
  endfacet
  facet normal 0 0 1
    outer loop
      vertex 11.1732 141.761 22.2
      vertex 12.0972 135.569 22.2
      vertex 12.0972 141.431 22.2
    endloop
  endfacet
  facet normal 0 0 1
    outer loop
      vertex 11.1732 141.761 22.2
      vertex 11.1732 135.239 22.2
      vertex 12.0972 135.569 22.2
    endloop
  endfacet
  facet normal 0 0 1
    outer loop
      vertex 10.286 142.181 22.2
      vertex 11.1732 135.239 22.2
      vertex 11.1732 141.761 22.2
    endloop
  endfacet
  facet normal 0 0 1
    outer loop
      vertex 10.286 142.181 22.2
      vertex 10.286 134.819 22.2
      vertex 11.1732 135.239 22.2
    endloop
  endfacet
  facet normal 0 0 1
    outer loop
      vertex 9.44429 142.685 22.2
      vertex 10.286 134.819 22.2
      vertex 10.286 142.181 22.2
    endloop
  endfacet
  facet normal 0 0 1
    outer loop
      vertex 9.44429 142.685 22.2
      vertex 9.44429 134.315 22.2
      vertex 10.286 134.819 22.2
    endloop
  endfacet
  facet normal 0 0 1
    outer loop
      vertex 8.65607 143.27 22.2
      vertex 9.44429 134.315 22.2
      vertex 9.44429 142.685 22.2
    endloop
  endfacet
  facet normal 0 0 1
    outer loop
      vertex 8.65607 143.27 22.2
      vertex 8.65607 133.73 22.2
      vertex 9.44429 134.315 22.2
    endloop
  endfacet
  facet normal 0 0 1
    outer loop
      vertex 7.92892 143.929 22.2
      vertex 8.65607 133.73 22.2
      vertex 8.65607 143.27 22.2
    endloop
  endfacet
  facet normal 0 0 1
    outer loop
      vertex 7.92892 143.929 22.2
      vertex 7.92892 133.071 22.2
      vertex 8.65607 133.73 22.2
    endloop
  endfacet
  facet normal 0 0 1
    outer loop
      vertex 7.2699 144.656 22.2
      vertex 7.92892 133.071 22.2
      vertex 7.92892 143.929 22.2
    endloop
  endfacet
  facet normal 0 0 1
    outer loop
      vertex 7.2699 144.656 22.2
      vertex 7.2699 132.344 22.2
      vertex 7.92892 133.071 22.2
    endloop
  endfacet
  facet normal 0 0 1
    outer loop
      vertex 6.6853 145.444 22.2
      vertex 7.2699 132.344 22.2
      vertex 7.2699 144.656 22.2
    endloop
  endfacet
  facet normal 0 0 1
    outer loop
      vertex 6.6853 145.444 22.2
      vertex 6.6853 131.556 22.2
      vertex 7.2699 132.344 22.2
    endloop
  endfacet
  facet normal 0 0 1
    outer loop
      vertex 6.18079 146.286 22.2
      vertex 6.6853 131.556 22.2
      vertex 6.6853 145.444 22.2
    endloop
  endfacet
  facet normal 0 0 1
    outer loop
      vertex 6.18079 146.286 22.2
      vertex 6.18079 130.714 22.2
      vertex 6.6853 131.556 22.2
    endloop
  endfacet
  facet normal 0 0 1
    outer loop
      vertex 5.7612 147.173 22.2
      vertex 6.18079 130.714 22.2
      vertex 6.18079 146.286 22.2
    endloop
  endfacet
  facet normal 0 0 1
    outer loop
      vertex 5.7612 147.173 22.2
      vertex 5.7612 129.827 22.2
      vertex 6.18079 130.714 22.2
    endloop
  endfacet
  facet normal 0 0 1
    outer loop
      vertex 5.4306 148.097 22.2
      vertex 5.7612 129.827 22.2
      vertex 5.7612 147.173 22.2
    endloop
  endfacet
  facet normal 0 0 1
    outer loop
      vertex 5.4306 148.097 22.2
      vertex 5.4306 128.903 22.2
      vertex 5.7612 129.827 22.2
    endloop
  endfacet
  facet normal 0 0 1
    outer loop
      vertex 5.19215 149.049 22.2
      vertex 5.4306 128.903 22.2
      vertex 5.4306 148.097 22.2
    endloop
  endfacet
  facet normal 0 0 1
    outer loop
      vertex 5.19215 149.049 22.2
      vertex 5.19215 127.951 22.2
      vertex 5.4306 128.903 22.2
    endloop
  endfacet
  facet normal 0 0 1
    outer loop
      vertex 5.04816 150.02 22.2
      vertex 5.19215 127.951 22.2
      vertex 5.19215 149.049 22.2
    endloop
  endfacet
  facet normal 0 0 1
    outer loop
      vertex 5.04816 150.02 22.2
      vertex 5.04816 126.98 22.2
      vertex 5.19215 127.951 22.2
    endloop
  endfacet
  facet normal 0 0 1
    outer loop
      vertex 5 151 22.2
      vertex 5.04816 126.98 22.2
      vertex 5.04816 150.02 22.2
    endloop
  endfacet
  facet normal 0 0 1
    outer loop
      vertex 5.04816 126.98 22.2
      vertex 5 151 22.2
      vertex 5 126 22.2
    endloop
  endfacet
  facet normal 0 0 1
    outer loop
      vertex 46 0 22.2
      vertex 41 20 22.2
      vertex 41 0 22.2
    endloop
  endfacet
  facet normal -0 0 1
    outer loop
      vertex 38.5122 182.173 22.2
      vertex 41.9521 168.304 22.2
      vertex 38.8428 183.097 22.2
    endloop
  endfacet
  facet normal 0 0 1
    outer loop
      vertex 41.9521 168.304 22.2
      vertex 38.5122 182.173 22.2
      vertex 41.2033 168.938 22.2
    endloop
  endfacet
  facet normal -0 0 1
    outer loop
      vertex 38.0927 181.286 22.2
      vertex 41.2033 168.938 22.2
      vertex 38.5122 182.173 22.2
    endloop
  endfacet
  facet normal 0 0 1
    outer loop
      vertex 41.2033 168.938 22.2
      vertex 38.0927 181.286 22.2
      vertex 40.396 169.496 22.2
    endloop
  endfacet
  facet normal -0 0 1
    outer loop
      vertex 37.5881 180.444 22.2
      vertex 40.396 169.496 22.2
      vertex 38.0927 181.286 22.2
    endloop
  endfacet
  facet normal 0 0 1
    outer loop
      vertex 40.396 169.496 22.2
      vertex 37.5881 180.444 22.2
      vertex 39.5379 169.972 22.2
    endloop
  endfacet
  facet normal -0 0 1
    outer loop
      vertex 37.0035 179.656 22.2
      vertex 39.5379 169.972 22.2
      vertex 37.5881 180.444 22.2
    endloop
  endfacet
  facet normal 0 0 1
    outer loop
      vertex 39.5379 169.972 22.2
      vertex 37.0035 179.656 22.2
      vertex 38.6372 170.362 22.2
    endloop
  endfacet
  facet normal -0 0 1
    outer loop
      vertex 36.3445 178.929 22.2
      vertex 38.6372 170.362 22.2
      vertex 37.0035 179.656 22.2
    endloop
  endfacet
  facet normal 0 0 1
    outer loop
      vertex 38.6372 170.362 22.2
      vertex 36.3445 178.929 22.2
      vertex 37.7027 170.661 22.2
    endloop
  endfacet
  facet normal -0 0 1
    outer loop
      vertex 35.6174 178.27 22.2
      vertex 37.7027 170.661 22.2
      vertex 36.3445 178.929 22.2
    endloop
  endfacet
  facet normal 0 0 1
    outer loop
      vertex 37.7027 170.661 22.2
      vertex 35.6174 178.27 22.2
      vertex 36.7433 170.868 22.2
    endloop
  endfacet
  facet normal -0 0 1
    outer loop
      vertex 34.8291 177.685 22.2
      vertex 36.7433 170.868 22.2
      vertex 35.6174 178.27 22.2
    endloop
  endfacet
  facet normal 0 0 1
    outer loop
      vertex 36.7433 170.868 22.2
      vertex 34.8291 177.685 22.2
      vertex 35.7683 170.979 22.2
    endloop
  endfacet
  facet normal -0 0 1
    outer loop
      vertex 33.9874 177.181 22.2
      vertex 35.7683 170.979 22.2
      vertex 34.8291 177.685 22.2
    endloop
  endfacet
  facet normal 0 0 1
    outer loop
      vertex 35.7683 170.979 22.2
      vertex 33.9874 177.181 22.2
      vertex 35.1214 171 22.2
    endloop
  endfacet
  facet normal -0 0 1
    outer loop
      vertex 33.1003 176.761 22.2
      vertex 35.1214 171 22.2
      vertex 33.9874 177.181 22.2
    endloop
  endfacet
  facet normal -0 0 1
    outer loop
      vertex 32.1763 176.431 22.2
      vertex 35.1214 171 22.2
      vertex 33.1003 176.761 22.2
    endloop
  endfacet
  facet normal -0 0 1
    outer loop
      vertex 31.2243 176.192 22.2
      vertex 35.1214 171 22.2
      vertex 32.1763 176.431 22.2
    endloop
  endfacet
  facet normal -0 0 1
    outer loop
      vertex 30.2536 176.048 22.2
      vertex 35.1214 171 22.2
      vertex 31.2243 176.192 22.2
    endloop
  endfacet
  facet normal -0 0 1
    outer loop
      vertex 29.2734 176 22.2
      vertex 35.1214 171 22.2
      vertex 30.2536 176.048 22.2
    endloop
  endfacet
  facet normal 0 0 1
    outer loop
      vertex 15 171 22.2
      vertex 29.2734 176 22.2
      vertex 15 176 22.2
    endloop
  endfacet
  facet normal 0 0 1
    outer loop
      vertex 29.2734 176 22.2
      vertex 15 171 22.2
      vertex 35.1214 171 22.2
    endloop
  endfacet
  facet normal 0 0 1
    outer loop
      vertex 14.0198 176.048 22.2
      vertex 15 171 22.2
      vertex 15 176 22.2
    endloop
  endfacet
  facet normal 0 0 1
    outer loop
      vertex 14.0198 176.048 22.2
      vertex 14.0198 170.952 22.2
      vertex 15 171 22.2
    endloop
  endfacet
  facet normal 0 0 1
    outer loop
      vertex 13.0491 176.192 22.2
      vertex 14.0198 170.952 22.2
      vertex 14.0198 176.048 22.2
    endloop
  endfacet
  facet normal 0 0 1
    outer loop
      vertex 13.0491 176.192 22.2
      vertex 13.0491 170.808 22.2
      vertex 14.0198 170.952 22.2
    endloop
  endfacet
  facet normal 0 0 1
    outer loop
      vertex 12.0972 176.431 22.2
      vertex 13.0491 170.808 22.2
      vertex 13.0491 176.192 22.2
    endloop
  endfacet
  facet normal 0 0 1
    outer loop
      vertex 12.0972 176.431 22.2
      vertex 12.0972 170.569 22.2
      vertex 13.0491 170.808 22.2
    endloop
  endfacet
  facet normal 0 0 1
    outer loop
      vertex 11.1732 176.761 22.2
      vertex 12.0972 170.569 22.2
      vertex 12.0972 176.431 22.2
    endloop
  endfacet
  facet normal 0 0 1
    outer loop
      vertex 11.1732 176.761 22.2
      vertex 11.1732 170.239 22.2
      vertex 12.0972 170.569 22.2
    endloop
  endfacet
  facet normal 0 0 1
    outer loop
      vertex 10.286 177.181 22.2
      vertex 11.1732 170.239 22.2
      vertex 11.1732 176.761 22.2
    endloop
  endfacet
  facet normal 0 0 1
    outer loop
      vertex 10.286 177.181 22.2
      vertex 10.286 169.819 22.2
      vertex 11.1732 170.239 22.2
    endloop
  endfacet
  facet normal 0 0 1
    outer loop
      vertex 9.44429 177.685 22.2
      vertex 10.286 169.819 22.2
      vertex 10.286 177.181 22.2
    endloop
  endfacet
  facet normal 0 0 1
    outer loop
      vertex 9.44429 177.685 22.2
      vertex 9.44429 169.315 22.2
      vertex 10.286 169.819 22.2
    endloop
  endfacet
  facet normal 0 0 1
    outer loop
      vertex 8.65607 178.27 22.2
      vertex 9.44429 169.315 22.2
      vertex 9.44429 177.685 22.2
    endloop
  endfacet
  facet normal 0 0 1
    outer loop
      vertex 8.65607 178.27 22.2
      vertex 8.65607 168.73 22.2
      vertex 9.44429 169.315 22.2
    endloop
  endfacet
  facet normal 0 0 1
    outer loop
      vertex 7.92892 178.929 22.2
      vertex 8.65607 168.73 22.2
      vertex 8.65607 178.27 22.2
    endloop
  endfacet
  facet normal 0 0 1
    outer loop
      vertex 7.92892 178.929 22.2
      vertex 7.92892 168.071 22.2
      vertex 8.65607 168.73 22.2
    endloop
  endfacet
  facet normal 0 0 1
    outer loop
      vertex 7.2699 179.656 22.2
      vertex 7.92892 168.071 22.2
      vertex 7.92892 178.929 22.2
    endloop
  endfacet
  facet normal 0 0 1
    outer loop
      vertex 7.2699 179.656 22.2
      vertex 7.2699 167.344 22.2
      vertex 7.92892 168.071 22.2
    endloop
  endfacet
  facet normal 0 0 1
    outer loop
      vertex 6.6853 180.444 22.2
      vertex 7.2699 167.344 22.2
      vertex 7.2699 179.656 22.2
    endloop
  endfacet
  facet normal 0 0 1
    outer loop
      vertex 6.6853 180.444 22.2
      vertex 6.6853 166.556 22.2
      vertex 7.2699 167.344 22.2
    endloop
  endfacet
  facet normal 0 0 1
    outer loop
      vertex 6.18079 181.286 22.2
      vertex 6.6853 166.556 22.2
      vertex 6.6853 180.444 22.2
    endloop
  endfacet
  facet normal 0 0 1
    outer loop
      vertex 6.18079 181.286 22.2
      vertex 6.18079 165.714 22.2
      vertex 6.6853 166.556 22.2
    endloop
  endfacet
  facet normal 0 0 1
    outer loop
      vertex 5.7612 182.173 22.2
      vertex 6.18079 165.714 22.2
      vertex 6.18079 181.286 22.2
    endloop
  endfacet
  facet normal 0 0 1
    outer loop
      vertex 5.7612 182.173 22.2
      vertex 5.7612 164.827 22.2
      vertex 6.18079 165.714 22.2
    endloop
  endfacet
  facet normal 0 0 1
    outer loop
      vertex 5.4306 183.097 22.2
      vertex 5.7612 164.827 22.2
      vertex 5.7612 182.173 22.2
    endloop
  endfacet
  facet normal 0 0 1
    outer loop
      vertex 5.4306 183.097 22.2
      vertex 5.4306 163.903 22.2
      vertex 5.7612 164.827 22.2
    endloop
  endfacet
  facet normal 0 0 1
    outer loop
      vertex 5.19215 184.049 22.2
      vertex 5.4306 163.903 22.2
      vertex 5.4306 183.097 22.2
    endloop
  endfacet
  facet normal 0 0 1
    outer loop
      vertex 5.19215 184.049 22.2
      vertex 5.19215 162.951 22.2
      vertex 5.4306 163.903 22.2
    endloop
  endfacet
  facet normal 0 0 1
    outer loop
      vertex 5.04816 185.02 22.2
      vertex 5.19215 162.951 22.2
      vertex 5.19215 184.049 22.2
    endloop
  endfacet
  facet normal 0 0 1
    outer loop
      vertex 5.04816 185.02 22.2
      vertex 5.04816 161.98 22.2
      vertex 5.19215 162.951 22.2
    endloop
  endfacet
  facet normal 0 0 1
    outer loop
      vertex 5 186 22.2
      vertex 5.04816 161.98 22.2
      vertex 5.04816 185.02 22.2
    endloop
  endfacet
  facet normal 0 0 1
    outer loop
      vertex 5.04816 161.98 22.2
      vertex 5 186 22.2
      vertex 5 161 22.2
    endloop
  endfacet
  facet normal 0 1 0
    outer loop
      vertex 40 206 22.2
      vertex 34.865 206 9
      vertex 34.865 206 22.2
    endloop
  endfacet
  facet normal 0 1 0
    outer loop
      vertex 40 206 0
      vertex 34.2469 206 8.39812
      vertex 34.865 206 9
    endloop
  endfacet
  facet normal 0 1 0
    outer loop
      vertex 0 206 0
      vertex 30.757 206 5
      vertex 40 206 0
    endloop
  endfacet
  facet normal 0 1 0
    outer loop
      vertex 34.2469 206 8.39812
      vertex 40 206 0
      vertex 30.757 206 5
    endloop
  endfacet
  facet normal 0 1 -0
    outer loop
      vertex 40 206 0
      vertex 34.865 206 9
      vertex 40 206 22.2
    endloop
  endfacet
  facet normal 0 1 -0
    outer loop
      vertex 5 206 9
      vertex 0 206 22.2
      vertex 5 206 22.2
    endloop
  endfacet
  facet normal 0 1 0
    outer loop
      vertex 5 206 9
      vertex 0 206 0
      vertex 0 206 22.2
    endloop
  endfacet
  facet normal 0 1 0
    outer loop
      vertex 9 206 5
      vertex 0 206 0
      vertex 5 206 9
    endloop
  endfacet
  facet normal 0 1 0
    outer loop
      vertex 30.757 206 5
      vertex 0 206 0
      vertex 9 206 5
    endloop
  endfacet
  facet normal 1 -0 0
    outer loop
      vertex 80 0 22.2
      vertex 80 35 0
      vertex 80 35 22.2
    endloop
  endfacet
  facet normal 1 0 0
    outer loop
      vertex 80 35 0
      vertex 80 0 22.2
      vertex 80 0 0
    endloop
  endfacet
  facet normal 0.973715 0.22777 0
    outer loop
      vertex 80 35 22.2
      vertex 40 206 0
      vertex 40 206 22.2
    endloop
  endfacet
  facet normal 0.973715 0.22777 0
    outer loop
      vertex 40 206 0
      vertex 80 35 22.2
      vertex 80 35 0
    endloop
  endfacet
  facet normal 0 -1 0
    outer loop
      vertex 69.65 0 5
      vertex 69.65 0 0.509999
      vertex 73 0 5
    endloop
  endfacet
  facet normal 0 -1 0
    outer loop
      vertex 77 0 9
      vertex 80 0 22.2
      vertex 77 0 22.2
    endloop
  endfacet
  facet normal 0 -1 0
    outer loop
      vertex 70.16 0 0
      vertex 73 0 5
      vertex 69.65 0 0.509999
    endloop
  endfacet
  facet normal 0 -1 0
    outer loop
      vertex 80 0 0
      vertex 73 0 5
      vertex 70.16 0 0
    endloop
  endfacet
  facet normal 0 -1 0
    outer loop
      vertex 77 0 9
      vertex 80 0 0
      vertex 80 0 22.2
    endloop
  endfacet
  facet normal 0 -1 0
    outer loop
      vertex 73 0 5
      vertex 80 0 0
      vertex 77 0 9
    endloop
  endfacet
  facet normal 0 -1 0
    outer loop
      vertex 0 0 22.2
      vertex 5 0 9
      vertex 5 0 22.2
    endloop
  endfacet
  facet normal 0 -1 0
    outer loop
      vertex 9 0 5
      vertex 12.35 0 0.509999
      vertex 12.35 0 5
    endloop
  endfacet
  facet normal 0 -1 0
    outer loop
      vertex 0 0 0
      vertex 9 0 5
      vertex 5 0 9
    endloop
  endfacet
  facet normal 0 -1 0
    outer loop
      vertex 0 0 0
      vertex 5 0 9
      vertex 0 0 22.2
    endloop
  endfacet
  facet normal 0 -1 -0
    outer loop
      vertex 9 0 5
      vertex 0 0 0
      vertex 11.84 0 0
    endloop
  endfacet
  facet normal 0 -1 0
    outer loop
      vertex 9 0 5
      vertex 11.84 0 0
      vertex 12.35 0 0.509999
    endloop
  endfacet
  facet normal 0 -1 0
    outer loop
      vertex 16.16 0 0
      vertex 37 0 5
      vertex 15.65 0 5
    endloop
  endfacet
  facet normal 0 -1 0
    outer loop
      vertex 65.84 0 0
      vertex 37 0 5
      vertex 16.16 0 0
    endloop
  endfacet
  facet normal 0 -1 0
    outer loop
      vertex 16.16 0 0
      vertex 15.65 0 5
      vertex 15.65 0 0.509999
    endloop
  endfacet
  facet normal 0 -1 0
    outer loop
      vertex 37 0 5
      vertex 65.84 0 0
      vertex 50 0 5
    endloop
  endfacet
  facet normal 0 -1 0
    outer loop
      vertex 50 0 5
      vertex 65.84 0 0
      vertex 66.35 0 5
    endloop
  endfacet
  facet normal 0 -1 -0
    outer loop
      vertex 66.35 0 5
      vertex 65.84 0 0
      vertex 66.35 0 0.509999
    endloop
  endfacet
  facet normal 0 -1 0
    outer loop
      vertex 41 0 9
      vertex 46 0 22.2
      vertex 41 0 22.2
    endloop
  endfacet
  facet normal 0 -1 0
    outer loop
      vertex 41 0 9
      vertex 46 0 9
      vertex 46 0 22.2
    endloop
  endfacet
  facet normal 0 -1 0
    outer loop
      vertex 37 0 5
      vertex 46 0 9
      vertex 41 0 9
    endloop
  endfacet
  facet normal 0 -1 -0
    outer loop
      vertex 46 0 9
      vertex 37 0 5
      vertex 50 0 5
    endloop
  endfacet
  facet normal -1 0 0
    outer loop
      vertex 0 206 0
      vertex 0 197.25 11.2
      vertex 0 206 22.2
    endloop
  endfacet
  facet normal -1 0 0
    outer loop
      vertex 0 206 0
      vertex 0 197.239 10.9795
      vertex 0 197.25 11.2
    endloop
  endfacet
  facet normal -1 0 0
    outer loop
      vertex 0 206 0
      vertex 0 197.207 10.761
      vertex 0 197.239 10.9795
    endloop
  endfacet
  facet normal -1 0 0
    outer loop
      vertex 0 206 0
      vertex 0 197.153 10.5469
      vertex 0 197.207 10.761
    endloop
  endfacet
  facet normal -1 0 0
    outer loop
      vertex 0 206 0
      vertex 0 197.079 10.339
      vertex 0 197.153 10.5469
    endloop
  endfacet
  facet normal -1 0 0
    outer loop
      vertex 0 206 0
      vertex 0 196.984 10.1394
      vertex 0 197.079 10.339
    endloop
  endfacet
  facet normal -1 0 0
    outer loop
      vertex 0 206 0
      vertex 0 196.871 9.94997
      vertex 0 196.984 10.1394
    endloop
  endfacet
  facet normal -1 0 0
    outer loop
      vertex 0 206 0
      vertex 0 196.739 9.77262
      vertex 0 196.871 9.94997
    endloop
  endfacet
  facet normal -1 0 0
    outer loop
      vertex 0 206 0
      vertex 0 196.591 9.60901
      vertex 0 196.739 9.77262
    endloop
  endfacet
  facet normal -1 0 0
    outer loop
      vertex 0 206 0
      vertex 0 196.427 9.46073
      vertex 0 196.591 9.60901
    endloop
  endfacet
  facet normal -1 0 0
    outer loop
      vertex 0 206 0
      vertex 0 196.25 9.32919
      vertex 0 196.427 9.46073
    endloop
  endfacet
  facet normal -1 0 0
    outer loop
      vertex 0 206 0
      vertex 0 196.061 9.21568
      vertex 0 196.25 9.32919
    endloop
  endfacet
  facet normal -1 0 0
    outer loop
      vertex 0 206 0
      vertex 0 195.861 9.12127
      vertex 0 196.061 9.21568
    endloop
  endfacet
  facet normal -1 0 0
    outer loop
      vertex 0 206 0
      vertex 0 195.653 9.04688
      vertex 0 195.861 9.12127
    endloop
  endfacet
  facet normal -1 0 0
    outer loop
      vertex 0 206 0
      vertex 0 195.439 8.99323
      vertex 0 195.653 9.04688
    endloop
  endfacet
  facet normal -1 0 0
    outer loop
      vertex 0 206 0
      vertex 0 195.221 8.96083
      vertex 0 195.439 8.99323
    endloop
  endfacet
  facet normal -1 0 0
    outer loop
      vertex 0 206 0
      vertex 0 195 8.95
      vertex 0 195.221 8.96083
    endloop
  endfacet
  facet normal -1 0 0
    outer loop
      vertex 0 206 0
      vertex 0 194.779 8.96083
      vertex 0 195 8.95
    endloop
  endfacet
  facet normal -1 0 0
    outer loop
      vertex 0 206 0
      vertex 0 194.561 8.99323
      vertex 0 194.779 8.96083
    endloop
  endfacet
  facet normal -1 0 0
    outer loop
      vertex 0 206 0
      vertex 0 194.347 9.04688
      vertex 0 194.561 8.99323
    endloop
  endfacet
  facet normal -1 0 0
    outer loop
      vertex 0 206 0
      vertex 0 194.139 9.12127
      vertex 0 194.347 9.04688
    endloop
  endfacet
  facet normal -1 0 0
    outer loop
      vertex 0 206 0
      vertex 0 193.939 9.21568
      vertex 0 194.139 9.12127
    endloop
  endfacet
  facet normal -1 0 0
    outer loop
      vertex 0 206 0
      vertex 0 193.75 9.32919
      vertex 0 193.939 9.21568
    endloop
  endfacet
  facet normal -1 0 0
    outer loop
      vertex 0 79.25 9.32919
      vertex 0 193.75 9.32919
      vertex 0 206 0
    endloop
  endfacet
  facet normal -1 0 0
    outer loop
      vertex 0 192.761 10.9795
      vertex 0 80.25 11.2
      vertex 0 192.75 11.2
    endloop
  endfacet
  facet normal -1 0 0
    outer loop
      vertex 0 80.2392 10.9795
      vertex 0 192.761 10.9795
      vertex 0 192.793 10.761
    endloop
  endfacet
  facet normal -1 0 0
    outer loop
      vertex 0 80.2068 10.761
      vertex 0 192.793 10.761
      vertex 0 192.847 10.5469
    endloop
  endfacet
  facet normal -1 0 0
    outer loop
      vertex 0 80.1531 10.5469
      vertex 0 192.847 10.5469
      vertex 0 192.921 10.339
    endloop
  endfacet
  facet normal -1 0 0
    outer loop
      vertex 0 80.0787 10.339
      vertex 0 192.921 10.339
      vertex 0 193.016 10.1394
    endloop
  endfacet
  facet normal -1 0 0
    outer loop
      vertex 0 79.9843 10.1394
      vertex 0 193.016 10.1394
      vertex 0 193.129 9.94997
    endloop
  endfacet
  facet normal -1 0 0
    outer loop
      vertex 0 79.8708 9.94997
      vertex 0 193.129 9.94997
      vertex 0 193.261 9.77262
    endloop
  endfacet
  facet normal -1 0 0
    outer loop
      vertex 0 79.7393 9.77262
      vertex 0 193.261 9.77262
      vertex 0 193.409 9.60901
    endloop
  endfacet
  facet normal -1 0 0
    outer loop
      vertex 0 79.591 9.60901
      vertex 0 193.409 9.60901
      vertex 0 193.573 9.46073
    endloop
  endfacet
  facet normal -1 0 0
    outer loop
      vertex 0 193.75 9.32919
      vertex 0 79.25 9.32919
      vertex 0 193.573 9.46073
    endloop
  endfacet
  facet normal -1 0 0
    outer loop
      vertex 0 192.761 10.9795
      vertex 0 80.2392 10.9795
      vertex 0 80.25 11.2
    endloop
  endfacet
  facet normal -1 0 0
    outer loop
      vertex 0 192.793 10.761
      vertex 0 80.2068 10.761
      vertex 0 80.2392 10.9795
    endloop
  endfacet
  facet normal -1 0 0
    outer loop
      vertex 0 192.847 10.5469
      vertex 0 80.1531 10.5469
      vertex 0 80.2068 10.761
    endloop
  endfacet
  facet normal -1 0 0
    outer loop
      vertex 0 192.921 10.339
      vertex 0 80.0787 10.339
      vertex 0 80.1531 10.5469
    endloop
  endfacet
  facet normal -1 0 0
    outer loop
      vertex 0 193.016 10.1394
      vertex 0 79.9843 10.1394
      vertex 0 80.0787 10.339
    endloop
  endfacet
  facet normal -1 0 0
    outer loop
      vertex 0 193.129 9.94997
      vertex 0 79.8708 9.94997
      vertex 0 79.9843 10.1394
    endloop
  endfacet
  facet normal -1 0 0
    outer loop
      vertex 0 193.261 9.77262
      vertex 0 79.7393 9.77262
      vertex 0 79.8708 9.94997
    endloop
  endfacet
  facet normal -1 0 0
    outer loop
      vertex 0 193.409 9.60901
      vertex 0 79.591 9.60901
      vertex 0 79.7393 9.77262
    endloop
  endfacet
  facet normal -1 0 0
    outer loop
      vertex 0 193.573 9.46073
      vertex 0 79.4274 9.46073
      vertex 0 79.591 9.60901
    endloop
  endfacet
  facet normal -1 -0 0
    outer loop
      vertex 0 193.573 9.46073
      vertex 0 79.25 9.32919
      vertex 0 79.4274 9.46073
    endloop
  endfacet
  facet normal -1 0 0
    outer loop
      vertex 0 206 0
      vertex 0 79.0606 9.21568
      vertex 0 79.25 9.32919
    endloop
  endfacet
  facet normal -1 0 0
    outer loop
      vertex 0 206 0
      vertex 0 78.861 9.12127
      vertex 0 79.0606 9.21568
    endloop
  endfacet
  facet normal -1 0 0
    outer loop
      vertex 0 206 0
      vertex 0 78.6531 9.04688
      vertex 0 78.861 9.12127
    endloop
  endfacet
  facet normal -1 0 0
    outer loop
      vertex 0 206 0
      vertex 0 78.4389 8.99323
      vertex 0 78.6531 9.04688
    endloop
  endfacet
  facet normal -1 0 0
    outer loop
      vertex 0 206 0
      vertex 0 78.2205 8.96083
      vertex 0 78.4389 8.99323
    endloop
  endfacet
  facet normal -1 0 0
    outer loop
      vertex 0 206 0
      vertex 0 78 8.95
      vertex 0 78.2205 8.96083
    endloop
  endfacet
  facet normal -1 0 0
    outer loop
      vertex 0 0 0
      vertex 0 78 8.95
      vertex 0 206 0
    endloop
  endfacet
  facet normal -1 -0 0
    outer loop
      vertex 0 75.7608 10.9795
      vertex 0 0 0
      vertex 0 75.75 11.2
    endloop
  endfacet
  facet normal -1 -0 0
    outer loop
      vertex 0 75.7932 10.761
      vertex 0 0 0
      vertex 0 75.7608 10.9795
    endloop
  endfacet
  facet normal -1 -0 0
    outer loop
      vertex 0 75.8469 10.5469
      vertex 0 0 0
      vertex 0 75.7932 10.761
    endloop
  endfacet
  facet normal -1 -0 0
    outer loop
      vertex 0 75.9213 10.339
      vertex 0 0 0
      vertex 0 75.8469 10.5469
    endloop
  endfacet
  facet normal -1 -0 0
    outer loop
      vertex 0 76.0157 10.1394
      vertex 0 0 0
      vertex 0 75.9213 10.339
    endloop
  endfacet
  facet normal -1 -0 0
    outer loop
      vertex 0 76.1292 9.94997
      vertex 0 0 0
      vertex 0 76.0157 10.1394
    endloop
  endfacet
  facet normal -1 -0 0
    outer loop
      vertex 0 76.2607 9.77262
      vertex 0 0 0
      vertex 0 76.1292 9.94997
    endloop
  endfacet
  facet normal -1 -0 0
    outer loop
      vertex 0 76.409 9.60901
      vertex 0 0 0
      vertex 0 76.2607 9.77262
    endloop
  endfacet
  facet normal -1 -0 0
    outer loop
      vertex 0 76.5726 9.46073
      vertex 0 0 0
      vertex 0 76.409 9.60901
    endloop
  endfacet
  facet normal -1 -0 0
    outer loop
      vertex 0 76.75 9.32919
      vertex 0 0 0
      vertex 0 76.5726 9.46073
    endloop
  endfacet
  facet normal -1 -0 0
    outer loop
      vertex 0 76.9394 9.21568
      vertex 0 0 0
      vertex 0 76.75 9.32919
    endloop
  endfacet
  facet normal -1 -0 0
    outer loop
      vertex 0 77.139 9.12127
      vertex 0 0 0
      vertex 0 76.9394 9.21568
    endloop
  endfacet
  facet normal -1 -0 0
    outer loop
      vertex 0 77.3469 9.04688
      vertex 0 0 0
      vertex 0 77.139 9.12127
    endloop
  endfacet
  facet normal -1 -0 0
    outer loop
      vertex 0 77.5611 8.99323
      vertex 0 0 0
      vertex 0 77.3469 9.04688
    endloop
  endfacet
  facet normal -1 -0 0
    outer loop
      vertex 0 77.7795 8.96083
      vertex 0 0 0
      vertex 0 77.5611 8.99323
    endloop
  endfacet
  facet normal -1 -0 0
    outer loop
      vertex 0 78 8.95
      vertex 0 0 0
      vertex 0 77.7795 8.96083
    endloop
  endfacet
  facet normal -1 0 0
    outer loop
      vertex 0 197.239 11.4205
      vertex 0 206 22.2
      vertex 0 197.25 11.2
    endloop
  endfacet
  facet normal -1 0 0
    outer loop
      vertex 0 197.207 11.639
      vertex 0 206 22.2
      vertex 0 197.239 11.4205
    endloop
  endfacet
  facet normal -1 0 0
    outer loop
      vertex 0 197.153 11.8531
      vertex 0 206 22.2
      vertex 0 197.207 11.639
    endloop
  endfacet
  facet normal -1 0 0
    outer loop
      vertex 0 197.079 12.061
      vertex 0 206 22.2
      vertex 0 197.153 11.8531
    endloop
  endfacet
  facet normal -1 0 0
    outer loop
      vertex 0 196.984 12.2606
      vertex 0 206 22.2
      vertex 0 197.079 12.061
    endloop
  endfacet
  facet normal -1 0 0
    outer loop
      vertex 0 196.871 12.45
      vertex 0 206 22.2
      vertex 0 196.984 12.2606
    endloop
  endfacet
  facet normal -1 0 0
    outer loop
      vertex 0 196.739 12.6274
      vertex 0 206 22.2
      vertex 0 196.871 12.45
    endloop
  endfacet
  facet normal -1 0 0
    outer loop
      vertex 0 196.591 12.791
      vertex 0 206 22.2
      vertex 0 196.739 12.6274
    endloop
  endfacet
  facet normal -1 0 0
    outer loop
      vertex 0 196.427 12.9393
      vertex 0 206 22.2
      vertex 0 196.591 12.791
    endloop
  endfacet
  facet normal -1 0 0
    outer loop
      vertex 0 196.25 13.0708
      vertex 0 206 22.2
      vertex 0 196.427 12.9393
    endloop
  endfacet
  facet normal -1 0 0
    outer loop
      vertex 0 196.061 13.1843
      vertex 0 206 22.2
      vertex 0 196.25 13.0708
    endloop
  endfacet
  facet normal -1 0 0
    outer loop
      vertex 0 195.861 13.2787
      vertex 0 206 22.2
      vertex 0 196.061 13.1843
    endloop
  endfacet
  facet normal -1 0 0
    outer loop
      vertex 0 195.653 13.3531
      vertex 0 206 22.2
      vertex 0 195.861 13.2787
    endloop
  endfacet
  facet normal -1 0 0
    outer loop
      vertex 0 195.439 13.4068
      vertex 0 206 22.2
      vertex 0 195.653 13.3531
    endloop
  endfacet
  facet normal -1 0 0
    outer loop
      vertex 0 195.221 13.4392
      vertex 0 206 22.2
      vertex 0 195.439 13.4068
    endloop
  endfacet
  facet normal -1 0 0
    outer loop
      vertex 0 195 13.45
      vertex 0 206 22.2
      vertex 0 195.221 13.4392
    endloop
  endfacet
  facet normal -1 0 0
    outer loop
      vertex 0 194.779 13.4392
      vertex 0 206 22.2
      vertex 0 195 13.45
    endloop
  endfacet
  facet normal -1 0 0
    outer loop
      vertex 0 194.561 13.4068
      vertex 0 206 22.2
      vertex 0 194.779 13.4392
    endloop
  endfacet
  facet normal -1 0 0
    outer loop
      vertex 0 194.347 13.3531
      vertex 0 206 22.2
      vertex 0 194.561 13.4068
    endloop
  endfacet
  facet normal -1 0 0
    outer loop
      vertex 0 194.139 13.2787
      vertex 0 206 22.2
      vertex 0 194.347 13.3531
    endloop
  endfacet
  facet normal -1 0 0
    outer loop
      vertex 0 193.939 13.1843
      vertex 0 206 22.2
      vertex 0 194.139 13.2787
    endloop
  endfacet
  facet normal -1 0 0
    outer loop
      vertex 0 193.75 13.0708
      vertex 0 206 22.2
      vertex 0 193.939 13.1843
    endloop
  endfacet
  facet normal -1 0 0
    outer loop
      vertex 0 79.25 13.0708
      vertex 0 193.75 13.0708
      vertex 0 193.573 12.9393
    endloop
  endfacet
  facet normal -1 0 0
    outer loop
      vertex 0 80.25 11.2
      vertex 0 192.761 11.4205
      vertex 0 192.75 11.2
    endloop
  endfacet
  facet normal -1 0 0
    outer loop
      vertex 0 80.2392 11.4205
      vertex 0 192.761 11.4205
      vertex 0 80.25 11.2
    endloop
  endfacet
  facet normal -1 0 0
    outer loop
      vertex 0 192.761 11.4205
      vertex 0 80.2392 11.4205
      vertex 0 192.793 11.639
    endloop
  endfacet
  facet normal -1 0 0
    outer loop
      vertex 0 80.2068 11.639
      vertex 0 192.793 11.639
      vertex 0 80.2392 11.4205
    endloop
  endfacet
  facet normal -1 0 0
    outer loop
      vertex 0 192.793 11.639
      vertex 0 80.2068 11.639
      vertex 0 192.847 11.8531
    endloop
  endfacet
  facet normal -1 0 0
    outer loop
      vertex 0 80.1531 11.8531
      vertex 0 192.847 11.8531
      vertex 0 80.2068 11.639
    endloop
  endfacet
  facet normal -1 0 0
    outer loop
      vertex 0 192.847 11.8531
      vertex 0 80.1531 11.8531
      vertex 0 192.921 12.061
    endloop
  endfacet
  facet normal -1 0 0
    outer loop
      vertex 0 80.0787 12.061
      vertex 0 192.921 12.061
      vertex 0 80.1531 11.8531
    endloop
  endfacet
  facet normal -1 0 0
    outer loop
      vertex 0 192.921 12.061
      vertex 0 80.0787 12.061
      vertex 0 193.016 12.2606
    endloop
  endfacet
  facet normal -1 0 0
    outer loop
      vertex 0 79.9843 12.2606
      vertex 0 193.016 12.2606
      vertex 0 80.0787 12.061
    endloop
  endfacet
  facet normal -1 0 0
    outer loop
      vertex 0 193.016 12.2606
      vertex 0 79.9843 12.2606
      vertex 0 193.129 12.45
    endloop
  endfacet
  facet normal -1 0 0
    outer loop
      vertex 0 79.8708 12.45
      vertex 0 193.129 12.45
      vertex 0 79.9843 12.2606
    endloop
  endfacet
  facet normal -1 0 0
    outer loop
      vertex 0 193.129 12.45
      vertex 0 79.8708 12.45
      vertex 0 193.261 12.6274
    endloop
  endfacet
  facet normal -1 0 0
    outer loop
      vertex 0 79.7393 12.6274
      vertex 0 193.261 12.6274
      vertex 0 79.8708 12.45
    endloop
  endfacet
  facet normal -1 0 0
    outer loop
      vertex 0 193.261 12.6274
      vertex 0 79.7393 12.6274
      vertex 0 193.409 12.791
    endloop
  endfacet
  facet normal -1 0 0
    outer loop
      vertex 0 79.591 12.791
      vertex 0 193.409 12.791
      vertex 0 79.7393 12.6274
    endloop
  endfacet
  facet normal -1 0 0
    outer loop
      vertex 0 193.409 12.791
      vertex 0 79.591 12.791
      vertex 0 193.573 12.9393
    endloop
  endfacet
  facet normal -1 0 0
    outer loop
      vertex 0 79.4274 12.9393
      vertex 0 193.573 12.9393
      vertex 0 79.591 12.791
    endloop
  endfacet
  facet normal -1 0 0
    outer loop
      vertex 0 79.25 13.0708
      vertex 0 193.573 12.9393
      vertex 0 79.4274 12.9393
    endloop
  endfacet
  facet normal -1 0 0
    outer loop
      vertex 0 193.75 13.0708
      vertex 0 79.25 13.0708
      vertex 0 206 22.2
    endloop
  endfacet
  facet normal -1 0 0
    outer loop
      vertex 0 79.0606 13.1843
      vertex 0 206 22.2
      vertex 0 79.25 13.0708
    endloop
  endfacet
  facet normal -1 0 0
    outer loop
      vertex 0 78.861 13.2787
      vertex 0 206 22.2
      vertex 0 79.0606 13.1843
    endloop
  endfacet
  facet normal -1 0 0
    outer loop
      vertex 0 78.6531 13.3531
      vertex 0 206 22.2
      vertex 0 78.861 13.2787
    endloop
  endfacet
  facet normal -1 0 0
    outer loop
      vertex 0 78.4389 13.4068
      vertex 0 206 22.2
      vertex 0 78.6531 13.3531
    endloop
  endfacet
  facet normal -1 0 0
    outer loop
      vertex 0 78.2205 13.4392
      vertex 0 206 22.2
      vertex 0 78.4389 13.4068
    endloop
  endfacet
  facet normal -1 0 0
    outer loop
      vertex 0 78 13.45
      vertex 0 206 22.2
      vertex 0 78.2205 13.4392
    endloop
  endfacet
  facet normal -1 0 0
    outer loop
      vertex 0 0 22.2
      vertex 0 78 13.45
      vertex 0 77.7795 13.4392
    endloop
  endfacet
  facet normal -1 0 0
    outer loop
      vertex 0 0 22.2
      vertex 0 75.75 11.2
      vertex 0 0 0
    endloop
  endfacet
  facet normal -1 0 0
    outer loop
      vertex 0 75.75 11.2
      vertex 0 0 22.2
      vertex 0 75.7608 11.4205
    endloop
  endfacet
  facet normal -1 0 0
    outer loop
      vertex 0 75.7608 11.4205
      vertex 0 0 22.2
      vertex 0 75.7932 11.639
    endloop
  endfacet
  facet normal -1 0 0
    outer loop
      vertex 0 75.7932 11.639
      vertex 0 0 22.2
      vertex 0 75.8469 11.8531
    endloop
  endfacet
  facet normal -1 0 0
    outer loop
      vertex 0 75.8469 11.8531
      vertex 0 0 22.2
      vertex 0 75.9213 12.061
    endloop
  endfacet
  facet normal -1 0 0
    outer loop
      vertex 0 75.9213 12.061
      vertex 0 0 22.2
      vertex 0 76.0157 12.2606
    endloop
  endfacet
  facet normal -1 0 0
    outer loop
      vertex 0 76.0157 12.2606
      vertex 0 0 22.2
      vertex 0 76.1292 12.45
    endloop
  endfacet
  facet normal -1 0 0
    outer loop
      vertex 0 76.1292 12.45
      vertex 0 0 22.2
      vertex 0 76.2607 12.6274
    endloop
  endfacet
  facet normal -1 0 0
    outer loop
      vertex 0 76.2607 12.6274
      vertex 0 0 22.2
      vertex 0 76.409 12.791
    endloop
  endfacet
  facet normal -1 0 0
    outer loop
      vertex 0 76.409 12.791
      vertex 0 0 22.2
      vertex 0 76.5726 12.9393
    endloop
  endfacet
  facet normal -1 0 0
    outer loop
      vertex 0 76.5726 12.9393
      vertex 0 0 22.2
      vertex 0 76.75 13.0708
    endloop
  endfacet
  facet normal -1 0 0
    outer loop
      vertex 0 76.75 13.0708
      vertex 0 0 22.2
      vertex 0 76.9394 13.1843
    endloop
  endfacet
  facet normal -1 0 0
    outer loop
      vertex 0 76.9394 13.1843
      vertex 0 0 22.2
      vertex 0 77.139 13.2787
    endloop
  endfacet
  facet normal -1 0 0
    outer loop
      vertex 0 77.139 13.2787
      vertex 0 0 22.2
      vertex 0 77.3469 13.3531
    endloop
  endfacet
  facet normal -1 0 0
    outer loop
      vertex 0 78 13.45
      vertex 0 0 22.2
      vertex 0 206 22.2
    endloop
  endfacet
  facet normal -1 0 0
    outer loop
      vertex 0 77.5611 13.4068
      vertex 0 0 22.2
      vertex 0 77.7795 13.4392
    endloop
  endfacet
  facet normal -1 0 0
    outer loop
      vertex 0 77.3469 13.3531
      vertex 0 0 22.2
      vertex 0 77.5611 13.4068
    endloop
  endfacet
  facet normal 0 0 -1
    outer loop
      vertex 11.84 0 0
      vertex 0 0 0
      vertex 11.84 7.56252 0
    endloop
  endfacet
  facet normal 0 0 -1
    outer loop
      vertex 16.16 7.56252 0
      vertex 65.84 7.56252 0
      vertex 65.84 0 0
    endloop
  endfacet
  facet normal 0 0 -1
    outer loop
      vertex 16.16 7.56252 0
      vertex 65.84 0 0
      vertex 16.16 0 0
    endloop
  endfacet
  facet normal 0 0 -1
    outer loop
      vertex 65.84 7.56252 0
      vertex 16.16 7.56252 0
      vertex 16.1548 7.66927 0
    endloop
  endfacet
  facet normal 0 0 -1
    outer loop
      vertex 65.84 7.56252 0
      vertex 16.1548 7.66927 0
      vertex 16.1502 7.76178 0
    endloop
  endfacet
  facet normal 0 0 -1
    outer loop
      vertex 65.84 7.56252 0
      vertex 16.1502 7.76178 0
      vertex 16.1348 7.86579 0
    endloop
  endfacet
  facet normal 0 0 -1
    outer loop
      vertex 65.84 7.56252 0
      vertex 16.1348 7.86579 0
      vertex 16.1191 7.9715 0
    endloop
  endfacet
  facet normal 0 0 -1
    outer loop
      vertex 65.84 7.56252 0
      vertex 16.1191 7.9715 0
      vertex 16.0935 8.07351 0
    endloop
  endfacet
  facet normal 0 0 -1
    outer loop
      vertex 65.84 7.56252 0
      vertex 16.0935 8.07351 0
      vertex 16.0676 8.17718 0
    endloop
  endfacet
  facet normal 0 0 -1
    outer loop
      vertex 65.84 7.56252 0
      vertex 16.0676 8.17718 0
      vertex 16.0322 8.2762 0
    endloop
  endfacet
  facet normal 0 0 -1
    outer loop
      vertex 65.84 7.56252 0
      vertex 16.0322 8.2762 0
      vertex 15.9961 8.37682 0
    endloop
  endfacet
  facet normal 0 0 -1
    outer loop
      vertex 65.84 7.56252 0
      vertex 15.9961 8.37682 0
      vertex 15.9505 8.47343 0
    endloop
  endfacet
  facet normal 0 0 -1
    outer loop
      vertex 65.84 7.56252 0
      vertex 15.9505 8.47343 0
      vertex 15.9055 8.56851 0
    endloop
  endfacet
  facet normal 0 0 -1
    outer loop
      vertex 65.84 7.56252 0
      vertex 15.9055 8.56851 0
      vertex 15.8505 8.66018 0
    endloop
  endfacet
  facet normal 0 0 -1
    outer loop
      vertex 65.84 7.56252 0
      vertex 15.8505 8.66018 0
      vertex 15.7965 8.75038 0
    endloop
  endfacet
  facet normal 0 0 -1
    outer loop
      vertex 65.84 7.56252 0
      vertex 15.7965 8.75038 0
      vertex 15.7338 8.83484 0
    endloop
  endfacet
  facet normal 0 0 -1
    outer loop
      vertex 65.84 7.56252 0
      vertex 15.7338 8.83484 0
      vertex 15.6702 8.92068 0
    endloop
  endfacet
  facet normal 0 0 -1
    outer loop
      vertex 65.84 7.56252 0
      vertex 15.6702 8.92068 0
      vertex 15.5995 8.99861 0
    endloop
  endfacet
  facet normal 0 0 -1
    outer loop
      vertex 65.84 7.56252 0
      vertex 15.5995 8.99861 0
      vertex 15.5278 9.0778 0
    endloop
  endfacet
  facet normal 0 0 -1
    outer loop
      vertex 65.84 7.56252 0
      vertex 15.5278 9.0778 0
      vertex 15.4486 9.14957 0
    endloop
  endfacet
  facet normal 0 0 -1
    outer loop
      vertex 65.84 7.56252 0
      vertex 15.4486 9.14957 0
      vertex 15.3707 9.22017 0
    endloop
  endfacet
  facet normal 0 0 -1
    outer loop
      vertex 65.84 7.56252 0
      vertex 15.3707 9.22017 0
      vertex 15.2862 9.28282 0
    endloop
  endfacet
  facet normal 0 0 -1
    outer loop
      vertex 65.84 7.56252 0
      vertex 15.2862 9.28282 0
      vertex 15.2004 9.34648 0
    endloop
  endfacet
  facet normal 0 0 -1
    outer loop
      vertex 65.84 7.56252 0
      vertex 15.2004 9.34648 0
      vertex 15.1087 9.40142 0
    endloop
  endfacet
  facet normal 0 0 -1
    outer loop
      vertex 65.84 7.56252 0
      vertex 15.1087 9.40142 0
      vertex 15.0185 9.45549 0
    endloop
  endfacet
  facet normal 0 0 -1
    outer loop
      vertex 14.9219 9.50119 0
      vertex 65.84 7.56252 0
      vertex 15.0185 9.45549 0
    endloop
  endfacet
  facet normal 0 0 -1
    outer loop
      vertex 14.8268 9.54614 0
      vertex 65.84 7.56252 0
      vertex 14.9219 9.50119 0
    endloop
  endfacet
  facet normal 0 0 -1
    outer loop
      vertex 14.7262 9.58215 0
      vertex 65.84 7.56252 0
      vertex 14.8268 9.54614 0
    endloop
  endfacet
  facet normal 0 0 -1
    outer loop
      vertex 14.6272 9.61757 0
      vertex 65.84 7.56252 0
      vertex 14.7262 9.58215 0
    endloop
  endfacet
  facet normal 0 0 -1
    outer loop
      vertex 65.84 7.56252 0
      vertex 14.6272 9.61757 0
      vertex 40 206 0
    endloop
  endfacet
  facet normal 0 0 -1
    outer loop
      vertex 14.5252 9.64313 0
      vertex 40 206 0
      vertex 14.6272 9.61757 0
    endloop
  endfacet
  facet normal 0 0 -1
    outer loop
      vertex 14.4215 9.66909 0
      vertex 40 206 0
      vertex 14.5252 9.64313 0
    endloop
  endfacet
  facet normal 0 0 -1
    outer loop
      vertex 14.3158 9.68478 0
      vertex 40 206 0
      vertex 14.4215 9.66909 0
    endloop
  endfacet
  facet normal 0 0 -1
    outer loop
      vertex 14.2118 9.7002 0
      vertex 40 206 0
      vertex 14.3158 9.68478 0
    endloop
  endfacet
  facet normal 0 0 -1
    outer loop
      vertex 14.1067 9.70537 0
      vertex 40 206 0
      vertex 14.2118 9.7002 0
    endloop
  endfacet
  facet normal 0 0 -1
    outer loop
      vertex 0 206 0
      vertex 14.1067 9.70537 0
      vertex 14 9.71062 0
    endloop
  endfacet
  facet normal 0 0 -1
    outer loop
      vertex 0 206 0
      vertex 14 9.71062 0
      vertex 13.8933 9.70537 0
    endloop
  endfacet
  facet normal 0 0 -1
    outer loop
      vertex 0 206 0
      vertex 13.8933 9.70537 0
      vertex 13.7882 9.7002 0
    endloop
  endfacet
  facet normal 0 0 -1
    outer loop
      vertex 0 206 0
      vertex 13.7882 9.7002 0
      vertex 13.6842 9.68478 0
    endloop
  endfacet
  facet normal 0 0 -1
    outer loop
      vertex 0 206 0
      vertex 13.6842 9.68478 0
      vertex 13.5785 9.66909 0
    endloop
  endfacet
  facet normal 0 0 -1
    outer loop
      vertex 0 206 0
      vertex 13.5785 9.66909 0
      vertex 13.4748 9.64313 0
    endloop
  endfacet
  facet normal 0 0 -1
    outer loop
      vertex 0 206 0
      vertex 13.4748 9.64313 0
      vertex 13.3728 9.61757 0
    endloop
  endfacet
  facet normal 0 0 -1
    outer loop
      vertex 0 206 0
      vertex 13.3728 9.61757 0
      vertex 13.2738 9.58215 0
    endloop
  endfacet
  facet normal 0 0 -1
    outer loop
      vertex 0 206 0
      vertex 13.2738 9.58215 0
      vertex 13.1732 9.54614 0
    endloop
  endfacet
  facet normal 0 0 -1
    outer loop
      vertex 0 206 0
      vertex 13.1732 9.54614 0
      vertex 13.0781 9.50119 0
    endloop
  endfacet
  facet normal 0 0 -1
    outer loop
      vertex 0 206 0
      vertex 13.0781 9.50119 0
      vertex 12.9815 9.45549 0
    endloop
  endfacet
  facet normal 0 0 -1
    outer loop
      vertex 0 206 0
      vertex 12.9815 9.45549 0
      vertex 12.8913 9.40142 0
    endloop
  endfacet
  facet normal 0 0 -1
    outer loop
      vertex 0 206 0
      vertex 12.8913 9.40142 0
      vertex 12.7996 9.34648 0
    endloop
  endfacet
  facet normal 0 0 -1
    outer loop
      vertex 0 206 0
      vertex 12.7996 9.34648 0
      vertex 12.7138 9.28282 0
    endloop
  endfacet
  facet normal 0 0 -1
    outer loop
      vertex 0 206 0
      vertex 12.7138 9.28282 0
      vertex 12.6293 9.22017 0
    endloop
  endfacet
  facet normal 0 0 -1
    outer loop
      vertex 0 0 0
      vertex 12.6293 9.22017 0
      vertex 12.5514 9.14957 0
    endloop
  endfacet
  facet normal 0 0 -1
    outer loop
      vertex 0 0 0
      vertex 12.5514 9.14957 0
      vertex 12.4722 9.0778 0
    endloop
  endfacet
  facet normal 0 0 -1
    outer loop
      vertex 0 0 0
      vertex 12.4722 9.0778 0
      vertex 12.4005 8.99861 0
    endloop
  endfacet
  facet normal 0 0 -1
    outer loop
      vertex 0 0 0
      vertex 12.4005 8.99861 0
      vertex 12.3298 8.92068 0
    endloop
  endfacet
  facet normal 0 0 -1
    outer loop
      vertex 0 0 0
      vertex 12.3298 8.92068 0
      vertex 12.2662 8.83484 0
    endloop
  endfacet
  facet normal 0 0 -1
    outer loop
      vertex 0 0 0
      vertex 12.2662 8.83484 0
      vertex 12.2035 8.75038 0
    endloop
  endfacet
  facet normal 0 0 -1
    outer loop
      vertex 0 0 0
      vertex 12.2035 8.75038 0
      vertex 12.1494 8.66018 0
    endloop
  endfacet
  facet normal 0 0 -1
    outer loop
      vertex 0 0 0
      vertex 12.1494 8.66018 0
      vertex 12.0945 8.56851 0
    endloop
  endfacet
  facet normal 0 0 -1
    outer loop
      vertex 0 0 0
      vertex 12.0945 8.56851 0
      vertex 12.0495 8.47343 0
    endloop
  endfacet
  facet normal 0 0 -1
    outer loop
      vertex 0 0 0
      vertex 12.0495 8.47343 0
      vertex 12.0038 8.37682 0
    endloop
  endfacet
  facet normal 0 0 -1
    outer loop
      vertex 0 0 0
      vertex 12.0038 8.37682 0
      vertex 11.9678 8.2762 0
    endloop
  endfacet
  facet normal 0 0 -1
    outer loop
      vertex 0 0 0
      vertex 11.9678 8.2762 0
      vertex 11.9324 8.17718 0
    endloop
  endfacet
  facet normal 0 0 -1
    outer loop
      vertex 0 0 0
      vertex 11.9324 8.17718 0
      vertex 11.9064 8.07351 0
    endloop
  endfacet
  facet normal 0 0 -1
    outer loop
      vertex 0 0 0
      vertex 11.9064 8.07351 0
      vertex 11.8809 7.9715 0
    endloop
  endfacet
  facet normal 0 0 -1
    outer loop
      vertex 0 0 0
      vertex 11.8809 7.9715 0
      vertex 11.8652 7.86579 0
    endloop
  endfacet
  facet normal 0 0 -1
    outer loop
      vertex 0 0 0
      vertex 11.8652 7.86579 0
      vertex 11.8498 7.76178 0
    endloop
  endfacet
  facet normal 0 0 -1
    outer loop
      vertex 0 0 0
      vertex 11.8452 7.66927 0
      vertex 11.84 7.56252 0
    endloop
  endfacet
  facet normal 0 0 -1
    outer loop
      vertex 0 0 0
      vertex 11.8498 7.76178 0
      vertex 11.8452 7.66927 0
    endloop
  endfacet
  facet normal -0 0 -1
    outer loop
      vertex 12.6293 9.22017 0
      vertex 0 0 0
      vertex 0 206 0
    endloop
  endfacet
  facet normal 0 0 -1
    outer loop
      vertex 14.1067 9.70537 0
      vertex 0 206 0
      vertex 40 206 0
    endloop
  endfacet
  facet normal 0 0 -1
    outer loop
      vertex 70.16 7.56252 0
      vertex 80 0 0
      vertex 70.16 0 0
    endloop
  endfacet
  facet normal 0 0 -1
    outer loop
      vertex 70.1548 7.66927 0
      vertex 80 0 0
      vertex 70.16 7.56252 0
    endloop
  endfacet
  facet normal 0 0 -1
    outer loop
      vertex 70.1502 7.76178 0
      vertex 80 0 0
      vertex 70.1548 7.66927 0
    endloop
  endfacet
  facet normal 0 0 -1
    outer loop
      vertex 70.1348 7.86579 0
      vertex 80 0 0
      vertex 70.1502 7.76178 0
    endloop
  endfacet
  facet normal 0 0 -1
    outer loop
      vertex 70.1191 7.9715 0
      vertex 80 0 0
      vertex 70.1348 7.86579 0
    endloop
  endfacet
  facet normal 0 0 -1
    outer loop
      vertex 70.0936 8.07351 0
      vertex 80 0 0
      vertex 70.1191 7.9715 0
    endloop
  endfacet
  facet normal 0 0 -1
    outer loop
      vertex 70.0676 8.17718 0
      vertex 80 0 0
      vertex 70.0936 8.07351 0
    endloop
  endfacet
  facet normal 0 0 -1
    outer loop
      vertex 70.0322 8.2762 0
      vertex 80 0 0
      vertex 70.0676 8.17718 0
    endloop
  endfacet
  facet normal 0 0 -1
    outer loop
      vertex 69.9961 8.37682 0
      vertex 80 0 0
      vertex 70.0322 8.2762 0
    endloop
  endfacet
  facet normal 0 0 -1
    outer loop
      vertex 69.9505 8.47343 0
      vertex 80 0 0
      vertex 69.9961 8.37682 0
    endloop
  endfacet
  facet normal 0 0 -1
    outer loop
      vertex 69.9055 8.56851 0
      vertex 80 0 0
      vertex 69.9505 8.47343 0
    endloop
  endfacet
  facet normal 0 0 -1
    outer loop
      vertex 80 0 0
      vertex 69.9055 8.56851 0
      vertex 80 35 0
    endloop
  endfacet
  facet normal 0 0 -1
    outer loop
      vertex 69.8505 8.66018 0
      vertex 80 35 0
      vertex 69.9055 8.56851 0
    endloop
  endfacet
  facet normal 0 0 -1
    outer loop
      vertex 69.7965 8.75038 0
      vertex 80 35 0
      vertex 69.8505 8.66018 0
    endloop
  endfacet
  facet normal 0 0 -1
    outer loop
      vertex 69.7338 8.83484 0
      vertex 80 35 0
      vertex 69.7965 8.75038 0
    endloop
  endfacet
  facet normal 0 0 -1
    outer loop
      vertex 69.6702 8.92068 0
      vertex 80 35 0
      vertex 69.7338 8.83484 0
    endloop
  endfacet
  facet normal 0 0 -1
    outer loop
      vertex 69.5995 8.99861 0
      vertex 80 35 0
      vertex 69.6702 8.92068 0
    endloop
  endfacet
  facet normal 0 0 -1
    outer loop
      vertex 69.5278 9.0778 0
      vertex 80 35 0
      vertex 69.5995 8.99861 0
    endloop
  endfacet
  facet normal 0 0 -1
    outer loop
      vertex 69.4486 9.14957 0
      vertex 80 35 0
      vertex 69.5278 9.0778 0
    endloop
  endfacet
  facet normal 0 0 -1
    outer loop
      vertex 69.3707 9.22017 0
      vertex 80 35 0
      vertex 69.4486 9.14957 0
    endloop
  endfacet
  facet normal 0 0 -1
    outer loop
      vertex 69.2862 9.28282 0
      vertex 80 35 0
      vertex 69.3707 9.22017 0
    endloop
  endfacet
  facet normal 0 0 -1
    outer loop
      vertex 69.2004 9.34648 0
      vertex 80 35 0
      vertex 69.2862 9.28282 0
    endloop
  endfacet
  facet normal 0 0 -1
    outer loop
      vertex 69.1087 9.40142 0
      vertex 80 35 0
      vertex 69.2004 9.34648 0
    endloop
  endfacet
  facet normal 0 0 -1
    outer loop
      vertex 69.0185 9.45549 0
      vertex 80 35 0
      vertex 69.1087 9.40142 0
    endloop
  endfacet
  facet normal 0 0 -1
    outer loop
      vertex 68.9219 9.50119 0
      vertex 80 35 0
      vertex 69.0185 9.45549 0
    endloop
  endfacet
  facet normal 0 0 -1
    outer loop
      vertex 68.8268 9.54614 0
      vertex 80 35 0
      vertex 68.9219 9.50119 0
    endloop
  endfacet
  facet normal 0 0 -1
    outer loop
      vertex 68.7262 9.58215 0
      vertex 80 35 0
      vertex 68.8268 9.54614 0
    endloop
  endfacet
  facet normal 0 0 -1
    outer loop
      vertex 68.6272 9.61757 0
      vertex 80 35 0
      vertex 68.7262 9.58215 0
    endloop
  endfacet
  facet normal 0 0 -1
    outer loop
      vertex 68.5252 9.64313 0
      vertex 80 35 0
      vertex 68.6272 9.61757 0
    endloop
  endfacet
  facet normal 0 0 -1
    outer loop
      vertex 68.4215 9.66909 0
      vertex 80 35 0
      vertex 68.5252 9.64313 0
    endloop
  endfacet
  facet normal 0 0 -1
    outer loop
      vertex 68.3158 9.68478 0
      vertex 80 35 0
      vertex 68.4215 9.66909 0
    endloop
  endfacet
  facet normal 0 0 -1
    outer loop
      vertex 68.2118 9.7002 0
      vertex 80 35 0
      vertex 68.3158 9.68478 0
    endloop
  endfacet
  facet normal 0 0 -1
    outer loop
      vertex 68.1067 9.70537 0
      vertex 80 35 0
      vertex 68.2118 9.7002 0
    endloop
  endfacet
  facet normal 0 0 -1
    outer loop
      vertex 68 9.71062 0
      vertex 80 35 0
      vertex 68.1067 9.70537 0
    endloop
  endfacet
  facet normal 0 0 -1
    outer loop
      vertex 67.8933 9.70537 0
      vertex 80 35 0
      vertex 68 9.71062 0
    endloop
  endfacet
  facet normal 0 0 -1
    outer loop
      vertex 67.7882 9.7002 0
      vertex 80 35 0
      vertex 67.8933 9.70537 0
    endloop
  endfacet
  facet normal 0 0 -1
    outer loop
      vertex 67.6842 9.68478 0
      vertex 80 35 0
      vertex 67.7882 9.7002 0
    endloop
  endfacet
  facet normal 0 0 -1
    outer loop
      vertex 67.5785 9.66909 0
      vertex 80 35 0
      vertex 67.6842 9.68478 0
    endloop
  endfacet
  facet normal 0 0 -1
    outer loop
      vertex 67.4748 9.64313 0
      vertex 80 35 0
      vertex 67.5785 9.66909 0
    endloop
  endfacet
  facet normal 0 0 -1
    outer loop
      vertex 67.3728 9.61757 0
      vertex 80 35 0
      vertex 67.4748 9.64313 0
    endloop
  endfacet
  facet normal 0 0 -1
    outer loop
      vertex 67.2738 9.58215 0
      vertex 80 35 0
      vertex 67.3728 9.61757 0
    endloop
  endfacet
  facet normal 0 0 -1
    outer loop
      vertex 67.1732 9.54614 0
      vertex 80 35 0
      vertex 67.2738 9.58215 0
    endloop
  endfacet
  facet normal 0 0 -1
    outer loop
      vertex 67.0781 9.50119 0
      vertex 80 35 0
      vertex 67.1732 9.54614 0
    endloop
  endfacet
  facet normal 0 0 -1
    outer loop
      vertex 66.9815 9.45549 0
      vertex 80 35 0
      vertex 67.0781 9.50119 0
    endloop
  endfacet
  facet normal 0 0 -1
    outer loop
      vertex 66.8913 9.40142 0
      vertex 80 35 0
      vertex 66.9815 9.45549 0
    endloop
  endfacet
  facet normal 0 0 -1
    outer loop
      vertex 66.7996 9.34648 0
      vertex 80 35 0
      vertex 66.8913 9.40142 0
    endloop
  endfacet
  facet normal 0 0 -1
    outer loop
      vertex 66.7138 9.28282 0
      vertex 80 35 0
      vertex 66.7996 9.34648 0
    endloop
  endfacet
  facet normal 0 0 -1
    outer loop
      vertex 66.6293 9.22017 0
      vertex 80 35 0
      vertex 66.7138 9.28282 0
    endloop
  endfacet
  facet normal 0 0 -1
    outer loop
      vertex 66.5514 9.14957 0
      vertex 80 35 0
      vertex 66.6293 9.22017 0
    endloop
  endfacet
  facet normal 0 0 -1
    outer loop
      vertex 66.4722 9.0778 0
      vertex 80 35 0
      vertex 66.5514 9.14957 0
    endloop
  endfacet
  facet normal 0 0 -1
    outer loop
      vertex 66.4005 8.99861 0
      vertex 80 35 0
      vertex 66.4722 9.0778 0
    endloop
  endfacet
  facet normal 0 0 -1
    outer loop
      vertex 66.3298 8.92068 0
      vertex 80 35 0
      vertex 66.4005 8.99861 0
    endloop
  endfacet
  facet normal 0 0 -1
    outer loop
      vertex 66.2662 8.83484 0
      vertex 80 35 0
      vertex 66.3298 8.92068 0
    endloop
  endfacet
  facet normal 0 0 -1
    outer loop
      vertex 66.2035 8.75038 0
      vertex 80 35 0
      vertex 66.2662 8.83484 0
    endloop
  endfacet
  facet normal 0 0 -1
    outer loop
      vertex 40 206 0
      vertex 66.2035 8.75038 0
      vertex 66.1495 8.66018 0
    endloop
  endfacet
  facet normal 0 0 -1
    outer loop
      vertex 40 206 0
      vertex 66.1495 8.66018 0
      vertex 66.0945 8.56851 0
    endloop
  endfacet
  facet normal 0 0 1
    outer loop
      vertex 66.0038 8.37682 0
      vertex 66.0945 8.56851 0
      vertex 66.0495 8.47343 0
    endloop
  endfacet
  facet normal 0 0 1
    outer loop
      vertex 65.9324 8.17718 0
      vertex 66.0038 8.37682 0
      vertex 65.9678 8.2762 0
    endloop
  endfacet
  facet normal 0 0 1
    outer loop
      vertex 65.8809 7.9715 0
      vertex 65.9324 8.17718 0
      vertex 65.9064 8.07351 0
    endloop
  endfacet
  facet normal 0 0 -1
    outer loop
      vertex 66.2035 8.75038 0
      vertex 40 206 0
      vertex 80 35 0
    endloop
  endfacet
  facet normal 0 0 -1
    outer loop
      vertex 66.0038 8.37682 0
      vertex 40 206 0
      vertex 66.0945 8.56851 0
    endloop
  endfacet
  facet normal 0 0 -1
    outer loop
      vertex 65.9324 8.17718 0
      vertex 40 206 0
      vertex 66.0038 8.37682 0
    endloop
  endfacet
  facet normal 0 0 -1
    outer loop
      vertex 65.8809 7.9715 0
      vertex 40 206 0
      vertex 65.9324 8.17718 0
    endloop
  endfacet
  facet normal 0 0 -1
    outer loop
      vertex 65.8652 7.86579 0
      vertex 40 206 0
      vertex 65.8809 7.9715 0
    endloop
  endfacet
  facet normal 0 0 -1
    outer loop
      vertex 65.8498 7.76178 0
      vertex 40 206 0
      vertex 65.8652 7.86579 0
    endloop
  endfacet
  facet normal 0 0 -1
    outer loop
      vertex 65.8452 7.66927 0
      vertex 40 206 0
      vertex 65.8498 7.76178 0
    endloop
  endfacet
  facet normal 0 0 -1
    outer loop
      vertex 40 206 0
      vertex 65.8452 7.66927 0
      vertex 65.84 7.56252 0
    endloop
  endfacet
endsolid OpenSCAD_Model
